{"Data":{"Next":null,"NoFooter":false,"PoemOutDict":false,"Titles":[],"Number":null},"Active":true,"Catalog":"5eeb5170ee6d7619745b6675","Description":"<h3>ИМПУЛЬС ЭНЕРГИИ ДУХОВНОЙ ВОЛНЫ НА ОЧИЩЕНИЕ ПЛАНЕТЫ И ФОРМИРОВАНИЕ ПРОСТРАНСТВА СВЯТОЙ РУСИ!</h3>","Files":[{"Id":"67e51097f8236a76bc659797","Path":"2-Timekeeping_Spiritual_Wave.jpg","Name":"2-Timekeeping_Spiritual_Wave.jpg","Store":0,"NoToGallery":false},{"Id":"67e51098f8236a76bc65979b","Path":"3-The_Path_of_the_impulse.jpg","Name":"3-The_Path_of_the_impulse.jpg","Store":0,"NoToGallery":false}],"Date":"2025-10-17T00:00:00+03:00","DateChange":"2025-10-17T03:10:03.098+03:00","Link":"","Id":"62195b9e5d5a11c6eb22ae89","Srv":"otk","Deleted":false,"Titles":["ДУХОВНАЯ ВОЛНА"]}
{"Data":{"Next":null,"NoFooter":false,"PoemOutDict":false,"Titles":null,"Number":"№16 (3440)"},"Active":true,"Catalog":"570ef2fcd07cda3e16f93ef7","Description":"<p class=\"poem\">Пора начинать Преображение, ждать уже нечего!<br>\nНо, Преображение надо, всегда, заранее, готовить!<br>\nНельзя относиться, ко времени, никогда, беспечно!<br>\nНадо сделать так, чтобы уже ничего не остановить!</p>\n\n<p class=\"poem\">Всё упирается в людей, а, главное, в Духе команду!<br>\nВот, когда нужна Идеология и строгий порядок!<br>\nИдеология &ndash; это Единая, для всех, в Сознании Звезда!<br>\nГлавное, усвоенный всеми и сразу, общий урок!</p>\n\n<p class=\"poem\">Этого хватает, у самой, России в избытке!<br>\nБыл Союз, и была Идеология Равенства и Любви!<br>\nУ России, изменить этот Мир, была первая попытка:<br>\nПостроить государство Равенства, без крови!</p>\n\n<p class=\"poem\">Построить, страну Равенства, трудно, ибо это слова!<br>\nРавенство &ndash; это жизнь в Любви, значит, в действии!<br>\nРавенство &ndash; это идеологическая, навсегда, Основа!<br>\nЭто общество Равенства и Любви, как следствие!</p>\n\n<p class=\"poem\"><b>Вот, с этим оказалось плохо, ибо никто не знал, что это?<br>\nОдно дело, теория, и совсем, другое реальная жизнь!<br>\nНикто, из людей, не спросил, тогда, Создателя об этом!<br>\nЛюди, стали насильно менять людей быт!</b></p>\n\n<p class=\"poem\">Нужны были Знания, Идеология и объяснения!<br>\nРоссия, тогда поспешила с результатом, как всегда!<br>\nНикто не понял, что такое Сознания Преображение?<br>\nПотекла, по России, алой крови река!</p>\n\n<p class=\"poem\">Теперь, всё будет на Руси, не так, как, тогда было!<br>\nСоздатель, вновь, привлёк Русский Народ!<br>\nСоздатель, Знаниями, через, Пророка, мозги промыл!<br>\nПотом, на фоне Гражданской войны, начал Переход!</p>\n\n<p class=\"poem\">Результат, дала двадцатилетняя подготовка, людей!<br>\nВосстановлена, Идеология Равенства, с помощью Создателя!<br>\nВ конце Пятой Эпохи, необходимость этого, стала видней!<br>\nНельзя, будет жить в Новой Эпохе, на уровне обывателя!</p>\n\n<p class=\"poem\">Эволюция &ndash; это порядок Мирового Пространства!<br>\nСегодня, люди оказались на стыке Мировых Эпох!<br>\nДля людей, будет Квантовый Переход, и никаких странствий!<br>\nСоздатель, хочет очистить Новый Мир, от прошлых помех!</p>\n\n<p class=\"poem\">На Первую Роль, выходит Россия, как имеющая Знания!<br>\nДля Неё Равенство и Любовь есть Промысел Создателя!<br>\nУ России, проснулось Ответственности понимание!<br>\nИбо, Квантовый переход, не пройдёт ни один обыватель!</p>\n\n<p class=\"poem\">Теперь, Россия осознанно, спешит вперёд!<br>\nИбо, Ей суждено, изменить людей Сознание!<br>\nЕй, придётся преобразить человеческий Род!<br>\nРоссия, на это, получила от Бога, Задание!</p>\n\n<p class=\"poem\">Россия, должна подготовить Правила и Порядок!<br>\nЛюди не должны будут, идти толпой к Богу!<br>\nДолжен быть в Духе, организованный, поток!<br>\nРоссия, должна подготовить в Духе людей, в Итоге!</p>\n\n<p class=\"poem\"><b>Россия, должна и, сама, пройти все испытания!<br>\nДля этих Испытаний, Россия, готовит, Инструкцию!<br>\nНельзя переход в Боги, превращать в страдания!<br>\nШестая Эпоха для Богов, есть Октаэдра Конструкция!</b></p>\n\n<p class=\"poem\">Россия, должна, человечеству всё это, объяснить!<br>\nПовторяю, подтверждая всё это, документами!<br>\nРоссии, первой, придётся по-Новому жить!<br>\nФормируя, очень знакомые, в теории, элементы!</p>\n\n<p class=\"poem\">Времени нет, надо готовить, всё срочно!<br>\nЭта Весть, уже достигла Вселенских высот!<br>\nРоссия, должна быть готова, всё выполнить, точно!<br>\nРоссия, первой пойдёт в Полёт!</p>\n\n<p class=\"poem\">Тьма, больше не пойдёт против Вас!<br>\nИбо, Россия имеет от Создателя, прямое, Задание!<br>\nНаступает, России, Исторический час!<br>\nРоссия, приковала всех Вселенных, к себе, внимание!</p>\n\n<p class=\"noind\">Да будет Свет Истины!<br>\nОтец Абсолют или Высший Космический Разум!</p>","Files":null,"Date":"2025-10-16T11:00:15+03:00","DateChange":"2025-10-16T11:07:10.282+03:00","Link":"poems/16.10.25","Id":"68f0a6515b51c165139aa712","Srv":"otk","Deleted":false,"Titles":["Времени нет, надо готовить, всё срочно!"]}
{"Data":{"Next":"poems/16.10.25","NoFooter":false,"PoemOutDict":false,"Titles":null,"Number":"№15 (3439)"},"Active":true,"Catalog":"570ef2fcd07cda3e16f93ef7","Description":"<p class=\"poem\">Все в ожидании, что предпримет Россия?<br>\nТеперь, от Её активности зависит Мир!<br>\nУ Неё, Спасителя этого Мира, Миссия!<br>\nУ Неё, на Создателя этого Мира, ориентир!</p>\n\n<p class=\"poem\">Теперь, важнее всего, Дух и Желание!<br>\nРоссия, для всех, неожиданно, встала с колен!<br>\nК Ней вернулось, Судьбы своей понимание!<br>\nРусь, осознала, что Мира сего, Она &ndash; Суверен!</p>\n\n<p class=\"poem\">Такого не было, ни у кого в Сознании!<br>\nОтветственность за Мир &ndash; это серьёзный шаг!<br>\nУ России, от Создателя, есть Знания!<br>\nЕё предложения для, Мира сего, сегодня аншлаг!</p>\n\n<p class=\"poem\">Россия начинает менять Основу Мира и себя!<br>\nОна, перестраивает Суть Идеологии!<br>\nСоздателем, указана Её Новая, в Небо стезя!<br>\nРоссия, готовит Новой жизни, другую логику!</p>\n\n<p class=\"poem\">Теперь, под Знаменем Создателя, соберутся все!<br>\nЛюди, поняли, что Мир, дороже конфликта!<br>\nЛюди, будут готовиться, к Новой Весне!<br>\nНе будет больше, на Земле, политического флирта!</p>\n\n<p class=\"poem\">Россия, готовит Декларацию и к ней условия!<br>\nРоссия, разрабатывает и для Мира Программу!<br>\nМиру, теперь, не нужны никакие сословия!<br>\nЖизнь человека, дороже, даже, Вечности грамма!</p>\n\n<p class=\"poem\">Россия, докажет Миру, что всему есть обоснование!<br>\nОна подписала с Богом, Исторический Договор!<br>\nЭволюция &ndash; это Нового Мира становление!<br>\nСоздатель, хочет смести с Планеты грехов, сор!</p>\n\n<p class=\"poem\">Россия, готовит всю переписку времён!<br>\nОна, прошла к Соглашению с Богом долгий Путь!<br>\nМир, увидит список Исторических имён!<br>\nРоссия, для Планеты, есть Единства Суть!</p>\n\n<p class=\"poem\">Теперь, Россия должна сказать людям,<br>\nЧто Путь в Небо, предрешён Создателем!<br>\nЧто Путь в Небо, подобен Святым Огням!<br>\nНадо пройти этот Путь, людям, обязательно!</p>\n\n<p class=\"poem\">Отступать от этого Выбора, уже нельзя!<br>\nЕй открывать эту дверь для человечества!<br>\nПовторяю, что это, Единственная стезя,<br>\nПо которой, пойдёт в Рай, Отечество!</p>\n\n<p class=\"poem\">Люди пойдут за Русью, по традиции!<br>\nТак было много веков и Эпох!<br>\nУ России от Создателя, есть акция!<br>\nСоздатель, через Неё, ведёт людей к Эпохе!</p>\n\n<p class=\"poem\">Россия, идёт в Небо, с Белым Царём, во главе!<br>\nТак, было решено, в Самом Начале!<br>\nЭто было записано, в самой первой главе!<br>\nКогда, Боги спустились сюда, без печали!</p>\n\n<p class=\"poem\">Теперь, Боги развернулись в Обратный Путь!<br>\nДостигнув в Духе, уже, Совершенства!<br>\nЛюди, стали Богами и это, есть Главная Суть!<br>\nА, Россия доказала в Мире, своё, Первенство!</p>\n\n<p class=\"poem\">Осталось оформить, как надо, Документы!<br>\nФормальность, требуется для такого дела!<br>\nПри Преображении не будет никаких сантиментов,<br>\nИбо, люди в Материи, а Боги &ndash; это уже, без тела!</p>\n\n<p class=\"poem\">Это есть, Исторический переход для людей!<br>\nЗакончились для Вас, все Испытания!<br>\nТеперь, Космос для Вас станет видней!<br>\nПрекратились для людей, все скитания!</p>\n\n<p class=\"poem\">Это, уже Победа, Света над Тьмой!<br>\nНачинается Новое Летоисчисление!<br>\nВы пройдёте по Космосу Святой волной!<br>\nЭто Вашего человечества достижение!</p>\n\n<p class=\"noind\">Да будет Свет Истины!<br>\nОтец Абсолют или Высший Космический Разум!</p>","Files":null,"Date":"2025-10-15T11:32:01.827+03:00","DateChange":"2025-10-15T11:33:46.27+03:00","Link":"poems/15.10.25","Id":"68ef5c385b51c165139aa711","Srv":"otk","Deleted":false,"Titles":["Это, есть Победа Света над Тьмой!"]}
{"Data":{"Next":"poems/15.10.25","NoFooter":false,"PoemOutDict":false,"Titles":null,"Number":"№14 (3438)"},"Active":true,"Catalog":"570ef2fcd07cda3e16f93ef7","Description":"<p class=\"poem\">Напряжение в Мире, непрерывно, растёт!<br>\nНикто не знает, что может случиться?<br>\nПреображение Пространства грядёт!<br>\nИзменение Мира, уже, скоро, проявится!</p>\n\n<p class=\"poem\">История Мира, развернулась, уже, к России!<br>\nСоздатель, подписал с Ней Договор!<br>\nДля России, определена, особая миссия!<br>\nНо, пока Русью, управляет системный вор!</p>\n\n<p class=\"poem\">Люди, начинают говорить о Союзе!<br>\nНо, сначала, надо вернуть Идеологию!<br>\nЭкономика России, продолжает идти юзом,<br>\nВ Духе, у Народа &ndash; раба, патология!</p>\n\n<p class=\"poem\">Говоря о Союзе, надо вспомнить Госплан!<br>\nСегодня, нет, как тогда, Планового хозяйства!<br>\nВ стране, сегодня, у руля богатых людей, клан!<br>\nНет, в стране, для управления, устройства!</p>\n\n<p class=\"poem\">Без Идеологии, нет Плана и нет страны!<br>\nВ стране, процветает частная собственность!<br>\nЕсли нет Плана, то кто правит, страной?<br>\nУ России, сегодня, сложилась, особенность!</p>\n\n<p class=\"poem\">Смешно, говорить о Союзе при капитализме!<br>\nНарод мечтает о Равенстве, живя в Рабстве!<br>\nНельзя вернуть Социализм при капитализме!<br>\nРазвивается, в стране, неравенство и барство!</p>\n\n<p class=\"poem\">Можно говорить о чём угодно, но не о Правде!<br>\nПервое условие, надо вернуть Равенство!<br>\nЕсли, не вернуть Равенство, то не будет Завтра!<br>\nШестая Эпоха &ndash; это принудительное, переустройство!</p>\n\n<p class=\"poem\">Надо, срочно, убрать частный сектор, в стране!<br>\nНадо вернуть стране, СССР Конституцию!<br>\nВы скоро, увидите страну, как в кино, на экране!<br>\nДекларация &ndash; это преображения страны, инструкция!</p>\n\n<p class=\"poem\">Впервые, Создатель, предлагает стране Новый Путь!<br>\nНадо, срочно, вернуться к Равенству!<br>\nРавенство, Частиц Создателя &ndash; это Главная Суть!<br>\nРавенство, в Шестой Эпохе &ndash; это, Любви Главенство!</p>\n\n<p class=\"poem\">Сначала, надо изменить в стране условия!<br>\nЖизнь заставит людей, быть, только, в Духе!<br>\nНе должно быть в стране, никаких сословий!<br>\nПереход в Шестую Эпоху, есть реальность, а не слухи!</p>\n\n<p class=\"poem\">Надо поменять этот Мир и немедленно!<br>\nУсловия, существования описаны в Договоре!<br>\nЛюди, в Шестой Эпохе, будут нетленными!<br>\nШапка, уже горит, на голове вора!</p>\n\n<p class=\"poem\">Силой доказать, свою Правоту, людям, нельзя!<br>\nНужны, только, Создателя Правила!<br>\nСоздателем, для России, предложена в Небо, стезя,<br>\nКоторая, обосновывает Путь правильный!</p>\n\n<p class=\"poem\">Сегодня, на Планете, идёт война за богатство!<br>\nЭто, война Тьмы, против Света и Создателя!<br>\nНикто из этих стран, не получит на жизнь Свидетельство!<br>\nИбо, они плодят, одних, только, обывателей!</p>\n\n<p class=\"poem\">Повторяю, продажная пресса, кричит о Союзе,<br>\nОдевая молодое поколение в форму СССР!<br>\nНо, Идеология в стране, постоянно, идёт юзом,<br>\nДля, России, сегодня, СССР, не пример!</p>\n\n<p class=\"poem\">Не надо говорить о том, чего уже нет!<br>\nИ чего, без Помощи, Создателя никогда не будет!<br>\nНужно знать и помнить Создателя Завет!<br>\nЧеловек, должен понять, что без Бога, его не будет!</p>\n\n<p class=\"poem\">Не будет, на Планете людей, включая и власть!<br>\n<b>Ибо, грех, исправляется, только, Прощением!</b><br>\nБогатство &ndash; это греховная страсть!<br>\nСоздатель, начинает, людей прощение и замещение!</p>\n\n<p class=\"poem\">Создатель, в Шестой Эпохе вернёт Равенство, Союза!<br>\nЭто, должны знать, люди всех в Мире, стран!<br>\nПридётся всем просить прощения за грех, при грозе!<br>\nЧастный сектор, для Новой Эпохи, это уже рана!</p>\n\n<p class=\"noind\">Да будет Свет Истины!<br>\nОтец Абсолют или Высший Космический Разум!</p>","Files":null,"Date":"2025-10-14T11:00:18.323+03:00","DateChange":"2025-10-14T11:04:39.149+03:00","Link":"poems/14.10.25","Id":"68ee033d5b51c165139aa70e","Srv":"otk","Deleted":false,"Titles":["Надо поменять этот Мир, и немедленно!"]}
{"Data":{"Next":"poems/14.10.25","NoFooter":false,"PoemOutDict":false,"Titles":null,"Number":"№13 (3437)"},"Active":true,"Catalog":"570ef2fcd07cda3e16f93ef7","Description":"<p class=\"poem\">События спешат, не прерываясь!<br>\nНо, это для людей, уже, разворот!<br>\nЛюди, вперёд идут не оглядываясь!<br>\nДля Планеты &ndash; это, тоже, переворот!</p>\n\n<p class=\"poem\">Но, в этом вихре событий, не разобраться!<br>\nНе видно, кто за Бога, а кто, наоборот!<br>\nЛюдям,  придётся очень постараться,<br>\nЗа теми, кто разобрался, будет Первый ход!</p>\n\n<p class=\"poem\">Россия, первая, на этот уровень выходит!<br>\nОна понимает, что Её ждёт Завтра!<br>\nСоздатель Новый Мир, уже, строит!<br>\nОн открывает для России, Правду!</p>\n\n<p class=\"poem\">Что этот Мир на войне &ndash; это не так, важно!<br>\nВажно, что будет, после войны, потом?<br>\nГлавное, для людей думать и решать слаженно,<br>\nРоссия, после войны и Перехода, станет Домом!</p>\n\n<p class=\"poem\">Россия стремится стать Домом, но, не Здесь!<br>\nОна, желает, стать Домом, для всех, на Небе!<br>\nЭто, очень трудная, для решения в Духе, смесь!<br>\nРоссия, спешит, к своей, Исторической Победе!</p>\n\n<p class=\"poem\">Сегодня, практически весь Мир, против России!<br>\nЕй приходится, на Бога, держать равнение!<br>\nСтоит стеной против Тьмы и Пророк-Мессия!<br>\nМир, получит о Победе России, известие!</p>\n\n<p class=\"poem\">Это трудный путь в Боги, для всех!<br>\nТак, просто, не удастся пройти Переход!<br>\nОчень много, между странами есть помех!<br>\nВсегда, труден, самый Первый ход!</p>\n\n<p class=\"poem\">Но, этот Ход есть для всех, как и для России!<br>\nУ России, самая ответственная Миссия!<br>\nЕй надо принять ответственность за Россию,<br>\nЭто называется: в Боги, людей Сессия!</p>\n\n<p class=\"poem\">Каждый день &ndash; это, словно, сражение!<br>\nСША меняет свои представления!<br>\nЭто решение США, грозит Миру поражением,<br>\nНе подходят никому из стран, Её предложения!</p>\n\n<p class=\"poem\">Теперь, на вес золота, слова России!<br>\nОна, начинает, свой Спасителя, Путь!<br>\nВпереди страны, Богом поставлен Мессия,<br>\nМонархия Создателя в Мире есть Главная Суть!</p>\n\n<p class=\"poem\">России Путь &ndash; это вершина действия!<br>\nНикто из стран, не согласится на это!<br>\nВсегда и везде есть на всё, следствие!<br>\nСоздателем, на всё наложено Вето!</p>\n\n<p class=\"poem\">Теперь, Россию остановить невозможно!<br>\nОна, уже, практически, в Новом состоянии!<br>\nПротивостоять, России с Богом, сложно!<br>\nРоссия – это Создателя достояние!</p>\n\n<p class=\"poem\">Теперь, всё зависит от людей, точнее, от человека!<br>\nПоверьте, Школа Творца &ndash; это подготовка!<br>\nУдивительные, наступают века,<br>\nНе будет от Бога, для людей, уступки!</p>\n\n<p class=\"poem\">Россия, выстроена, уже, как Армия!<br>\nЭта Армия, уже Новых веков!<br>\nСкоро, прозвучит в ООН России, Ария,<br>\nАрия, страны, без политических оков!</p>\n\n<p class=\"poem\">Россия, поможет, людям, продлить век!<br>\nЗаметен, подъём в Духе, этой Нации!<br>\nСтрана, освободилась от помех,<br>\nЭто есть Свободы Духа, акция!</p>\n\n<p class=\"poem\">Россия, уходит от капитала!<br>\nОн, несёт людям в Духе, порабощение!<br>\nРоссия, наконец, Свободной стала,<br>\nНачинается, России в Духе, Преображение!</p>\n\n<p class=\"poem\">Повторяю, Путь России уже известен!<br>\nСегодня, Она принимает Свободу!<br>\nНикаких, нет частных поместий,<br>\nНе должно быть, дискуссий, по этому поводу!</p>\n\n<p class=\"poem\">Теперь, Россия возвращает на время, Союз!<br>\nПо-старому опять, СССР!<br>\nНадо остановить, прошлого капитала юз!<br>\nПовторяю, Россия, для Мира сего, пример!</p>\n\n<p class=\"noind\">Да будет Свет Истины!<br>\nОтец Абсолют или Высший Космический Разум!</p>","Files":null,"Date":"2025-10-13T11:35:33.558+03:00","DateChange":"2025-10-13T12:20:06.976+03:00","Link":"poems/13.10.25","Id":"68ecbab75b51c165139aa70c","Srv":"otk","Deleted":false,"Titles":["Теперь, на вес золота, слова России!"]}
{"Data":{"Next":"poems/13.10.25","NoFooter":false,"PoemOutDict":false,"Titles":null,"Number":"№12 (3436)"},"Active":true,"Catalog":"570ef2fcd07cda3e16f93ef7","Description":"<p class=\"poem\">Война продолжается, Победы, никто не ждёт!<br>\nСША хочет выступить Миротворцем!<br>\nЕвропа, до Победы никогда не дойдёт!<br>\nРоссия, сотрудничает с Богом или с Творцом!</p>\n\n<p class=\"poem\"><b>Россия идёт к Миру по-своему и с Богом!<br>\nЕвропа, мечтает уничтожить Россию!<br>\nНо, Шестая Эпоха, будет Новой волны, Итогом!<br>\nВсё, упирается в решительность Мессии!</b></p>\n\n<p class=\"poem\"><b>Договор, России с Создателем, уже подписан!<br>\nСтороны, договорились быть, всегда, вместе!<br>\nЕсли, Европа будет против Руси, она будет списана!<br>\nВместо, Европы будет Море или пустое место!</b></p>\n\n<p class=\"poem\"><b>Россия, готовит для Мира сего, Декларацию!<br>\nНа базе, Договора с Богом и Его Знаний!<br>\nРоссия, предложит людям Спасительную акцию,<br>\nОткрывается, людям опасности понимание!</b></p>\n\n<p class=\"poem\">Выхода, для человечества нет, надо соглашаться!<br>\nСоглашение, на условиях, самого, Создателя!<br>\nРади спасения Планеты, пора определяться!<br>\nС условиями или позицией Создателя!</p>\n\n<p class=\"poem\">В Декларации, есть уточнение по управлению!<br>\nСоздатель, хочет убрать из власти, человека!<br>\nНачинается, в Шестую Эпоху, людей перемещение,<br>\nСогласно, Эволюции, будет объявление, Нового века!</p>\n\n<p class=\"poem\">Поменяются, для людей, условия существования!<br>\nНаступит век, высоких вибраций!<br>\nДля людей-Богов, бестелесное пребывание!<br>\nЭто, уже Тонкого плана, апробация!</p>\n\n<p class=\"poem\">Это, трудно понять, для человека в Материи!<br>\nНо, для Вас поменяются условия жизни!<br>\nКонечно, от самих людей, будут зависеть потери,<br>\nЧеловек в Духе, при этом, никогда, не лишний!</p>\n\n<p class=\"poem\">Декларация &ndash; это объяснение, людям, Преображения!<br>\nНе, только в России, но и, всего, человечества!<br>\nВы, начинаете в Боги перемещение!<br>\nРоссия, сотворит, в Духе Отечество!</p>\n\n<p class=\"poem\">Для человечества, примером, будет Россия!<br>\nЛюдям, придётся повторить, весь, Её Путь!<br>\nБелым Царём, станет, тогда, Пророк-Мессия!<br>\nЭто, будет Божественной Монархии, Суть!</p>\n\n<p class=\"poem\"><b>Всё, это произойдёт на следующий год!<br>\nТак, было предсказано, во всех Святцах!<br>\nГлавное, для России, знать, свой Небесный Код!<br>\nИ понимать, что это Создателя, акция!</b></p>\n\n<p class=\"poem\">Декларация &ndash; это инструкция для людей!<br>\nНапишет, Декларацию, вместе с Богом, Россия!<br>\nЧерез, 20 лет подготовки, Ей стало видней,<br>\nКакие проблемы, войдут в эту Миссию!</p>\n\n<p class=\"poem\">Человечеству будет легко, идти за Ней!<br>\nРоссия, прошла, сама, все препятствия!<br>\nДля России, Равенство, теперь, не вызывает огней!<br>\nИбо, это шаг вперёд, а не странствие!</p>\n\n<p class=\"poem\"><b>Россия, поднимет Флаг и Идеологию, Союза!<br>\nМолодёжь уже приняла буквы: СССР!<br>\nЧеловечество, теперь не допустит никакого юза!<br>\nСоюз, для Новой России &ndash; это хороший пример!</b></p>\n\n<p class=\"poem\">Теперь, ясно для людей, что с ними будет?<br>\nИбо, осталось применить Равенство и Любовь!<br>\nВзрослое поколение, готово будет,<br>\nНа промежуточной стадии, встать, через кровь!</p>\n\n<p class=\"poem\"><b>Союз Новый, сам перейдёт в Бога Монархию!<br>\nИ это, случится быстро, в этой Эпохе!<br>\nНе будет больше в Мире, капитала анархии!<br>\nБудут, совершенными для людей-Богов, Итоги!</b></p>\n\n<p class=\"poem\"><b>Но, Главное для Вас будет, совсем, не в этом!<br>\nСоздатель, скоро утвердит Монархию!<br>\nСамое важное случится в Шестой Эпохе, потом!<br>\nЛюди-Боги создадут Бога или свою Хартию!</b></p>\n\n<p class=\"noind\">Да будет Свет Истины!<br>\nОтец Абсолют или Высший Космический Разум!</p>","Files":null,"Date":"2025-10-12T10:51:44.952+03:00","DateChange":"2025-10-12T10:54:30.33+03:00","Link":"poems/12.10.25","Id":"68eb5e8fb63e39044b563e2d","Srv":"otk","Deleted":false,"Titles":["Россия, поднимет Флаг и Идеологию Союза!"]}
{"Data":{"Next":"poems/12.10.25","NoFooter":false,"PoemOutDict":false,"Titles":null,"Number":"№11 (3435)"},"Active":true,"Catalog":"570ef2fcd07cda3e16f93ef7","Description":"<p class=\"poem\"><b>Декларацию, Вам, надо срочно готовить!<br>\nИбо, без Документа, не будет решения!<br>\nДекларацией, можно войну, остановить!<br>\nМожно, ещё, перенаправить, движение!</b></p>\n\n<p class=\"poem\">Люди, должны будут понять,<br>\nЧто, этот Мир подошёл к Краю!<br>\nЛюди, должны будут, предложение Бога принять!<br>\nКоторое отведёт, человечество от Края!</p>\n\n<p class=\"poem\">Сегодня, Мир уже зависит от России!<br>\nОдновременно, и от человечества!<br>\nУ России, от Бога, есть Пророк-Мессия!<br>\nРоссия, формирует в Духе Отечество!</p>\n\n<p class=\"poem\">Мир, занят войной, за передел Мира!<br>\nЛюди, рассчитывают на спасение!<br>\nПланета, выглядит, сегодня, как Тир!<br>\nНет, к Создателю, никакого движения!</p>\n\n<p class=\"poem\">В Мире, идёт перетягивание &laquo;каната&raquo;!<br>\nСтраны, не пробуют, даже, договориться!<br>\nДля Мира сего, это заключительная Кантата!<br>\nЛюди, перед опасностью, не хотят объединиться!</p>\n\n<p class=\"poem\">Россия, под Флагом Создателя, идёт в Небо!<br>\nВесь, остальной Мир, в апатии!<br>\nУ США есть потребность получить прибыль,<br>\nОна формирует вокруг Трампа, Хартию!</p>\n\n<p class=\"poem\">Создатель, подталкивает Россию вперёд!<br>\nЗапад, в этой войне, не остановить!<br>\nСоздателю, нужно, чтобы проявил Волю, Народ!<br>\nТогда, будет шанс, человечество, объединить!</p>\n\n<p class=\"poem\">С Россией, теперь, всё понятно Богу!<br>\nРоссия, готова перейти в Шестую Эпоху!<br>\nНо, Мир, не готов к такому Исходу,<br>\nРазноплановые в Мире, людские потоки!</p>\n\n<p class=\"poem\"><b>Вам, надо объяснить людям ситуацию!<br>\nПоднимите, этот вопрос в Декларации!<br>\nСоздатель, готов применить силовую акцию,<br>\nЕсли не помогут, от Вас прокламации!</b></p>\n\n<p class=\"poem\">Создателю, нужен, для &laquo;Завтра&raquo;, человек-Бог!<br>\nЛюдям, хочется удержаться на Планете!<br>\nДля Создателя, Равенство &ndash; это Итог,<br>\nА, люди существуют, ради, монеты!</p>\n\n<p class=\"poem\"><b>Есть Каноны Неба и Планы Бога!<br>\nПланы Создателя &ndash; это Эволюция!<br>\nНе сходятся, Планы Бога и людей Итоги!<br>\nДекларация &ndash; это есть Создателя, резолюция!</b></p>\n\n<p class=\"poem\">Люди слушают религии, а не Бога!<br>\nЭто, есть принципиальные разногласия!<br>\nШестая Эпоха &ndash; это, уже, Создателя Итоги,<br>\nДля людей неверия, может случиться, акция!</p>\n\n<p class=\"poem\"><b>Повторяю, что Россия готовится к Весне!<br>\nСледующий Год, для всех, это Начало Начал!<br>\nНарод России, будет на одной волне!<br>\nРоссия, рассматривается, уже, как Неба причал!</b></p>\n\n<p class=\"poem\">Мир, не хочет слышать предупреждения!<br>\nНо, Шестая Эпоха &ndash; это Тонкий план!<br>\nДля людей неверия, будет умерщвление,<br>\nПриказ на это Создателем, уже, дан!</p>\n\n<p class=\"poem\"><b>Россия, скоро, позовёт людей за собой!<br>\nДекларация, откроет Всем двери!<br>\nНе будет в движении к Богу, никакой сбой!<br>\nЛюдям, нужно, только, Создателю верить!</b></p>\n\n<p class=\"poem\">Декларация для людей, должна быть, как, Спасение!<br>\nИбо, это Путь для людей в Небо!<br>\nНе должно быть никаких сомнений!<br>\nШестая Эпоха, должна быть Былью!</p>\n\n<p class=\"poem\">Не вступайте, в пустые дискуссии!<br>\nУ Вас есть, 30 томов, Истины!<br>\nДля людей, не будет, в Новый Мир, экскурсии!<br>\nИбо, у людей неверия жизнь есть Тьма или Тина!</p>\n\n<p class=\"noind\">Да будет Свет Истины!<br>\nОтец Абсолют или Высший Космический Разум!</p>","Files":null,"Date":"2025-10-11T11:09:02.438+03:00","DateChange":"2025-10-11T11:12:01.746+03:00","Link":"poems/11.10.25","Id":"68ea10deb63e39044b563e2c","Srv":"otk","Deleted":false,"Titles":["Декларация, должна быть, для людей, как Спасение!"]}
{"Data":{"Next":"poems/11.10.25","NoFooter":false,"PoemOutDict":false,"Titles":null,"Number":"№10 (3434)"},"Active":true,"Catalog":"570ef2fcd07cda3e16f93ef7","Description":"<p class=\"poem\">Россия, стала готовиться к Переходу!<br>\nОна, подтвердила готовность!<br>\nНаступила пора, дать делу ход!<br>\nРоссия, проявляет расторопность!</p>\n\n<p class=\"poem\">Она, устала от неопределённости!<br>\nМир, не проявляет тревоги!<br>\nРоссия, не терпит условности!<br>\nРоссия, готова встать у Порога!</p>\n\n<p class=\"poem\">Затянулся, процесс подготовки!<br>\nТеперь, уже, внутри нетерпение!<br>\nВсем, понятна вопроса постановка,<br>\nРоссия, готова начать движение!</p>\n\n<p class=\"poem\">Как всегда, вопрос в человеке!<br>\nИбо, люди должны начинать!<br>\nЭтот вопрос, не стоял в прошлом веке!<br>\nНа каждом человеке, есть Бога Печать!</p>\n\n<p class=\"poem\">Люди, стали спешить, но, нет порядка!<br>\nСоздатель, перенёс Начало на Весну!<br>\nНужна, для людей, в Духе разрядка!<br>\nЛюди, не должны, потерять страну!</p>\n\n<p class=\"poem\">Школа Творца, значительно, помогает!<br>\nИбо, это нужная тренировка!<br>\nРоссия, свой Священный Крест знает!<br>\nЕй, необходима, серьёзная подготовка!</p>\n\n<p class=\"poem\">Подготовка &ndash; это не только слова,<br>\nВы нашли музыкальный ключ,<br>\nЭто, для людей Историческая игла,<br>\nНадо, чтобы никто не глючил!</p>\n\n<p class=\"poem\">Помните, вокруг Вас одни оппоненты!<br>\nИ, прежде всего, это религии!<br>\nКатрен Создателя &ndash; это, как Документ!<br>\nСнимающий, с Вас, вериги!</p>\n\n<p class=\"poem\">Но, кроме религии, есть, ещё, и власть!<br>\nВласть, будет стоять, против, до последнего!<br>\nВот, когда закипят, серьёзные страсти!<br>\nВ борьбе за Свободу, до победного!</p>\n\n<p class=\"poem\">Создатель, обеспечит Нейтральность!<br>\nИбо, силы, в этой борьбе, не равны!<br>\nЕго участие, на стороне Света, актуальность!<br>\nДля Создателя, Вы, в этом Мире, Правы!</p>\n\n<p class=\"poem\">Нужна, Декларация, Прав всех Народов!<br>\nЗа подписью России и Бога!<br>\nДля отказа от Неё, нет никаких, поводов,<br>\nСоздатель, сам, подведёт Итоги!</p>\n\n<p class=\"poem\">Надо объявить Миру, что выход один!<br>\nИли, с Богом в Небо, или, без Бога, на Дно!<br>\nДля движения на Дно, не надо грузил,<br>\nТакого вопроса, ещё, никогда не было!</p>\n\n<p class=\"poem\">Россия, предложит Миру спасение!<br>\nГлавный аргумент &ndash; это Вера Создателю!<br>\nРоссия знает в Небо, направление движения!<br>\nНо, только, без обывателей!</p>\n\n<p class=\"poem\">Сегодня, выбор, за самим, человеком!<br>\nОн, должен предстать в Святой чистоте!<br>\nПоверьте, это не короткий забег!<br>\nА, долгая жизнь, на одной волне!</p>\n\n<p class=\"poem\">Россия получила Знания, в свой срок!<br>\nТеперь, Она знает, что надо делать!<br>\nДля людей неверия, висит, Рок,<br>\nРади, собственного, спасения, надо решать!</p>\n\n<p class=\"poem\">Повторяю, примером для людей, будет Россия!<br>\nИ, Мессия, записавший от Бога, 30 томов!<br>\nБелым Царём, Народом, будет выбран Мессия!<br>\nОн, отвечает за подготовку Канонов!</p>\n\n<p class=\"poem\">Россия, взяла на себя, Крест Спасителя!<br>\nЕй время на подготовку, дано до Весны!<br>\nОна, играет Роль Энергии накопителя!<br>\nНападки, против Неё, капитала, просто смешны!</p>\n\n<p class=\"poem\">Планета, поменяет орбиту и место!<br>\nАссоциация, примет Новую Цивилизацию!<br>\nРоссия, должна доказать своё мастерство!<br>\nЭто будет вступительная, России, акция!</p>\n\n<p class=\"noind\">Да будет Свет Истины!<br>\nОтец Абсолют или Высший Космический Разум!</p>","Files":null,"Date":"2025-10-10T10:58:57.105+03:00","DateChange":"2025-10-10T11:00:02.278+03:00","Link":"poems/10.10.25","Id":"68e8bcdfb63e39044b563e2b","Srv":"otk","Deleted":false,"Titles":["Планета поменяет орбиту и место!"]}
