{"Data":{"Next":null,"NoFooter":false,"PoemOutDict":false,"Titles":null,"Number":"№11 (3563)"},"Active":true,"Catalog":"570ef2fcd07cda3e16f93ef7","Description":"<p class=\"poem\">Пора, людям понять, зачем всё это?<br>\n20 лет, общения с Богом, имеют Цель!<br>\nСоздатель, предлагает жить по Заветам!<br>\nСегодня, Мир остановился, попав на мель!</p>\n\n<p class=\"poem\">Создатель, заранее, знал, что будет,<br>\nЧто, власть выбрала Путь, не туда!<br>\nЧто, Народ, Союз никогда не забудет!<br>\nСоюз, как направления, Звезда!</p>\n\n<p class=\"poem\">20 лет, Создатель передавал Знания!<br>\nНо, это была, не Болонская система!<br>\nИли система, Монтессори, понимания!<br>\nЭто, была от Создателя, Тема!</p>\n\n<p class=\"poem\">Человек, не может жить, без Знаний!<br>\nОпасно, очень, поверхностное обучение!<br>\nУ людей, должно быть, Своей Роли понимание!<br>\nЗначит, должно быть, в Духе, возвышение!</p>\n\n<p class=\"poem\">В этом году, понятно, что вы готовы!<br>\nГотовы, не просто жить, а творить!<br>\nСоздатель снял с людей, в Духе оковы!<br>\nОн, предлагает, людям в Духе, жить!</p>\n\n<p class=\"poem\">Вы, закончили, Школу Творца, зимой!<br>\nЭто важно, ибо готова Шестая Эпоха!<br>\nВы, к Союзу, должны быть готовы, Весной!<br>\nВам надо перейти в Новую Эпоху, сходу!</p>\n\n<p class=\"poem\">Вы, не могли без Знаний, вернуть Союз!<br>\nПустые слова, не нужны никому!<br>\nЭкономика страны, идёт юзом!<br>\nРоссия, оказалась у капитализма, в плену!</p>\n\n<p class=\"poem\">Страна и имущество, сегодня, в руках воров!<br>\nСистема, захватила себе, все ресурсы!<br>\nНа людей, власть и религия, надели оковы!<br>\nВласть, прошла насилия людей, курсы!</p>\n\n<p class=\"poem\">Возвращение, в Союз, просто так, невозможно!<br>\nНо, революция &ndash; это гражданская война!<br>\nСоздатель, понимает эту сложность!<br>\nПредлагается, в Новой Эпохе, Небесная, уже, волна!</p>\n\n<p class=\"poem\">Сегодня, Вы готовите Вече, как, прелюдию!<br>\nПрелюдию, возвращения Идеологии Равенства!<br>\nНа Вече, вы скажете это, прилюдно!<br>\nЧтобы власть, умерила своё, господство!</p>\n\n<p class=\"poem\">Создатель, готовит вас к Новым условиям!<br>\nОт Пятой Эпохи, остался порядок ООН!<br>\nБелый Царь, скоро станет, Моим подобием!<br>\nОн, введёт, в Мире Новые Правила, как сон!</p>\n\n<p class=\"poem\">Всё, необходимое, будет прописано, Там!<br>\nИзменить, эти условия, нет ни у кого, права!<br>\nВсё, что было в Пятой Эпохе, перейдёт в хлам!<br>\nТолько, у Белого Царя, есть на это, Право!</p>\n\n<p class=\"poem\">Все, прошлые Правила, будут закрыты!<br>\nОни принимались в ООН, под давлением!<br>\nПятая Эпоха, скоро будет забыта!<br>\nШестая Эпоха &ndash; это Небес проявление!</p>\n\n<p class=\"poem\">Люди, не способны перейти в Космос!<br>\nНет, у людей возможности, подняться в Духе!<br>\nЛюди, в Пятой Эпохе, жили, как на износ!<br>\nНапрасны, были людей, технические потуги!</p>\n\n<p class=\"poem\">Союз был, альтернативой прошлому!<br>\nОн, был разрушен, своими, внутри!<br>\nТолько, теперь, возрождение Его возможно!<br>\nНо, если соберутся: Бог, Царь и Народ, эти &ndash; три!</p>\n\n<p class=\"poem\">Будущее Планеты &ndash; В Духе Монархия Создателя!<br>\nЛюди, не удержались, долго, у власти!<br>\nЛюди, опустились, в алчности, до обывателей!<br>\nТеперь, вернулись к людям, Свободы страсти!</p>\n\n<p class=\"poem\">Вы, должны объявить, об этом на Вече:<br>\nРоссия, возвращает стране, Идеологию Союза!<br>\nВы, должны в честь этого, зажечь на Вече свечи!<br>\nТеперь, Сознание людей-Богов, не допустит юза!</p>\n\n<p class=\"poem\">Вы, должны на Вече, объявить возвращение Союза!<br>\nОт Создателя, возглавит Союз, Белый Царь!<br>\nКонституцию надо вернуть Сталина, тогда не будет юза!<br>\nБудет на Руси, тогда, как встарь!</p>\n\n<p class=\"poem\">Договор Траста, с банками подходит к концу!<br>\nРоссия, должна принять на себя, в Мире, управление!<br>\nБелого Царя, на Вече, надо привести к Венцу!<br>\nТогда, и начнётся Планетарное Преображение!</p>\n\n<p class=\"poem\">Россия, будет готова помочь человечеству!<br>\nКапитализм, прекращает своё существование!<br>\nРоссия сотворит, для Новой Эпохи, Отечество!<br>\nНачинается, Новых Богов, повествование!</p>\n\n<p class=\"noind\">Да будет Свет Истины!<br>\nОтец Абсолют или Высший Космический Разум!</p>\n\n<p class=\"noind\">11.02.2026</p>\n\n<div class=\"next\"><a name=\"2\"></a>\n<h1>Откровения или реакция Создателя на современность</h1>\n</div>\n\n<p class=\"poem\">Договор Траста, закрыт!<br>\nУправление, принимает Царь!<br>\nИзменится, России быт!<br>\nВсё будет, как встарь!</p>\n\n<p class=\"poem\">Религии, обманули людей!<br>\nБогом, будут распущены!<br>\nЛюдям, станет видней:<br>\nФлаги, капитала спущены!</p>\n\n<p class=\"poem\">Космос, открыт для Богов!<br>\nРоссия, изменит Эпоху!<br>\nНе будет, никаких долгов!<br>\nСуверен, изменит всё, сходу!</p>\n\n<p class=\"noind\">Создатель!</p>","Files":null,"Date":"2026-02-11T11:48:27.509+03:00","DateChange":"2026-02-11T11:51:16.336+03:00","Link":"poems/11.02.26","Id":"698c42b77d248dbbc97deb0a","Srv":"otk","Deleted":false,"Titles":["Вы, должны объявить на Вече, что вернулся Союз!"]}
{"Data":{"Next":"poems/11.02.26","NoFooter":false,"PoemOutDict":false,"Titles":null,"Number":"№10 (3562)"},"Active":true,"Catalog":"570ef2fcd07cda3e16f93ef7","Description":"<p class=\"poem\">Сегодня, важно, людей Единение!<br>\nЕдинение, конечно, только, в Духе!<br>\nВы, начинаете в Новый Мир движение!<br>\nСопровождаемое, вашими, потугами!</p>\n\n<p class=\"poem\">Вы, знаете, что, конечно, готовы!<br>\nПройти путь, не доступный людям!<br>\nНебо, приготовило для Вас подковы!<br>\nПонятно, что это, только, прелюдия!</p>\n\n<p class=\"poem\">Вы, прошли Школу Творца и поняли,<br>\nЧто, Небо выстроено по Канонам!<br>\nВы, Моим словам, наконец, вняли!<br>\nВам, для Победы, уже, не нужны патроны!</p>\n\n<p class=\"poem\">Вы, знаете, что в Духе, другая война!<br>\nТам, нет крови, но есть уничтожение!<br>\nТам, представляет опасность, волна,<br>\nОстанавливающая, перемещение!</p>\n\n<p class=\"poem\">Вы, поняли, кто, сегодня, Вы, сами!<br>\nВы, шагаете в Новое поле!<br>\nВот, когда пригодятся, Вам, сани!<br>\nВ, любом случае, Вам пригодится Воля!</p>\n\n<p class=\"poem\">Сегодня, Я пою Гимн упорству!<br>\nОбычные люди, плохо держат удар!<br>\nВас, подобных Мне, множество!<br>\nВы, преодолели, Мировой Тьмы, напор!</p>\n\n<p class=\"poem\">Важно, что Вы готовы, пойти Ва-Банк!<br>\nЕсть для этого, внутренняя подготовка!<br>\nВы, сможете взглядом остановить танк,<br>\nВы, сильны, Духовной, уже, установкой!</p>\n\n<p class=\"poem\">Для Вас, встреча в Космосе, не проблема!<br>\nУ Вас, есть в Духе ориентировка!<br>\nУ простых людей &ndash; это дилемма,<br>\nДля Богов, самое, важное, это, компоновка!</p>\n\n<p class=\"poem\">Вам, определена, Главной целью, Эпоха!<br>\nВы, привязаны к конкретной Цели!<br>\nЭпоха для Вас &ndash; это 26000 лет в Духе,<br>\nЭто, более 300 поколений, если обойдёте мели!</p>\n\n<p class=\"poem\">Сегодня, люди не готовы, для этого!<br>\nЛюдям, не перейти, такую Даль!<br>\nТолько, у Меня есть Новый метод!<br>\nГде, человек-Бог, в Духе, как сталь!</p>\n\n<p class=\"poem\">Вы, за 20 лет прошли подготовку!<br>\nВы, будете проходить расстояние,<br>\nВы, получили от Меня установку,<br>\nЯ Вам, в Духе, подобрал нужные сани!</p>\n\n<p class=\"poem\">Но, никаких в жизни, саней нет, ибо есть Мечта!<br>\nВы, можете, Волей перенести себя, сами!<br>\nВы, в Материи оставили слово &laquo;Мечта&raquo;!<br>\nВы, уже, людьми-Богами, почти стали!</p>\n\n<p class=\"poem\">Люди, рвутся в Небо, на кораблях!<br>\nЯ, предлагаю Вам достигать этого, в Духе!<br>\nВам, не пригодятся технические детали!<br>\nНужны, только Сознания Вашего, потуги!</p>\n\n<p class=\"poem\">За 20 лет, Я изменил, значительно Вас!<br>\nОт Вас, остался Разум и Сознание!<br>\nСкоро, наступит, Ваш Звёздный час!<br>\nВы, поймёте, Смысл, в Небе пребывания!</p>\n\n<p class=\"poem\">Теперь, Вы возьмёте этот Крест на себя!<br>\nКрест, украшает Ваш Герб, как у Союза!<br>\nЭто, Новая для человечества, стезя!<br>\nЯ не допущу, на Планете, никакого юза!</p>\n\n<p class=\"poem\">Вы, готовый отряд для любых Далей!<br>\nВам, не нужны никакие средства!<br>\nВы, сами будете, в качестве параллелей!<br>\nВы, разовьёте со Мной, соседство!</p>\n\n<p class=\"poem\">Теперь, Ваши Знания есть арсенал!<br>\nАрсенал для Победы над Тьмой!<br>\nТеперь, обыденное слово, для Вас, Астрал!<br>\nВы, будете, использовать связь со Мной!</p>\n\n<p class=\"noind\">Да будет Свет Истины!<br>\nОтец Абсолют или Высший Космический Разум!</p>\n\n<p class=\"noind\">10.02.2026</p>\n\n<div class=\"next\"><a name=\"2\"></a>\n<h1>Откровения или реакция Создателя на современность</h1>\n</div>\n\n<p class=\"poem\">Вы поменяли диспозицию!<br>\nВы, теперь, Там и Там!<br>\nРоссия &ndash; это Неба акция!<br>\nРоссия, теперь, Ашрам!\n\n<p class=\"poem\">Вы, теперь, Воины Света!<br>\nВы, уже не люди!<br>\nЯ передал Вам Заветы!<br>\nКак, Нового Мира, прелюдию!\n\n<p class=\"poem\">Вы шагаете в Небо!<br>\nТочнее, уже в Космос!<br>\nВы, для людей, как Небыль!<br>\nМежду Мной и людьми, Вы &ndash; Мост!\n\n<p class=\"noind\">Создатель!</p>","Files":null,"Date":"2026-02-10T11:40:58.691+03:00","DateChange":"2026-02-10T11:42:31.729+03:00","Link":"poems/10.02.26","Id":"698aef3a7d248dbbc97deb09","Srv":"otk","Deleted":false,"Titles":["Теперь, Крест украшает Ваш Герб, как у Союза!"]}
{"Data":{"Next":"poems/10.02.26","NoFooter":false,"PoemOutDict":false,"Titles":null,"Number":"№09 (3561)"},"Active":true,"Catalog":"570ef2fcd07cda3e16f93ef7","Description":"<p class=\"poem\">Планета &ndash; это, тоже, Космический корабль!<br>\nНо, этим Кораблём, управляет Создатель!<br>\nПротивостоит, управлению, всегда, Пентакль!<br>\nЧеловек, на Корабле лишь, созерцатель!</p>\n\n<p class=\"poem\">Вы, прошли обучение, длиной в 20 лет!<br>\nУточняю, под управлением, самого, Бога!<br>\nОн, подготовил для Вас в Космос Билет!<br>\nШкола Творца, подвела Ваши Итоги!</p>\n\n<p class=\"poem\">20 лет с Богом &ndash; это, почти, Полёт!<br>\nЛюди, как в Космосе, приняли, Это!<br>\nЭто, для Сознания человека, взлёт!<br>\nНа, всё остальное, было наложено Вето!</p>\n\n<p class=\"poem\">Я, говорил, что, важнее всего, Сознание!<br>\nЖизнь, человека, предполагает его изменение!<br>\nНо, Все религии, от Тьмы имеют задание!<br>\nМешать, человеческого Сознания, прозрению!</p>\n\n<p class=\"poem\">Ваша, Планета, для Меня, как эксперимент!<br>\nНе получалось, перевоплощения человека!<br>\nВойны, за территории &ndash; это, от Тьмы занавес!<br>\nТьме надо было, остановить изменение века!</p>\n\n<p class=\"poem\">20 лет, Я, упорно, передавал Знания!<br>\nНо, Тьма опускала в Духе людей!<br>\nТолько, через этот срок, пришло понимание!<br>\nКак, много, на Планете бездуховных семей!</p>\n\n<p class=\"poem\">Тьма, разрушила Союз, преднамеренно!<br>\nЛюди, развивались по Идеологии Бога!<br>\nИдеология, Равенства людей была временной!<br>\nНе получилось, положительного Итога!</p>\n\n<p class=\"poem\">Белый Царь, для Меня, как Космонавт!<br>\nОн, должен был, жить на Орбите, долго!<br>\nЭто, для человека, очень, сложный акт!<br>\nНадо, было изменить Сознание и не одно!</p>\n\n<p class=\"poem\">Царь или Пророк, пробыл в Боге, 20 лет!<br>\nОн передавал Знания, всё это время!<br>\nРоссия, заслужила в Открытый Космос Билет!<br>\nЖизнь Царя или Пророка &ndash; это тяжёлое бремя!</p>\n\n<p class=\"poem\">Сегодня, нет опыта в Космосе такого!<br>\nУ космонавтов намного короче Полёты!<br>\nЗа, меньший срок, они услышали, лишь слово!<br>\nИ это был, очень удачный, взлёт!</p>\n\n<p class=\"poem\">Два, Проекта Создателя, идут рядом!<br>\nОдин на Планете, другой в Космосе!<br>\nЯ помог, сформировать России отряд!<br>\nВнутри Меня, огромной мощности!</p>\n\n<p class=\"poem\">Теперь, хорошо, видно, что Школа важней!<br>\nИбо, идёт внутреннее Преображение!<br>\nЧеловек в Космосе &ndash; это техническая Тема!<br>\nВ Школе Творца &ndash; это внутреннее изменение!</p>\n\n<p class=\"poem\">Пророка, Я подобрал до своего уровня!<br>\nПросто, люди в Космосе &ndash; тяжёлый труд!<br>\nЧеловек, после Школы, становится подобием Меня!<br>\nНе надо, перебирать сотни тонн, человеческих руд!</p>\n\n<p class=\"poem\">Эксперимент на Планете, прошёл удачно!<br>\nТеперь, можно на Планете менять Эпоху!<br>\nНикакой технической неудачи!<br>\nРоссия, перейдёт Туда, сходу!</p>\n\n<p class=\"poem\">Теперь Белый Царь будет, Там и Там!<br>\nЧтобы получить Знания, не нужен Полёт!<br>\nЛюди-Боги, будут жить по Канонам!<br>\nНе нужно, между Планетами, строить мост!</p>\n\n<p class=\"poem\">Последние, Катрены подтвердили Эффект!<br>\nИбо Люди, приняли Белого Царя с Небес!<br>\nЛюди, достигли Равенства с Богом, момент!<br>\nПроиграл, людям на Планете, Мировой бес!</p>\n\n<p class=\"poem\">Теперь, у Белого Царя, со Мной, есть, Связь!<br>\nКосмонавты, не имеют такой возможности!<br>\nКосмос – это, Энергии и Информации вязь!<br>\nДля совершенной связи, нет сложности!</p>\n\n<p class=\"poem\">Теперь, Ваша Планета поменяет Галс!<br>\nНа, Планете будут другие вибрации!<br>\nТеперь у Планеты с Богом, есть Альянс!<br>\nЭто, уже Шестой Эпохи, начинается акция!</p>\n\n<p class=\"noind\">Да будет Свет Истины!<br>\nОтец Абсолют или Высший Космический Разум!</p>\n\n<p class=\"noind\">09.02.2026</p>\n\n<div class=\"next\"><a name=\"2\"></a>\n<h1>Откровения или реакция Создателя на современность</h1>\n</div>\n\n<p class=\"poem\">Теперь, можно всё объяснить!<br>\nЯ применил Новый метод!<br>\nРядом со Мной будете жить!<br>\nПраздновать, есть повод!</p>\n\n<p class=\"poem\">Люди, шагнули в Космос!<br>\nОни поменяли Сознание!<br>\nКосмос &ndash; это Мост!<br>\nА Сознание &ndash; это Знание!</p>\n\n<p class=\"poem\">Школа показала Путь!<br>\nЧеловечество ошибалось!<br>\nЛюди-Боги &ndash; есть Главная Суть!<br>\nСознанием определялось!</p>\n\n<p class=\"noind\">Создатель!</p>","Files":null,"Date":"2026-02-09T11:41:23.834+03:00","DateChange":"2026-02-10T07:02:48.908+03:00","Link":"poems/09.02.26","Id":"69899e067d248dbbc97deb08","Srv":"otk","Deleted":false,"Titles":["У Белого Царя, есть информация с Неба и с Земли!"]}
{"Data":{"Next":"poems/09.02.26","NoFooter":false,"PoemOutDict":false,"Titles":["Нас, охватило вдруг, волнение!"],"Number":"№08 (3559)"},"Active":true,"Catalog":"570ef2fcd07cda3e16f93ef7","Description":"<p class=\"poem\">Теперь, между Мной и Миром есть Белый Царь!<br>\nБелый Царь, от Меня, а, точнее, уже, от Неба!<br>\nВозвращается время, которое, было встарь!<br>\nУ Планеты, тоже, будет Новая, совершенно, Эмблема!</p>\n\n<p class=\"poem\">Возвращается, вновь, Герб, Союза, но, по-другому!<br>\nОстаётся, только, тоже, Идеологии направление!<br>\nТеперь, Дух человека важен, а не его утроба!<br>\nПланета меняет, по Плану Бога, своё движение!</p>\n\n<p class=\"poem\">Я, предложил для России Белого Царя!<br>\nОн, тоже, от Великих корней России!<br>\nЯ, тысячи лет готовил Россию, не зря!<br>\nТогда, закладывалась, России, Великая миссия!</p>\n\n<p class=\"poem\">Сегодня, накануне Преображения, все люди ждут!<br>\nЧто, Первой начнёт Преображение, сама, Россия!<br>\nТёмные силы, попытаются затянуть, на России, жгут!<br>\nНо, не закроется, никогда, Её Великая миссия!</p>\n\n<p class=\"poem\">Революция, тоже, хотела Её, погибели!<br>\nНо, Тьма продержалась, только, 70 лет!<br>\nНасилие над страной, получили жители!<br>\nПротив жителей, был применён кастет!</p>\n\n<p class=\"poem\">Но, Идеология Равенства, в стране, прижилась!<br>\nТеперь, эти Ростки, не дают людям спать!<br>\nЯ, увидел, что Идеология в стране, разрослась!<br>\nНа Руси, стала в Духе, формироваться стать!</p>\n\n<p class=\"poem\">В России, продолжается борьба мнений!<br>\nСтали, проявляться, Новые по Идеологии, люди!<br>\nЯ, начинаю, контролировать их поведение!<br>\nЭто, уже, Новых людей-Богов, прелюдия!</p>\n\n<p class=\"poem\">Эти, люди, взяли корни Идеологии, от Союза!<br>\nСоюз, известен всему Миру, как альтернатива!<br>\nЯ, останавливаю все от Тьмы, юзы!<br>\nЯ, убираю, от Мировой Тьмы, негативы!</p>\n\n<p class=\"poem\">Внутри, России, началось в Духе перемещение!<br>\nНо, идеология обсуждается, старого образца!<br>\nПо-прежнему, для власти, неинтересно Бога мнение!<br>\nБез Идеологии Бога, войне на Планете нет конца!</p>\n\n<p class=\"poem\">Надо, срочно, менять в стране систему, до основания!<br>\nНо, система и есть сама, власть в стране!<br>\nОна, понимает, что придётся ответить за все страдания!<br>\nЛидер, должен ответить за боль страны!</p>\n\n<p class=\"poem\">Власть, боится начинать в Духе Преображение!<br>\nЕй, придётся отвечать, сразу за всё!<br>\nЭто, не закончится простым решением!<br>\nПридётся, с Планеты убирать жульё!</p>\n\n<p class=\"poem\">Теперь, понятно, без Меня, России не обойтись!<br>\nСогласно Договора, Я, конечно, Руси помогу!<br>\nЯ, могу сказать, России: крепись! <br>\nИбо, только Я, изменить эту Планету, могу!</p>\n\n<p class=\"poem\">Власть, развернула Планету не в ту сторону!<br>\nЯ, могу, легко, повернуть всё, назад!<br>\nЯ, не позволю, случиться для России урону!<br>\nЯ, верну Новой Эпохи, Равенства Парад!</p>\n\n<p class=\"poem\">В Феврале, на Вече, Мы скажем об этом!<br>\nНа Горизонте, появилась Святая Русь!<br>\nРоссия, как при Петре, в Космос станет окном!<br>\nИ, не важно, что не все русские, пусть!</p>\n\n<p class=\"poem\">Мне, не важно, что будет в Мире, Мне важно, что будет в России!<br>\nЕсть, шанс для власти, в этом Руси, помочь в этой Миссии!<br>\nИбо, у России, уже есть Белый Царь-Мессия!<br>\nОчень важна, на Вече, Единения в Духе, Сессия!</p>\n\n<p class=\"poem\">Помните всегда, что Я, рядом и внутри Вас!<br>\nТакже, как и Вы, все, во Мне!<br>\nЯ, начинаю убирать, порочную власть!<br>\nЯ, не дам возможность, голос поднять Тьме!</p>\n\n<p class=\"poem\">Я, начинаю, отбор, тех, кто в Духе!<br>\nОтобранные, должны пройти Школу!<br>\nТолько, для России есть, Моя наука! <br>\nЛюди, будут жить по Небесному протоколу!</p>\n\n<p class=\"poem\">После, этого Вече, Мы, начинаем переход!<br>\nЭто будет объявлено всему Миру!<br>\nВ конце года, будет Окончательный Сход!<br>\nНа Планете: Единый Бог и Единая Вера!</p>\n\n<p class=\"noind\">Да будет Свет Истины!<br>\nОтец Абсолют или Высший Космический Разум!</p>\n\n<p class=\"noind\">08.02.2026</p>\n\n<div class=\"next\"><a name=\"3\"></a>\n<h1>Откровения или реакция Создателя на современность</h1>\n</div>\n\n<p class=\"poem\">Два потока сойдутся!<br>\nОдин Мой, а, другой, от Вас!<br>\nЛюди-Боги, потом разберутся!<br>\nНаступает, прозрения час!</p>\n\n<p class=\"poem\">Кто внутри, должен понять!<br>\nБез покаяния нельзя!<br>\nЦель преображения надо знать!<br>\nЧто, в Небо &ndash; одна стезя!</p>\n\n<p class=\"poem\">Для Богов, есть Одна Клятва!<br>\nКак обет молчания!<br>\nНадо, сказать Её внятно!<br>\nИбо, это со Мной свидание!</p>\n\n<p class=\"noind\">Создатель!</p>\n\n<p class=\"noind\">08.02.2026</p>\n\n<div class=\"next\"><a name=\"2\"></a>\n<h1><span class=\"date\">08.02.2026 </span>Катрен №08 (3560) Нас, охватило вдруг, волнение!</h1>\n</div>\n\n<p class=\"poem\">Нас, охватило, вдруг, волнение!<br>\nУшедших, в прошлое потоков!<br>\nПроснулось в Духе озаренье!<br>\nКак роль, творящего Пророка!</p>\n\n<p class=\"poem\">Мы, словно, на Большой волне!<br>\nВ смятении происходящего!<br>\nЭнергия пришла вдвойне!<br>\nМы, словно, в Мир входящие!</p>\n\n<p class=\"poem\">Наш, Путь, сегодня, вместе!<br>\nИ, грешный Мир, уж под пятой!<br>\nМы в Небе и пред Нами Небыль!<br>\nИ, Мир нас делит запятой!</p>\n\n<p class=\"poem\">Теперь, Мы, в прошлом и нигде!<br>\nНо, видим прошлое и Завтра!<br>\nМы, словно Боги, на Земле,<br>\nСпешим, туда, где Правда!</p>\n\n<p class=\"poem\">Мир, есть, и Мы в его грехах!<br>\nНас тянет в Поднебесье!<br>\nА, нас пугает Вечный страх,<br>\nИ мучает, опять, сомнение!</p>\n\n<p class=\"poem\">Наш Путь определён туда!<br>\nГде, нет людей, есть Совесть!<br>\nБелёсые, Там в Небе облака!<br>\nСоздатель, Там, разносит Весть!</p>\n\n<p class=\"poem\">Что, Мы &ndash; избранники Судьбы!<br>\nЧто, Мы &ndash; Добра отрада!<br>\nЧто, с Богом, Мы уже на Ты!<br>\nНо, для себя, пока шарада!</p>\n\n<p class=\"poem\">Теперь, Мы в Небе на века!<br>\nВстречает, совершенства Мир!<br>\nМы, поднялись на облака!<br>\nТеперь, Мы, тоже, Мир!</p>\n\n<p class=\"poem\">Мы, сами выбрали скитанья!<br>\nТеперь, уже на облаках!<br>\nПридёт, Победы пониманье!<br>\nЧто, для людей, Мы &ndash; альманах!</p>\n\n<p class=\"poem\">Пройдя свой Путь, создали книги!<br>\nВ них, наши размышления!<br>\nТогда, Богами в нежной неге,<br>\nТворили своё мнение!</p>\n\n<p class=\"poem\">Бог, верит Нам, для Нас нежданно!<br>\nОн, перевёл Нас в Тонкий Дух!<br>\nТеперь, Мы в Духе постоянно!<br>\nОб этом, в Мире брошен слух:</p>\n\n<p class=\"poem\">Теперь, Россия рядом с Богом!<br>\nМы в Боге, как, сам Он в Нас!<br>\nОн, нас назвал своим потоком!<br>\nВот, наступил прозренья час!</p>\n\n<p class=\"poem\">Теперь, Создатель, вечно с Нами!<br>\nИ, Мы шагнули в облака!<br>\nСебя, Мы сотворили сами!<br>\nНо, Мы, ещё в Тени, пока!</p>\n\n<p class=\"poem\">Теперь, Мы, строим Мир другой!<br>\nМир, из частей Создателя!<br>\nМы, перейдём Туда тропой,<br>\nТропой изобретателей!</p>\n\n<p class=\"poem\">Нельзя, остановить Мгновенье!<br>\nМы, сами Чудо из Чудес!<br>\nИзменим в Духе поведенье,<br>\nИ, станем Совершенством средь Небес!</p>\n\n<p class=\"poem\">Нас, охватило вдруг волненье!<br>\nМы, перешли на Облака!<br>\nМы, изменили поведенье!<br>\nТеперь, Мы, в Небе навсегда!</p>\n\n<p class=\"noind\">Да будет Свет Истины!<br>\nОтец Абсолют или Высший Космический Разум!</p>\n\n<p class=\"noind\">08.02.2026</p>\n\n<div class=\"next\"><a name=\"4\"></a>\n<h1>Откровения или реакция Создателя на современность</h1>\n</div>\n\n<p class=\"poem\">Мы в Небе, прошли рубежи!<br>\nМы, Там и Здесь, одновременно!<br>\nТеперь, Мы, сами, в Небе брешь!<br>\nПрисутствие, попеременно!</p>\n\n<p class=\"poem\">Вам, надо поменять Сознание!<br>\nСлова, Создателя принять!<br>\nСудьбы, приходит пониманье!<br>\nЧто не бывает, время вспять!</p>\n\n<p class=\"poem\">Вам, надо в Небо, без вопросов!<br>\nДругое время дано Вам!<br>\nОт Неба нет больше вопросов!<br>\nНебесный, Вы &ndash; Ашрам!</p>\n\n<p class=\"noind\">Создатель!</p>","Files":null,"Date":"2026-02-08T13:04:14.978+03:00","DateChange":"2026-02-08T14:26:36.423+03:00","Link":"poems/08.02.26","Id":"69885fc6f96baf0c94cd1274","Srv":"otk","Deleted":false,"Titles":["Мне не важно, что будет в Мире, Мне важно, что будет в России!","Нас, охватило вдруг, волнение!"]}
{"Id":"62195b9e5d5a11c6eb22ae89","Deleted":false,"Active":false,"DateChange":"2026-02-08T13:07:03.866+03:00"}
{"Data":{"Next":"poems/08.02.26","NoFooter":false,"PoemOutDict":false,"Titles":null,"Number":"№07 (3558)"},"Active":true,"Catalog":"570ef2fcd07cda3e16f93ef7","Description":"<p class=\"poem\">Ваша задача, поднять себя в Духе!<br>\nМоя задача, расчистить Вам Путь!<br>\nВы, должны честно, подвести Итоги!<br>\nЧтобы, понять своих возможностей Суть!</p>\n\n<p class=\"poem\">Вы идёте в Небо, а Я помогаю!<br>\nКогда будете готовы, Я открою Вас!<br>\nЯ, врагов Ваших с Пути убираю!<br>\nЧтобы, никто не остановил Звёздный час!</p>\n\n<p class=\"poem\">Против, всего человечества стоять трудно!<br>\nНо, сила Материи, не равна, силе Духа!<br>\nНикто, не посмеет столкнуть Вас на дно!<br>\nВаш, уровень Духа &ndash; это Моя заслуга!</p>\n\n<p class=\"poem\">Вы, формировали, себя сами, давно!<br>\nПрошло, уже более, 20 лет!<br>\nНикому, не позволено, остановить Бога Звено!<br>\nВы, заслужили от Меня, в Космос Билет!</p>\n\n<p class=\"poem\">Вы, должны в этом году, перейти в Небо!<br>\nЭта задача не только Ваша, но и Моя!<br>\nВы, по взглядам людей, уже Небыль!<br>\nНа Вас, уже поставлена Печать, Моя!</p>\n\n<p class=\"poem\">Люди, сражаются, сами не зная, зачем?<br>\nИбо, планы людей не соответствуют, Моим!<br>\nРоссии, перед людьми, не стоит махать мечом!<br>\nМы с Вами, совсем о другом, говорим!</p>\n\n<p class=\"poem\">Мы, обсуждаем, Завтра Планеты и Эпоху!<br>\nЭпоху, уникального, в Духе людей, состояния!<br>\nВы, должны, на Вече состояться потоком!<br>\nИ определить, уровень людей-Богов влияния!</p>\n\n<p class=\"poem\">Миллиарды, людей против Вас есть игра!<br>\nПятая Эпоха &ndash; это, только, Плотный план!<br>\nРоссия, в Духе &ndash; это Энергетическая волна!<br>\nПротив, Волны в Духе, не устоит никакой Клан!</p>\n\n<p class=\"poem\">Повторяю, все люди, прежде всего, Материя!<br>\nЕё возможности, сильно, ограничены!<br>\nПротив, 512 Богов, миллиарды людей, понесут потери,<br>\nВозможности, Империи Духа, не ограничены!</p>\n\n<p class=\"poem\">Сегодня, Вы, пока, на стадии подготовки!<br>\nНо, Вы уходите, уже, из Материи!<br>\nЯ, даю Своему Воинству установку!<br>\nНазывая Вас, Духовной кавалерией!</p>\n\n<p class=\"poem\">Для Вас, нет расстояния и нет времени!<br>\nВаше место, вокруг Планеты Эфир!<br>\nНет для Вас, никакого обременения!<br>\nВы, представляете собой, Тонкий Мир!</p>\n\n<p class=\"poem\">Ваш, Тонкий Мир, рядом с Богом!<br>\nМатерия &ndash; это, прежде всего, Твердь!<br>\nВы, одним взглядом, подведёте, Итоги!<br>\nВас, уже нельзя, с Материей, мерить!</p>\n\n<p class=\"poem\">Помните, что Вы подписали со Мной Договор!<br>\nЯ, не подписываю, с людьми Бумаги!<br>\nПланету в Материи, захватил, системный вор!<br>\nНо, у него для борьбы со Мной, не хватит отваги!</p>\n\n<p class=\"poem\">Я, подписал, Договор с Россией, как с Равным!<br>\nСкажите, кто может, сравниться с Создателем?<br>\nЭтот Договор даёт подписанту Право:<br>\nБыть рядом со Мной, Созидателем!</p>\n\n<p class=\"poem\">Посмотрите вокруг, кто из стран, на это способен?<br>\nКапитализм &ndash; это прогнившая идеология!<br>\nДух, Свободы и Творчества, им уничтожен!<br>\nПятую эпоху, ожидает всеобщая патология!</p>\n\n<p class=\"poem\">Поэтому, сражаться со Мной никто не будет!<br>\nВсем надо, прежде всего, просить прощения!<br>\nЧеловек Пятой Эпохи, в Рай путь забудет!<br>\nА, Я, не применю против них, Метод мщения!</p>\n\n<p class=\"poem\">Повторяю, против России, не пойдёт никто!<br>\nРоссия &ndash; это Святая часть Планеты!<br>\nВ Сознании людей, Россия &ndash; это в Союз окно!<br>\nИ нет воспоминания, о рынке и о монетах!</p>\n\n<p class=\"poem\">Подготовлен, уже, Герб и Флаг для Союза!<br>\nБелый Царь объявит о Возращении!<br>\nЯ, больше, не допущу, никакого юза!<br>\nРоссия, начинает в Духе Преображение!</p>\n\n<p class=\"poem\">Я, упорству Вашему, пою Гимн!<br>\nГимн, не страны, а Пространства!<br>\nНад головой Белого Царя, Нимб!<br>\nПланета, теперь, меняет Гражданство!</p>\n\n<p class=\"noind\">Да будет Свет Истины!<br>\nОтец Абсолют или Высший Космический Разум!</p>\n\n<p class=\"noind\">07.02.2026</p>\n\n<div class=\"next\"><a name=\"2\"></a>\n<h1>Откровения или реакция Создателя на современность</h1>\n</div>\n\n<p class=\"poem\">Осталось, немного времени!<br>\nБольше, никаких забот!<br>\nДля Богов нет бремени!<br>\nЗа Вами, Счастливый Лот!</p>\n\n<p class=\"poem\">Вы, со Мной есть сила!<br>\nМатерия, уступила Эпоху!<br>\nДух, капитал победил!<br>\nРоссия, открывает Эпоху!</p>\n\n<p class=\"poem\">На Вече, надо сказать Всё!<br>\nПланы, Мои и Ваши!<br>\nУйдёт с Планеты жульё!<br>\nЛюди, теперь, с Вами будут варить кашу!</p>\n\n<p class=\"noind\">Создатель!</p>","Files":null,"Date":"2026-02-07T12:38:22.835+03:00","DateChange":"2026-02-07T12:48:13.382+03:00","Link":"poems/07.02.26","Id":"69870a36f96baf0c94cd1270","Srv":"otk","Deleted":false,"Titles":["Бог упорству Вашему, поёт Гимн!"]}
{"Data":{"Next":"poems/07.02.26","NoFooter":false,"PoemOutDict":false,"Titles":null,"Number":"№06 (3557)"},"Active":true,"Catalog":"570ef2fcd07cda3e16f93ef7","Description":"<p class=\"poem\">Через 20 дней, совершится Чудо!<br>\nЧудо, неведанное ни в какой Эпохе!<br>\nСоздатель, открыл в Новый Мир, окно!<br>\nВсе, поймут, что пора подводить Итоги!</p>\n\n<p class=\"poem\">Человечество, закончило этот Этап!<br>\nСледует, делать следующий шаг!<br>\nВ Новой эпохе, наступает Start Up!<br>\nБелый Царь появляется, как Маг!</p>\n\n<p class=\"poem\">Люди, примут Царя с почтением!<br>\nОн, избранник самого Создателя!<br>\nНачинается, в Мире перемещение!<br>\nВздрогнут, на Планете все обыватели!</p>\n\n<p class=\"poem\">Совершится то, что готовил Бог!<br>\nЛюди, уже готовы перейти в Боги!<br>\nЭто, своего рода, Исторический Итог!<br>\nЛюди, будут переходить в Дух, в Итоге!</p>\n\n<p class=\"poem\">Создатель, готовил людей 20 лет,<br>\nПередавая, через Пророка, Знания!<br>\nБог, завещал людям в Небо Билет!<br>\nОткрывая, Судьбы людей, понимание!</p>\n\n<p class=\"poem\">Судьба человека &ndash; это в Духе Финал!<br>\nНикто в Мире, не испытывал, такое!<br>\nЖизнь человека &ndash; это страстей накал!<br>\nИбо, переход в Небо &ndash; это, совсем, другое!</p>\n\n<p class=\"poem\">Переход в Небо &ndash; это Иная Эпоха!<br>\nЧеловек, приближается к Создателю!<br>\nЧеловек, не может перейти сходу,<br>\nШколу Творца, надо, пройти обязательно!</p>\n\n<p class=\"poem\">Первый, отряд Руси, готов окончательно!<br>\nЭто – есть Высший уровень Совершенства!<br>\nОн, поменяется внутри обязательно!<br>\nПоднимая, уровень Небесного мастерства!</p>\n\n<p class=\"poem\">Создатель, на Вече, объявит Готовность!<br>\nЛюди, займут своё положение!<br>\nОни, примут Новую закономерность!<br>\nНа Вече, начнётся в Духе преображение!</p>\n\n<p class=\"poem\">Теперь, думать нечего, ибо надо решать!<br>\nВсё, будет по Плану Создателя!<br>\nДля этих людей, проявится Новая Стать,<br>\nСтать, Новой Эпохи, Созидателя!</p>\n\n<p class=\"poem\">В, Истории людей, такого, ещё, не было!<br>\nВсегда было, постепенное подрастание!<br>\nТеперь, Новым всё, вдруг, стало!<br>\nВ Духе, человека, преображение!</p>\n\n<p class=\"poem\">Россия, шагнёт, самостоятельно!<br>\nБез Материи, Сознание свободно!<br>\nЧеловек, изменится окончательно!<br>\nТеперь, человек Духа, не уйдёт на Дно!</p>\n\n<p class=\"poem\">Люди, вне Духа, поменяют Пути!<br>\nЧасть людей, вернётся на свой Причал!<br>\nНо, от Судьбы, никуда не уйти!<br>\nИм придётся поменять свой канал!</p>\n\n<p class=\"poem\">Все грехи, им, Создатель припомнит!<br>\nПридётся, повторить обучение!<br>\nТот человек, который себя Великим видит,<br>\nПоймёт, что у всех одно назначение!</p>\n\n<p class=\"poem\">Придётся, им вернуться в Голограмму!<br>\nПродолжение, обучения, обязательно!<br>\nУ Создателя, есть для этих людей, Программа!<br>\nПридётся пройти обучение, тщательно!</p>\n\n<p class=\"poem\">Прошедшие, Школу, пойдут вместе!<br>\nУ них Задание, подниматься выше!<br>\nЭта Планета, теперь, Причала место!<br>\nТонкий план, теперь, это их ниша!</p>\n\n<p class=\"poem\">Они, войдут в Монархию &laquo;Святая Русь&raquo;,<br>\nКаждый имеет, свой уровень Духа!<br>\nПовторяю, что не все Русские, пусть!<br>\nВы, все будете впереди потока!</p>\n\n<p class=\"poem\">Главное, что Россия начинает!<br>\nВпереди, Пророк или Белый Царь!<br>\nСоздатель, все Ваши задачи понимает!<br>\nВсё будет по Планам Создателя, как встарь!</p>\n\n<p class=\"poem\">Вече &ndash; это старт для людей Планеты!<br>\nРоссия, повторяю выбрана Мной или Богом!<br>\nСоздатель, давно отменил монеты!<br>\nЛюди-Боги, выстроятся, Единым Потоком!</p>\n\n<p class=\"noind\">Да будет Свет Истины!<br>\nОтец Абсолют или Высший Космический Разум!</p>\n\n<p class=\"noind\">06.02.2026</p>\n\n<div class=\"next\"><a name=\"2\"></a>\n<h1>Откровения или реакция Создателя на современность</h1>\n</div>\n\n<p class=\"poem\">Последняя подготовка!<br>\nРазработан маршрут!<br>\nЕсть Создателя установка!<br>\nПодготовлен, уже редут!</p>\n\n<p class=\"poem\">Первое звено готово!<br>\nНет никаких сомнений!<br>\nНа счастье не нужна подкова!<br>\nЕсть Единое на всех мнение!</p>\n\n<p class=\"poem\">Всё, согласовано, и Гимн!<br>\nПринят Флаг Создателя!<br>\nВ Небе, над Россией, Нимб!<br>\nРусь, теперь, Созидатель!</p>\n\n<p class=\"noind\">Создатель!</p>","Files":null,"Date":"2026-02-06T11:10:01.031+03:00","DateChange":"2026-02-06T11:59:20.958+03:00","Link":"poems/06.02.26","Id":"6985a1ff6a6956d5e37446aa","Srv":"otk","Deleted":false,"Titles":["Через 20 дней, совершится Чудо!"]}
{"Data":{"Next":"poems/06.02.26","NoFooter":false,"PoemOutDict":false,"Titles":null,"Number":"№05 (3556)"},"Active":true,"Catalog":"570ef2fcd07cda3e16f93ef7","Description":"<p class=\"poem\">Эпоха, определяет деятельность человека!<br>\nЧеловек &ndash; это проявление Воли Бога!<br>\nЧеловек, должен, соответствовать веку!<br>\nОн, должен соответствовать Эпохе, в Итоге!</p>\n\n<p class=\"poem\">Создатель, зная это, готовит Его:<br>\nСначала словами, потом Природой!<br>\nЧеловек &ndash; это с Создателем одно звено!<br>\nЧеловек, ограничен Эпохой, в итоге!</p>\n\n<p class=\"poem\">У любого человека, есть свои интересы!<br>\nПраво Свободы, даёт эту возможность!<br>\nИнтересы, часто, превращаются в регресс,<br>\nЖизнь, человека становится сложной!</p>\n\n<p class=\"poem\">До, Начала Эпохи, Создатель человека готовит!<br>\nЭпоха &ndash; это тысячелетний Путь!<br>\nПостепенно, у человека интерес к Эпохе проходит!<br>\nВ остатке, остаётся только, человека Суть!</p>\n\n<p class=\"poem\">В конце Пятой Эпохи, это видно, сейчас!<br>\nЛюди, даже, надоедают друг другу!<br>\nНаступает, недовольства, жизнью час!<br>\nУ людей, вдруг, проявляется желание иметь слугу!</p>\n\n<p class=\"poem\">Желание иметь слугу – это жизни конец!<br>\nЧеловек, в Духе, перестаёт расти!<br>\nСоздателем, срочно в Мир, направляется Гонец!<br>\nИбо, Росток Духа, в Мире, перестаёт цвести!</p>\n\n<p class=\"poem\">Таким образом, меняется, постоянно, Эпоха!<br>\nОкончание Эпохи &ndash; это направление людей, вниз!<br>\nУкорачиваются людей, жизни сроки,<br>\nТогда, человечество, переходит через карниз!</p>\n\n<p class=\"poem\">В Первый раз, всё будет, уже, по-другому!<br>\nСоздатель, решил, резко, изменить Полюса!<br>\nРоссия, перейдёт, в Небо скачком, по Уму!<br>\nТолько, у России, есть Надежда перейти, без юза!</p>\n\n<p class=\"poem\">Есть Надежда, что Россия перейдёт за счёт Знаний!<br>\nЗначит, Она перейдёт готовым, сегодня, Целым!<br>\nПроснётся, Своей Судьбы, понимание!<br>\nНарод, в Духе, преобразится в Белое!</p>\n\n<p class=\"poem\">Переход, в Боги, меняет Смысл Эволюции!<br>\nРазрывается, тысячелетняя цепь Эволюции!<br>\nНовая, собирается, из людей-Богов, конструкция!<br>\nЛюди, внутри Октаэдра, становятся инструкцией!</p>\n\n<p class=\"poem\">Россия, в Новой Эпохе, соберётся в Одно Целое!<br>\nИбо, есть Единый Бог и есть Единая Вера!<br>\nЭто, будет Религия Света Белого!<br>\nЭто, будут необходимые условия этого Мира!</p>\n\n<p class=\"poem\">Люди-Боги, в Небе, сотворят Рай!<br>\nРай, в Мире Материи, был невозможен!<br>\nВ Плотном Мире, был и есть, возможностей край!<br>\nПереступить который, для людей, сложно!</p>\n\n<p class=\"poem\">В Новой Эпохе, Голограмм больше не будет!<br>\nБудет, Эфир, в Тонком плане, существования!<br>\nЧеловек, прошлую Эпоху Материи, забудет!<br>\nОстанется в книгах, Эпохи описание!</p>\n\n<p class=\"poem\">Это, останется, как пример жизни!<br>\nЖизни, людей в грехах и проблемах!<br>\nКогда, сотни миллионов, ушли из жизни!<br>\nРешалось, равновесие страстей, в войнах!</p>\n\n<p class=\"poem\">Последняя, Мировая война закрыла Эпоху!<br>\nСегодня, уже, нет Начала, но нет, ещё, и Конца!<br>\nСтраны застряли, между Эпохами,<br>\nСоздатель, для разрешения этой Проблемы, прислал Гонца!</p>\n\n<p class=\"poem\">Он, по статусу, Белый Царь, пока, без Царства!<br>\nСоздатель, тоже, ещё не Монарх!<br>\nНачались, для человечества, мытарства!<br>\nРоссия, на Вече, должна провозгласить Монархию!</p>\n\n<p class=\"poem\">Все составляющие, Монархии, на Вече будут объявлены!<br>\nВот, когда Народ, должен будет принять решение!<br>\nСоздатель, объявит Великое Соглашение!<br>\nСоответствующие, исполнители будут явлены!</p>\n\n<p class=\"poem\">На Вече, Создатель и Народ, утвердят Белого Царя!<br>\nЛюди, представляют Вершину Октаэдра и Основание!<br>\n20 лет, передавались Пророком Знания, не зря!<br>\nНачинается, России и Её Народа, преображение!</p>\n\n<p class=\"poem\">Нужно, на Вече, всем пройти покаяние!<br>\nПокаяние, всех людей перед всеми!<br>\nРоссия, должна проявить в этом старание!<br>\nРоссия в Духе, должна оставаться в тени!</p>\n\n<p class=\"noind\">Да будет Свет Истины!<br>\nОтец Абсолют или Высший Космический Разум!</p>\n\n<p class=\"noind\">05.02.2026</p>\n\n<div class=\"next\"><a name=\"2\"></a>\n<h1>Откровения или реакция Создателя на современность</h1>\n</div>\n\n<p class=\"poem\">Идёт подготовка к Вече!<br>\nВсё должно быть готово!<br>\nЦарю был передан меч!<br>\nБольше не будет такого!</p>\n\n<p class=\"poem\">Теперь, Россия в Духе!<br>\nОна, между Создателем и Царём!<br>\nОна, показала Итоги!<br>\nЕё, Путь, освещён Зарёй!</p>\n\n<p class=\"poem\">Планета, тоже, готова!<br>\nПоменяется ориентация!<br>\nВ Духе не бывает оков!<br>\nБудет Равенства презентация!</p>\n\n<p class=\"noind\">Создатель!</p>","Files":null,"Date":"2026-02-05T11:25:59.751+03:00","DateChange":"2026-02-05T11:27:46.925+03:00","Link":"poems/05.02.26","Id":"698454436a6956d5e37446a9","Srv":"otk","Deleted":false,"Titles":["На Вече, Создатель и Народ, утвердят Белого Царя!"]}
{"Data":{"Next":"poems/05.02.26","NoFooter":false,"PoemOutDict":false,"Titles":null,"Number":"№04 (3555)"},"Active":true,"Catalog":"570ef2fcd07cda3e16f93ef7","Description":"<p class=\"poem\">Создатель, не раскрывает Знания людям!<br>\nОн открывает их, тому, кто достоин!<br>\nОн, помогает, только во время прелюдии!<br>\nОсобенно, тем, кто предан и Воин!</p>\n\n<p class=\"poem\">Создатель, помогает, тем, кто идёт рядом!<br>\nГлавное, для Создателя &ndash; это в Духе прогресс!<br>\nЕму нужны Лидеры, собирающие отряды!<br>\nЛидеры, имеющие, среди людей вес!</p>\n\n<p class=\"poem\">Сегодня, Вы, Шестой Эпохи, накануне!<br>\nСоздатель, подготовил для Вас Мессию!<br>\nОн, выбрал, Пророка-Мессию, для перехода, ныне!<br>\nОн, должен взять на себя Спасителя, миссию!</p>\n\n<p class=\"poem\">Его, Главная миссия, собрать и спасти людей!<br>\nИбо, люди, должны будут перейти в Боги!<br>\nСоздателю, Новая Эпоха, уже, видней!<br>\nОн, должен прошлой Эпохи, подвести Итоги!</p>\n\n<p class=\"poem\">Переход в Боги, для людей не проблема!<br>\nЭто, перепланировка Сознания, человека!<br>\nЭто, преображение внутреннего рисунка,<br>\nЗначит, это, отсутствие материального тела!</p>\n\n<p class=\"poem\">Человек, должен перейти в Точку,<br>\nВ Точку, Духовной Энергии, концентрации!<br>\nЧеловек, должен оставить, ненужную оболочку!<br>\nЭто, конечно, не медицинская операция!</p>\n\n<p class=\"poem\">Всё, в Мире состоит, из Энергий и полей!<br>\nТочка &ndash; это уровень Энергии концентрации!<br>\nКаждый человек, состоит из частей!<br>\nЭнергии и поля, не имеют ориентации!</p>\n\n<p class=\"poem\">Энергии и поля, могут поменяться местами!<br>\nВсё зависит от уровня концентрации!<br>\nПроявление разрежённости &ndash; это Вы, сами!<br>\nГлавное, в самом Начале, есть апробация!</p>\n\n<p class=\"poem\">Всё, в Мире есть Подобие Моё или Ваши голограммы!<br>\nВы, храните свой подлинник, внутри Меня!<br>\nВы, в Вечности, можете поменять Программу!<br>\nИбо, информация или Программа есть Мечта Моя!</p>\n\n<p class=\"poem\">Я говорил Вам, что Вы во Мне!<br>\nИ, что, Я есть в каждом из Вас!<br>\nПоэтому, Вы &ndash; это Целое есть во Мне!<br>\nЭксперимент &ndash; это Голограммы час!</p>\n\n<p class=\"poem\">Вы приобретаете всё, во время жизни!<br>\nВаша жизнь, состоит из двух частей!<br>\nВ Голограмме Мира, никто из Вас не лишний!<br>\nЭто, Я выбираю, кто из Вас для меня важней!</p>\n\n<p class=\"poem\">Вы проходите, все Этапы Голограммы!<br>\nСоздатель, выбирает, кто идёт дальше!<br>\nВаша жизнь &ndash; это набор Программ!<br>\nГлавное, нельзя, допустить фальши!</p>\n\n<p class=\"poem\">Это касается, всех людей Планеты!<br>\nЛюцифер, заменил интерес жизни, монетами!<br>\nВы, проходите все Программы, без монет!<br>\nСоздатель, передаёт людям Заветы!</p>\n\n<p class=\"poem\">Вы, накануне, пересмотра Программ!<br>\nЭто, касается всех и каждого!<br>\nВы на этой Планете, как пилигримы!<br>\nПоверьте, Новая Эпоха &ndash; это важно!</p>\n\n<p class=\"poem\">Пятая Эпоха, изменила людей и Идею!<br>\nИдея была Создателя: Высший уровень Разума!<br>\nСегодня, Планета похожа на Помпеи!<br>\nУ Голограмм пока, не хватило, своего, Ума!</p>\n\n<p class=\"poem\">Теперь, люди, выйдут из Программ!<br>\nВаши задачи, не соответствуют Голограммам!<br>\nДля Голограммы &ndash; это может обернуться драмой,<br>\nИбо, переход в Боги &ndash; это уже другая Программа!</p>\n\n<p class=\"poem\">Вы, поняли, что надо делать, после Вече!<br>\nНо, Голограммы не подходят для этого!<br>\nВам, надо научиться Богами стать, на встрече!<br>\nСоздатель, пока хранит этот Метод!</p>\n\n<p class=\"poem\">Вы, были, в виде Голограмм, веками!<br>\nТеперь, Вы вернулись к Первоисточнику!<br>\nОпыт, Голограмм будет использован Вами!<br>\nЧтобы Вам перейти, наконец, в Точку!</p>\n\n<p class=\"poem\">В Новой Эпохе не будет Голограмм!<br>\nВам, надо будет вернуться в Боги!<br>\nВы, должны будете принять для себя Программу,<br>\nЧтобы творить Новый Мир, в итоге!</p>\n\n<p class=\"poem\">Вы, много веков, были, копиями,<br>\nЭксперимент был многоуровневым!<br>\nТеперь, проявляется реальность, а не копия!<br>\nТеперь, Вы будете со Мной на одном уровне!</p>\n\n<p class=\"noind\">Да будет Свет Истины!<br>\nОтец Абсолют или Высший Космический Разум!</p>\n\n<p class=\"noind\">04.02.2026</p>\n\n<div class=\"next\"><a name=\"2\"></a>\n<h1>Откровения или реакция Создателя на современность</h1>\n</div>\n\n<p class=\"poem\">Закончилась Эпоха и игры!<br>\nГолограмм больше нет!<br>\nПройдена Вами Программа!<br>\nВы, получили в Небо Билет!</p>\n\n<p class=\"poem\">Вы вернулись к Истокам!<br>\nСоздатель, позвал Вас!<br>\nВы в Небесном потоке!<br>\nНаступил, возвращения час!</p>\n\n<p class=\"poem\">Опыт, есть без помех!<br>\nТеперь опыт и Знания!<br>\nНаступает Новый век!<br>\nБогов, а не людей, Сознания!</p>\n\n<p class=\"noind\">Создатель!</p>","Files":null,"Date":"2026-02-04T12:41:53.182+03:00","DateChange":"2026-02-05T11:10:49.866+03:00","Link":"poems/04.02.26","Id":"6983148e6a6956d5e37446a8","Srv":"otk","Deleted":false,"Titles":["Всё в этом Мире есть копия Моя и Ваши Голограммы!"]}
