{"Id":"62195b9e5d5a11c6eb22ae89","Deleted":false,"Active":false,"DateChange":"2025-10-01T12:10:02.548+03:00"}
{"Data":{"Next":null,"NoFooter":false,"PoemOutDict":false,"Titles":null,"Number":"№01 (3425)"},"Active":true,"Catalog":"570ef2fcd07cda3e16f93ef7","Description":"<p class=\"poem\">Нужно восстановить, наконец, религию Бога!<br>\nИ, остановить все прошлых, веков, течения!<br>\nВ прошлом, всегда, были плохие Итоги!<br>\nРелигии &ndash; это психологические разделения!</p>\n\n<p class=\"poem\">Надо заставить людей услышать Создателя!<br>\nВ этом, есть Единение в Духе и Спасение!<br>\nНе нужны будут, в Новом Мире, обыватели,<br>\nНужны всем людям, Создателя, Откровения!</p>\n\n<p class=\"poem\">Нужно поменять, отжившую часть!<br>\nСтрах, современных, людей, не от Бога!<br>\nИз прошлого, не сотворить, Новых людей, масть,<br>\nНовые, нужны Создателю, потоки!</p>\n\n<p class=\"poem\"><b>Слова Создателя &ndash; это Истина для всех!<br>\nДля перевода их на Музыку, нужно разрешение!<br>\nЧеловек не в Боге, всему помеха!<br>\nМузыка Катренов &ndash; это Создателю служение!</b></p>\n\n<p class=\"poem\">Вы, пропустили Важный Этап, придётся вернуться!<br>\nЭта ошибка есть отсутствие Веры!<br>\nСовершенствованию в Духе нельзя остановиться,<br>\n Преображению, в Духе, есть, всегда, мера!</p>\n\n<p class=\"poem\">Ваш Постриг в Боги &ndash; это Мудрость веков!<br>\nВаш Путь &ndash; это Путь Посвящения!<br>\nСоздатель, освободил Россию и Вас, от оков!<br>\nВы, выбраны быть к Богу движением!</p>\n\n<p class=\"poem\">Но, Вы, упростили свой Путь, до быта!<br>\nЛюди России, повторяют, Ваш выбор!<br>\nИдеология, Равенства и Любви, людьми забыта,<br>\nСоздатель начинает, уже, Свой строгий отбор!</p>\n\n<p class=\"poem\">Все, люди Мира поспешили к Богу в 12 году!<br>\nЛюди, приходили к Богу с вещами!<br>\nНо, Создатель, не говорил с людьми на эту Тему!<br>\nБог, предложил, преобразить Мир, своими руками!</p>\n\n<p class=\"poem\">Россия, начала Преображение, не зная этого!<br>\nРоссия, стала получать от Создателя, Знания!<br>\nСоздатель, прислал Пророка &ndash; Мессию для того,<br>\nСоздатель, открыл Пророку, Судьбы Руси, понимание!</p>\n\n<p class=\"poem\">Россия вернулась в капитализм, сама!<br>\nС Равенством и Любовью, было покончено!<br>\nНачалась, для России другая глава,<br>\nНаселение России, на рабство, было обречено!</p>\n\n<p class=\"poem\">Резко, изменился Народ России, в целом!<br>\nЛюди не поняли, что, вдруг, случилось!<br>\nЛюди забыли Союз и Свет Белый!<br>\nСтрана в безумие и воровство, покатилась!</p>\n\n<p class=\"poem\">Остались, люди с Душой Равенства, но, мало!<br>\nНачалось растаскивание, по частям, страны!<br>\nИдеологии Равенства, уже, не стало!<br>\nНе стало людей, в Духе, Родных!</p>\n\n<p class=\"poem\">Создатель, начал Мира и Руси, восстановление!<br>\nОн подготовил более 30 томов книг!<br>\nТрудно было, к Богу восстановить движение!<br>\nДух Свободы, неожиданно, сник!</p>\n\n<p class=\"poem\">Стало, меньше Духа и, меньше, конечно, людей!<br>\nНе просто, стало меньше, а, уже, в разы!<br>\nДля Мира, эта ситуация, стала, намного, тревожнее,<br>\nОна стала прелюдией, самой серьёзной, грозы!</p>\n\n<p class=\"poem\">Война, Славян &ndash; это для Мира, начало Конца!<br>\nВесь Мир хочет уничтожить, Россию!<br>\nНо, Создатель, прислал, ради спасения, Своего Гонца!<br>\nКоторый, должен будет, исполнить эту Миссию!</p>\n\n<p class=\"poem\">Но, сегодня, Россия &ndash; уже, страна другая!<br>\nГде есть, живущие, ради всех и ради, себя!<br>\nОбстановка в стране, тоже, совсем иная,<br>\nБогом, была указана, спасительная стезя!</p>\n\n<p class=\"poem\">Люди пали Духом, и есть страх за жизнь!<br>\nПрошлое, не может стать, для людей, Завтра!<br>\nПророк-Мессия, получил от Бога План, как быть!<br>\nОн, знает, какую Россия, ожидает Правду!</p>\n\n<p class=\"poem\">Пророк предложил Путь в Боги!<br>\nНо, это будет, только, в Шестой Эпохе!<br>\nРоссия в начале года, должна подвести Итоги!<br>\nИ выстроить людей в Едином потоке!</p>\n\n<p class=\"noind\">Да будет Свет Истины!<br>\nОтец Абсолют или Высший Космический Разум!</p>","Files":null,"Date":"2025-10-01T11:33:01.005+03:00","DateChange":"2025-10-01T12:09:17.744+03:00","Link":"poems/01.10.25","Id":"68dce7719a0a8a0777579c68","Srv":"otk","Deleted":false,"Titles":["Создатель, начал Мира и России, восстановление!"]}
{"Data":{"Next":"poems/01.10.25","NoFooter":false,"PoemOutDict":false,"Titles":null,"Number":"№30 (3424)"},"Active":true,"Catalog":"570ef2fcd07cda3e16f93ef7","Description":"<p class=\"poem\">Мир, скоро треснет от вражды!<br>\nСегодня трудно понять, кто против кого!<br>\nМир изменится, скоро, однажды!<br>\nМир окажется в бездне и глубоко!</p>\n\n<p class=\"poem\">Нельзя, допустить третьей войны!<br>\nЯдерная война для людей, напоследок!<br>\nСегодня, силы в Мире совсем не равны!<br>\nМир, ничего от Бога, не унаследовал!</p>\n\n<p class=\"poem\">Россия, пытается объяснить опасность!<br>\nНо, это, бесполезный крик вопиющего!<br>\nНикто не обращает, внимания, на страстность,<br>\nИбо, Россия, страна, сама воюющая!</p>\n\n<p class=\"poem\">Не хочет войны, только малая часть России!<br>\nТа, часть, которая уже двадцать лет, в Боге!<br>\nВедёт к Миру Россию, Пророк-Мессия!<br>\nВесной, закончится эта война, в Итоге!</p>\n\n<p class=\"poem\">России трудно понять, что надо делать!<br>\nЛюди не понимают, что Эпоха подошла к Концу!<br>\nНовая Эпоха, будет согласно, Ведам!<br>\nВласть, России, мечтает подобраться к Венцу!</p>\n\n<p class=\"poem\"><b>Власти, считают, что ничего не случится!<br>\nХотя, Канон Эволюции видит уже перемены!<br>\nСогласно Небу, Шестая Эпоха стучится,<br>\nСоздатель, уже готовит человечеству, смену!</b></p>\n\n<p class=\"poem\">Создатель, подготавливает людей к этому!<br>\nСпасение людей заключено в Любви!<br>\nСоздатель обсуждает с людьми эту Тему!<br>\nНо, пресса продолжает говорить о крови!</p>\n\n<p class=\"poem\">Россия, начинает обсуждать условия!<br>\nИз людей останутся, только, те, кто в Духе!<br>\nНе останется никаких, прежних, сословий!<br>\nРади спасения, надо раствориться друг в друге!</p>\n\n<p class=\"poem\">Время бежит, мало остаётся возможностей!<br>\nСпасутся русские, которые в Духе!<br>\nНе будет для Них, никаких сложностей!<br>\nЕсли, станут Они, Едиными в Духе!</p>\n\n<p class=\"poem\">Путь сложный, если нет правильной Идеологии! <br>\nИдеология Бога &ndash; Равенство и Любовь!<br>\nВласть и богатство &ndash; это в Духе патология!<br>\nИ очень, плохая у людей, кровь!</p>\n\n<p class=\"poem\">На Вече не все смогли подняться, как надо!<br>\nПервые не приняли на себя Ответственность!<br>\nСтрах людей &ndash; это, всегда, преграда!<br>\nЕсли есть страх, то, необходима, взвешенность!</p>\n\n<p class=\"poem\">Пришлось поменять, Первых, пока не всех!<br>\nПроизошло, серьёзное предупреждение!<br>\nСтрах внутри &ndash; это для всех помеха!<br>\nНачинается, людей уже Создателем, исключение!</p>\n\n<p class=\"poem\">Школа Творца &ndash; это всех людей обучение!<br>\nОбучение, быть воином и Богом, вместе!<br>\nЭти люди пройдут, и Небесами облучение!<br>\nЧтобы помочь, начать Спасение, в одном месте!</p>\n\n<p class=\"poem\">Эти выводы сделаны на самом Верху!<br>\nИбо, страх приостанавливает движение!<br>\nЛюди, потеряли Ответственности меру!<br>\nБог, остановил Договора, расторжение!</p>\n\n<p class=\"poem\">Теперь, надо сделать последний вздох!<br>\nВпереди очень напряжённый труд!<br>\nВам, надо сформировать в Боге поток,<br>\nНадо переработать тысячи тонн руд!</p>\n\n<p class=\"poem\">Вам, надо, твёрдо стоять на позиции!<br>\nСпасители, только, Вы и никто другой!<br>\nЭто самая, ответственная, экспедиция,<br>\nВы, отвечаете, за Новый Мир, головой!</p>\n\n<p class=\"noind\">Да будет Свет Истины!<br>\nОтец Абсолют или Высший Космический Разум!</p>","Files":null,"Date":"2025-09-30T12:57:27.506+03:00","DateChange":"2025-09-30T12:58:57.265+03:00","Link":"poems/30.09.25","Id":"68dba9b9b824d968c4ae9368","Srv":"otk","Deleted":false,"Titles":["Вам, надо твёрдо стоять на позиции!"]}
{"Data":{"Next":"poems/30.09.25","NoFooter":false,"PoemOutDict":false,"Titles":null,"Number":"№29 (3423)"},"Active":true,"Catalog":"570ef2fcd07cda3e16f93ef7","Description":"<p class=\"poem\">Вы, единственные у Создателя, ибо Вы &ndash; Боги!<br>\nМного людей, от традиционных религий!<br>\nВам, надо, в Небе подвести Итоги!<br>\nВы в Боге и, поэтому, Вас не тяготят вериги!</p>\n\n<p class=\"poem\">Любовь, поднимает, только, Вас в Небо!<br>\nЭто, состояние счастья, для Вас, быть в Боге!<br>\nРеальность, для Вас, как раньше, Небыль!<br>\nТолько, Вы можете изменить на Планете, Итоги!</p>\n\n<p class=\"poem\">Вам, надо понять собственное желание!<br>\nВ Любви, это сделать совсем, не трудно!<br>\nЧеловек, не слышащий Моих Посланий,<br>\nОчень быстро, при жизни, уйдёт на дно!</p>\n\n<p class=\"poem\">Создатель долго говорит о Любви, в ожидании!<br>\nИбо, Истинная Любовь &ndash; это чистота Духа!<br>\nЛюбовь &ndash; это двух Душ сближение,<br>\nБез Любви, человека ожидает, разруха!</p>\n\n<p class=\"poem\">Вам, надо, с вниманием посмотреть на всех!<br>\nУ всех, вокруг Вас, Сознание человека-Бога!<br>\nПовторяю, при Любви, в жизни не бывает помех!<br>\nПри Любви, Вы, конечно, успешно, подведёте Итоги!</p>\n\n<p class=\"poem\">Не оставляйте никого, из людей, одного!<br>\nНе давайте, повода ему, на искушение!<br>\nУ человека, в этом случае, на Душе нехорошо!<br>\nОн, может изменить, направление движения!</p>\n\n<p class=\"poem\">Вы, провели Историческое Вече, значит, поднялись!<br>\nТеперь, проявите Любовь к окружающим!<br>\nВедь, Вы за этот трудный Путь, вместе, взялись,<br>\nТеперь, Вы есть Команда, в Любви, побеждающая!</p>\n\n<p class=\"poem\">Вам, предстоит Путь, в Новый Мир или в Небо!<br>\nВы, уже начали расширять свой плацдарм!<br>\nВы, должны идти прямо и никогда, влево!<br>\nВы, должны Миру, нести своей Любовью, шарм!</p>\n\n<p class=\"poem\">Есть понятие в Мире: Любовь человека!<br>\nРоссия, несёт понятие: Любовь Народа!<br>\nЭта метаморфоза, в преддверии Нового века!<br>\nВы, меняете, собой, уже, людей породу!</p>\n\n<p class=\"poem\">Вам, надо, на Планете нести Любовь!<br>\nКо всем людям Планеты и к каждому!<br>\nТолько, для Плотного плана, важна кровь!<br>\nВ Тонком плане, Любовь и Сознание, важно!</p>\n\n<p class=\"poem\">Постарайтесь, уважать в Любви, каждого!<br>\nИбо уважение, перерастёт в Любовь, Бога!<br>\nПоверьте, для Новой Эпохи, это важно!<br>\nСознание важнее, чем разум, в итоге!</p>\n\n<p class=\"poem\">Посмотрите, на всех с трепетом!<br>\nВы увидите, как откликнутся, люди!<br>\nГрань, это как Семья, в Божьем Завете!<br>\nЭто Новых людей-Богов, прелюдия!</p>\n\n<p class=\"poem\"><b>В Новой Эпохе, Любовь &ndash; это не быт!<br>\nБудет, Душ Ваших переплетение!<br>\nВы, будете, вместе, в Небе жить!<br>\nЭто называется, в Духе, обретение!</b></p>\n\n<p class=\"poem\">В Духе, Вы будете, как одно Целое!<br>\nВ Плотном плане, такого не могло быть!<br>\nВы, будете нести Свет Белый,<br>\nВы, будете, совсем, по-другому жить!</p>\n\n<p class=\"poem\">Любовь в паре, это, только, в Материи!<br>\nКак, необходимость продолжения людей!<br>\nВ Тонком плане, будет другой критерий,<br>\nОн будет, для Мира, намного важней!</p>\n\n<p class=\"poem\">Вы, поймёте, что Любовь &ndash; это состояние!<br>\nСчастье, когда есть Пространство Любви!<br>\nМир Любви &ndash; это Ваше достояние!<br>\nВы, будете в Космосе, как Любви огни!</p>\n\n<p class=\"noind\">Да будет Свет Истины!<br>\nОтец Абсолют или Высший Космический Разум!</p>","Files":null,"Date":"2025-09-29T11:31:55.444+03:00","DateChange":"2025-09-29T11:33:31.523+03:00","Link":"poems/29.09.25","Id":"68da442eb824d968c4ae9364","Srv":"otk","Deleted":false,"Titles":["Вам, надо, на Планете нести Любовь!"]}
{"Data":{"Next":"poems/29.09.25","NoFooter":false,"PoemOutDict":false,"Titles":null,"Number":"№28 (3422)"},"Active":true,"Catalog":"570ef2fcd07cda3e16f93ef7","Description":"<p class=\"poem\">Человек грустит о том, чего нет!<br>\nОн грустит, и о том, что будет!<br>\nУ Него, на будущее нет ответа,<br>\nОн и прошлое, никогда не забудет!</p>\n\n<p class=\"poem\">Человек, живёт прошлым, не зная завтра!<br>\nОн, в ожидании и в искушении!<br>\nЖизнь, Его сопровождает ложь и неправда!<br>\nНо, Он привык жить, в смирении!</p>\n\n<p class=\"poem\">Перед Ним, только слова и блуд!<br>\nОн, сам себе, пример, тщеславия!<br>\nОн, готов, ради этого, съесть соли пуд,<br>\nТолько, такая жизнь, не имеет названия!</p>\n\n<p class=\"poem\">Человек, даже во власти, всё равно раб!<br>\nОн, раб, представлений и грехов!<br>\nДля Него жизнь &ndash; это рабства, этап,<br>\nЧеловек, ещё не поднимался, до Верхов!</p>\n\n<p class=\"poem\">Человек есть частица Бога, но, не лучшая!<br>\nЭпохи и Века испортили человека!<br>\nРазвитие, человек, получил худшее,<br>\nТолько, сегодня, Новые впереди есть века!</p>\n\n<p class=\"poem\">Человек рвётся, но ничего не может!<br>\nОн, должен выбрать, между Тьмой и Светом!<br>\nЕго, постоянно, Совесть гложет!<br>\nЧеловек, нарушает, постоянно, Бога Заветы!</p>\n\n<p class=\"poem\">Любовь, Он тоже путает, со своим, бытом!<br>\nВсегда, преследует свои интересы!<br>\nВысокая Мораль, в быту, совсем забыта,<br>\nСексуальный в Любви перевес!</p>\n\n<p class=\"poem\">Он хочет Любви, но не может!<br>\nЧеловек, не может быть в Любви, долго!<br>\nЕго, постоянно, искушение гложет!<br>\nОн, свои представления, меняет вольно!</p>\n\n<p class=\"poem\">Создатель, говорит о Великой Любви!<br>\nОн говорит об этом, как в Пространство!<br>\nУ человека, легко, меняется структура крови,<br>\nЛюбовь, у человека, есть обмана искусство!</p>\n\n<p class=\"poem\">Человеку, придётся пройти Экзамены!<br>\nСтрогие, особенно, в России!<br>\nВ России, скоро начнутся перемены!<br>\nСпрос будет с каждого, как с Мессии!</p>\n\n<p class=\"poem\">Людям, придётся пересмотреть жизнь!<br>\nИбо, ожидает людей, жизнь, уже другая!<br>\nВ Плотном плане, важно было, быть,<br>\nТеперь, нужно будет подняться, быт не трогая!</p>\n\n<p class=\"poem\">Помните, что Любовь &ndash; это сказка в быту!<br>\nРазвод, поджидает, каждого человека!<br>\nСчастливый брак, только на слуху!<br>\nПомните, что Новые приходят, века!</p>\n\n<p class=\"poem\">Нужно будет пересмотреть, жизнь вокруг!<br>\nВаши дети, должны быть в Любви!<br>\nВаша, семья &ndash; это счастливый круг,<br>\nОн, замешан на чувстве и на крови!</p>\n\n<p class=\"poem\">Вам, надо подумать о своём Завтра!<br>\nВы, обязаны, перейти в Небо!<br>\nЛюбовь &ndash; это единственная, Правда,<br>\nНо, это Правда и, одновременно, боль!</p>\n\n<p class=\"poem\">Скоро в Небо, а Вы &ndash; одиноки!<br>\nСоздатель, ожидал Вашей реакции,<br>\nКонечно, два Катрена &ndash; это, не сроки!<br>\nНо, обсуждение Любви &ndash; это акция!</p>\n\n<p class=\"poem\">Посмотрите на зал, Вашего Вече!<br>\nВы, счастливы, лишь на мгновение!<br>\nНа мгновение, только, общей встречи,<br>\nНе меняется в жизни, Ваше поведение!</p>\n\n<p class=\"poem\">Посмотрите, кто рядом с Вами!<br>\nВ глазах людей &ndash; одиночество!<br>\nВы, Творцы не вдвоём, а, сами!<br>\nДля Бога &ndash; это отступничество!</p>\n\n<p class=\"poem\">Где Ваши пары и где Вы?<br>\nЭто вопрос, уже целого тысячелетия!<br>\nВы, сегодня, не на дороге, а у межи,<br>\nТолько вместе, есть долголетие!</p>\n\n<p class=\"poem\">Помните, что по-другому, нельзя!<br>\nРоссия, пример, для человечества!<br>\nЛюбовь, это Небесная, для людей, стезя!<br>\nНастоящего, в Духе Отечества!</p>\n\n<p class=\"noind\">Да будет Свет Истины!<br>\nОтец Абсолют или Высший Космический Разум!</p>","Files":null,"Date":"2025-09-28T10:32:23.565+03:00","DateChange":"2025-09-28T10:34:39.104+03:00","Link":"poems/28.09.25","Id":"68d8e4adc6598ca633358bd1","Srv":"otk","Deleted":false,"Titles":["Скоро в Небо, а, Вы – одиноки!"]}
{"Data":{"Next":"poems/28.09.25","NoFooter":false,"PoemOutDict":false,"Titles":null,"Number":"№27 (3421)"},"Active":true,"Catalog":"570ef2fcd07cda3e16f93ef7","Description":"<p class=\"poem\">Жизнь человека &ndash; проза и чудеса!<br>\nЧудеса, бывают, конечно, реже!<br>\nНо, людей тянут к себе Небеса!<br>\nМечты, у людей, всегда одни и те же!</p>\n\n<p class=\"poem\">Люди, живут в ожидании встреч!<br>\nКаждый день, в ожидании, этого!<br>\nЛюди, словно Создателем помечены,<br>\nЛюбовь &ndash; название встречи этой!</p>\n\n<p class=\"poem\">Жизнь коротка, но, масштаб велик!<br>\nСоздатель, разбросал все встречи!<br>\nБог, даёт на встречу, лишь миг!<br>\nНо, этот Миг, тоже, Богом помечен!</p>\n\n<p class=\"poem\">Единение зависит, только, от пары!<br>\nПара, создается у людей в Сознании!<br>\nСегодня, в России наступает, пора,<br>\nКогда Единения в Духе, приходит понимание!</p>\n\n<p class=\"poem\">Если, нет чувства Любви, то нет страны!<br>\nТочнее, остаётся от страны, направление!<br>\nЖизнь, человека без Любви &ndash; одни раны!<br>\nЕсть опасность страны, переименования!</p>\n\n<p class=\"poem\">Россия, сегодня, на такой границе!<br>\nЛюбовь, Россия, променяла на быт!<br>\nМессия, старается переписать эту страницу,<br>\nОн, предлагает людям в Духе жить!</p>\n\n<p class=\"poem\">Но, в этом случае, нужна, Любовь!<br>\nИбо, всё остальное в жизни, старо!<br>\nПока, характеристикой есть кровь,<br>\nНо, для перехода в Небо &ndash; этого, мало!</p>\n\n<p class=\"poem\">Людям для Неба, надо вспомнить Любовь!<br>\nИбо, Небо, есть место слияния Душ!<br>\nЗдесь, главное, Душа, человека, а не кровь!<br>\nЭтой, Любви в Небе, можно сыграть Туш!</p>\n\n<p class=\"poem\">Из частиц Любви, состоит Создатель!<br>\nЭто &ndash; Истина для всего Пространства!<br>\nЛюбовь, есть Мира сего, Основатель!<br>\nЛюбовь, будет и Нового Мира, убранством!</p>\n\n<p class=\"poem\">Посмотрите, вокруг себя, по сторонам!<br>\nВокруг Вас в Мире, Любовь и Свет!<br>\nНе будет в Новом Мире никаких ран,<br>\nЛюбовь &ndash; это Главный, от Бога Завет!</p>\n\n<p class=\"poem\">Сегодня, надо спешить в Любви!<br>\nИбо Мир, скоро, откроется Новый!<br>\nВы, доказали, что нет препятствий на пути,<br>\nБог, подсказал, что Любовь &ndash; Основа!</p>\n\n<p class=\"poem\">Россия, должна понимать это!<br>\nИбо, Ей, суждено, открыть Новый Мир!<br>\nСоздатель, на всё, кроме Любви, наложил Вето!<br>\nЛюбовь, в Новой Эпохе, будет ориентир!</p>\n\n<p class=\"poem\">Но, Начало Начал, должна открыть пара!<br>\nЛюбовь &ndash; это два человека или Знака!<br>\nПовторяю, наступает Историческая пора!<br>\nИли Начало, для людей-Богов, Нового века!</p>\n\n<p class=\"poem\">Можно сказать, что наступает Шестая Эпоха!<br>\nА, можно сказать, Эпоха Любви!<br>\nЛюбовь, никогда не открывается снова,<br>\nЛюбовь, никогда не бывает вдали!</p>\n\n<p class=\"poem\">Любовь &ndash; это, в Душе от Рождения!<br>\nЛюбовь, сопровождает жизненный Путь!<br>\nПри встрече пары, ждёт Озарение!<br>\nЛюбовь, соединения в Духе есть Суть!</p>\n\n<p class=\"poem\">Любовь, на Руси, начинается с Вас!<br>\nВы, показали, чувство Любви на Вече!<br>\nДля Всепрощающей Любви, Весна есть час!<br>\nКогда в сердцах Ваших, загорятся Свечи!</p>\n\n<p class=\"noind\">Да будет Свет Истины!<br>\nОтец Абсолют или Высший Космический Разум!</p>","Files":null,"Date":"2025-09-27T10:36:31.728+03:00","DateChange":"2025-09-27T10:38:09.071+03:00","Link":"poems/27.09.25","Id":"68d79437c6598ca633358bd0","Srv":"otk","Deleted":false,"Titles":["Если нет чувства Любви, то нет страны!"]}
{"Data":{"Next":"poems/27.09.25","NoFooter":false,"PoemOutDict":false,"Titles":null,"Number":"№26 (3420)"},"Active":true,"Catalog":"570ef2fcd07cda3e16f93ef7","Description":"<p class=\"poem\">Напряжённость Мира, отдаётся в Душе!<br>\nОдинокая жизнь, не для человека-Бога!<br>\nКрик Души, даже в Космосе слышен!<br>\nКак разрушение, одинокого притока!</p>\n\n<p class=\"poem\">Нужен людям, баланс сил и Знаний!<br>\nВне баланса, существование невозможно!<br>\nЖизнь состоит из Радостей и Страданий!<br>\nПравду, отличить от лжи, несложно!</p>\n\n<p class=\"poem\">Чистота Души &ndash; результат переживаний!<br>\nЖизнь в Материи &ndash; это трудный Путь!<br>\nЖизнь – это встречи и расставания!<br>\nЛюбовь – это Главная, в жизни, Суть!</p>\n\n<p class=\"poem\">Пирамида Мира, разделена на грани!<br>\nЧеловек, должен подняться над бытом!<br>\nЧеловек, в этом Мире есть странник!<br>\nОсвещённый, Великой Любви, Светом!</p>\n\n<p class=\"poem\"><b>Без Любви, людям не подняться в Небо!<br>\nНебо &ndash; это чистота размышлений!<br>\nЧеловек не может идти по жизни слепо!<br>\nЛюбовь &ndash; это в Духе Преображение!</b></p>\n\n<p class=\"poem\">Каждый человек, идёт своей дорогой!<br>\nОбщая дорога, людей, навсегда, объединяет!<br>\nДля Единения в Духе, есть к Богу дорога,<br>\n<b>Единение в Любви, людей, скрепляет!</b></p>\n\n<p class=\"poem\">Любовь, это Единый Дух, всего, прежде!<br>\nРазнообразие, мнений разделяет людей!<br>\nМожет образоваться и Путь враждебный!<br>\nОчень много, в жизни разных, Путей!</p>\n\n<p class=\"poem\"><b>Любовь &ndash; это Знамя Создателя для всех!<br>\nРавенство &ndash; это Общая обстановка,<br>\nПри Любви не бывает никаких помех!<br>\nШестая Эпоха &ndash; это Создателя Постановка!</b></p>\n\n<p class=\"poem\"><b>Любовь &ndash; это не Материя, а, Святой Дух!<br>\nЛюбящий человек растворяется в человеке!<br>\nФакел Любви, в людях, никогда не тух,<br>\nОн, разовьётся до Пламени в Новом веке!</b></p>\n\n<p class=\"poem\"><b>Любовь &ndash; это удивительный Полёт в Небо!<br>\nВот, когда нет в жизни, Материи!<br>\nВ Любви, человек, переходит в Небыль,<br>\nВ Любви, у человека не бывает потерь!</b></p>\n\n<p class=\"poem\"><b>Люди-Боги &ndash; сами, всепрощающая Любовь!<br>\nЭто, выше всего, на Белом Свете!<br>\nЭто, когда закипает в Душе кровь,<br>\nКогда, один человек за другого в ответе!</b></p>\n\n<p class=\"poem\">Эту, Эстафету надо передать, всем!<br>\nБез, Любви не состоится движение!<br>\nОчень много, в людях, без Любви, помех!<br>\nЛюбовь – это к Богу направление!</p>\n\n<p class=\"poem\">Надо понять, что другого Пути нет!<br>\nЖизнь, или Любовь, или уничтожение!<br>\nЛюбовь &ndash; это в Будущее людям Билет!<br>\nЛюбовь &ndash; это Планеты преображение!</p>\n\n<p class=\"poem\">Выбор, всегда, за человеком!<br>\nНо, у человека-Бога, такого выбора, нет!<br>\nЧеловек, без Любви, несёт короткий век!<br>\nУ человека в Любви, Создатель принимает, Обет!</p>\n\n<p class=\"poem\">Россия, сегодня, на грани Любви и Эпохи!<br>\nЕй придётся принимать решение!<br>\nЛюбовь &ndash; это яркая жизнь, а не вздохи!<br>\nТолько, в Любви формируется движение!</p>\n\n<p class=\"poem\">Нужно, это донести до человека!<br>\nЧеловек, должен понять, что ему надо!<br>\nВы, уже стоите у Начала Нового века!<br>\nДля Любви не бывают преграды!</p>\n\n<p class=\"poem\">Вы прошли Школу Творца за много лет!<br>\nДва направления: Равенство и Любовь!<br>\nСоздатель, с Любовью, подготовил Билет,<br>\nВы, в Космос, Любовью принесёте Новь!</p>\n\n<p class=\"poem\"><b>Ваша Любовь &ndash; это высота Духа!<br>\nЭто, любящих сердец, слияние!<br>\nНесущее, Планете, достижение успеха!<br>\nИ Равенства, в Вечности, состояние!</b></p>\n\n<p class=\"noind\">Да будет Свет Истины!<br>\nОтец Абсолют или Высший Космический Разум!</p>","Files":null,"Date":"2025-09-26T13:20:06.876+03:00","DateChange":"2025-09-26T13:29:08.304+03:00","Link":"poems/26.09.25","Id":"68d6692ec6598ca633358bcf","Srv":"otk","Deleted":false,"Titles":["Без Любви, людям не подняться в Небо!"]}
{"Data":{"Next":"poems/26.09.25","NoFooter":false,"PoemOutDict":false,"Titles":null,"Number":"№25 (3419)"},"Active":true,"Catalog":"570ef2fcd07cda3e16f93ef7","Description":"<p class=\"poem\">Приближается время Начала Начал!<br>\nЛюди, заняты текущими делами!<br>\nГде-то в Небе есть Заветный причал!<br>\nОн, отражается в Небе Светом Белым!</p>\n\n<p class=\"poem\">Каждый человек мечтает о Счастье!<br>\nСчастье, в быту и в Небе!<br>\nНо, у каждого Счастья, своя масть!<br>\nЧеловек не знает, что Его ждёт в Небе!</p>\n\n<p class=\"poem\">Жизнь &ndash; это неизвестный Путь!<br>\nОн непонятен и неопределён!<br>\nЧеловек, должен понять жизни Суть!<br>\nИ что такое, есть период времён?</p>\n\n<p class=\"poem\">Люди, сегодня, спешат, не понимая!<br>\nКуда и зачем, надо, стремиться?<br>\nОни, должны жить Мир обнимая,<br>\nОни, должны с направлением, определиться!</p>\n\n<p class=\"poem\">Главное направление &ndash; это человек-Бог!<br>\nБог есть предел Совершенства!<br>\nВ конце жизни, должен быть подведён Итог,<br>\nЧтобы увидеть уровень мастерства!</p>\n\n<p class=\"poem\">Перед, человеком, ступени вверх!<br>\nКаждый шаг, даётся с трудом!<br>\nДаже, когда уже меркнет Свет,<br>\nЧеловек, не должен уходить рабом!</p>\n\n<p class=\"poem\">Главное для Него, самостоятельность!<br>\nНо, человека тормозят грехи!<br>\nЧеловек, должен менять обстоятельства,<br>\nНаправление движения &ndash; верхи!</p>\n\n<p class=\"poem\">Побеждает в жизни, тот, кто идёт сам!<br>\nИдёт, вопреки обстоятельствам!<br>\nНельзя, в себе, сомневаться на грамм!<br>\nГрех для человека &ndash; стяжательство!</p>\n\n<p class=\"poem\">Хороший быт &ndash; не, Тема успеха!<br>\nГлавный успех &ndash; это Сознание!<br>\nСтяжательство &ndash; это помеха,<br>\nЭто жизни своей, непонимание!</p>\n\n<p class=\"poem\">Жизнь коротка, но можно успеть!<br>\nУспеть, в развитии Разума!<br>\nМожно, вопреки всему, посметь!<br>\nНовая может быть открыта Глава!</p>\n\n<p class=\"poem\">Идущему впереди, зачтётся в Небе!<br>\nЖизнь имеет Вечное продолжение!<br>\nЗа Материей, продолжается Небо!<br>\nЭто Вечное человека, движение!</p>\n\n<p class=\"poem\">Главное &ndash; это начать Правильно!<br>\nПродолжение, помогает в Пути!<br>\nЖизнь &ndash; это в Вечности звено,<br>\nДорога, с которой, уже не сойти!</p>\n\n<p class=\"poem\">Корректирует Путь, Создатель!<br>\nЛюдям, надо проявить желание!<br>\nЧеловек, идущий &ndash; это не обыватель!<br>\nЧеловек, должен проявить старание!</p>\n\n<p class=\"poem\">Надо помнить, что жизнь &ndash; это лента!<br>\nОт Неба до Неба, без перерыва!<br>\nГлавное, чтобы была Мечта!<br>\nОбеспечивающая, отсутствие разрыва!</p>\n\n<p class=\"poem\">Поверьте, что Путь, начатый, с Мечты,<br>\nНе прерывается никогда!<br>\nЕсли Судьба спросит: кто ты?<br>\nСоздатель, подскажет идти куда!</p>\n\n<p class=\"poem\">Главное верить Судьбе и Богу!<br>\nСоздатель, даёт Путь при Рождении!<br>\nЧтобы не было стыдно в Итоге!<br>\nНе останавливайте, своё, движение!</p>\n\n<p class=\"poem\">Путь, человека останавливать нельзя!<br>\nЧеловек, должен стать Богом!<br>\nУ человека есть Историческая стезя,<br>\nПодняться, НАВЕЧНО в Небо, в Итоге!</p>\n\n<p class=\"noind\">Да будет Свет Истины!<br>\nОтец Абсолют или Высший Космический Разум!</p>","Files":null,"Date":"2025-09-25T11:41:55.347+03:00","DateChange":"2025-09-25T11:45:33.836+03:00","Link":"poems/25.09.25","Id":"68d500f0481c630c17571081","Srv":"otk","Deleted":false,"Titles":["Идущему, впереди, зачтётся в Небе!"]}
{"Data":{"Next":"poems/25.09.25","NoFooter":false,"PoemOutDict":false,"Titles":null,"Number":"№24 (3418)"},"Active":true,"Catalog":"570ef2fcd07cda3e16f93ef7","Description":"<p class=\"poem\">Земля, продолжает оставаться на Космической окраине!<br>\nЛюди, не торопятся приблизиться в Духе, к Центру!<br>\nОни, при Квантовом переходе, могут оказаться крайними!<br>\nЛюди, не могут понять, что жизнь на Планете, подходит к концу!</p>\n\n<p class=\"poem\">Люди, внутри Планеты, занимаются переделом Мира!<br>\nАмерика, в лице Президента, мечтает стать хозяйкой всего!<br>\nНо, у Планеты, без участия Бога, нет никакого ориентира!<br>\nЛюди, по-прежнему, ориентируются, только, на быт и добро!</p>\n\n<p class=\"poem\">Для людей на Планете, внутренние дела, превыше всего!<br>\nСтраны ориентируются на мнение, прежде всего, ООН!<br>\nНо у людей, местечковые интересы, впереди всего,<br>\nЛюдям, кажется, что вопрос о будущем, Планеты, давно решён!</p>\n\n<p class=\"poem\">Люди не понимают, что приближается время Шестой Эпохи!<br>\nЧто, для людей, условия существования, будут изменены!<br>\nЧто, могут измениться, и условия, последнего, для человека, вздоха,<br>\nЧто, ждут человечество, уже Исторические перемены!</p>\n\n<p class=\"poem\">Люди не думают об этом и не начинали, даже, готовиться!<br>\nТолько, Россия, через Пророка, услышала обращение Создателя!<br>\nНо, люди не верят в то, что Планета, скоро, изменится,<br>\nСпокойно, живут на Планете, лишь, обыватели!</p>\n\n<p class=\"poem\">Россия, провела последнее Вече, как для людей, Предупреждение!<br>\nНо, этого не заметил, на Планете, никто!<br>\nМир, не обратил внимания, что Россия начала движение!<br>\nЧто, Вече в цепи Предупреждений, последнее есть звено!</p>\n\n<p class=\"poem\">Прошла, в прессе информация, что активен, стал Космос!<br>\nЧто, дальние цивилизации зачастили к Планете!<br>\nЧто, Создатель, между Вашей Планетой и Космосом, строит мост!<br>\nНо, жители Планеты, этого, совсем не заметили!</p>\n\n<p class=\"poem\">Шестая Эпоха, торопит Исторические события, на Земле!<br>\nПовышение вибрации, человечество, скоро заметит!<br>\nТолько, одна Россия подчинилась, этой стезе,<br>\nРоссия, опасность для Планеты Земля, приметит!</p>\n\n<p class=\"poem\">Сегодня, к Квантовому переходу, готовится одна Россия!<br>\nСоздатель, определил для Неё Роль Спасителя!<br>\nСоздатель, выделил для России Пророка-Мессию,<br>\nПредупреждения для людей от Бога, не удивительны!</p>\n\n<p class=\"poem\">Россия, провела Вече, как предупреждение!<br>\nНо, люди не обратили внимания, на Весть об опасности!<br>\nНе было, даже, разговоров об организации движения,<br>\nВ людях не проявилась, об этом никакая ясность!</p>\n\n<p class=\"poem\">Более того, на Вече не было слов о Квантовом переходе!<br>\nО Переходе в Шестую Эпоху!<br>\nЛюди не поняли, что нет, уже, никакого, обратного хода!<br>\nИ что, будет очень трудно, для России пройти Переход сходу!</p>\n\n<p class=\"poem\">Мировая пресса, обсуждает, только, внутренние дела!<br>\nДолгая война Славян, пока не утихает!<br>\nДля Президента США, Нобелевская премия уже видна,<br>\nНо, Создатель Мира сего, скажет на это: &laquo;Нет&raquo;!</p>\n\n<p class=\"poem\">У Него, Гордыня и мелкий интерес преобладает!<br>\nАмерика, сегодня, сама стоит на грани!<br>\nОна, в политической игре, в Мире, преобладает,<br>\nНо, будущее США, теперь, в очень далёкой Дали!</p>\n\n<p class=\"poem\">На этом фоне, впереди всех стран, сегодня, Россия!<br>\nСтрана, начала поднимать свою Духовность!<br>\nНачинается, Новая в Духе, для людей, Сессия!<br>\nЭто, для Мира сего, небывалая Новость!</p>\n\n<p class=\"poem\">Человечество не знает, что Россия уходит в Небо!<br>\nЧто, Она, приняла все условия, по Договору с Создателем!<br>\nЛюди-Боги в России, уже, почти Быль!<br>\nИз, России, по Воле Бога, уйдут все обыватели!</p>\n\n<p class=\"poem\">Те, кто читают и следят за Катренами, должны знать,<br>\nЧто, изменение Эпохи, это будет очень серьёзное,<br>\nВсе люди Планеты, должны предупреждению Бога внять,<br>\nЧто, только, люди в Духе, не уйдут, никогда, на дно!</p>\n\n<p class=\"poem\">Людям, надо срочно, присоединиться к Пророку!<br>\nУже, сформирован, Основной России, костяк!<br>\nРоссия, уже готова, встать у Порога!<br>\nЕдинение в Духе людей &ndash; это, совсем, не пустяк!</p>\n\n<p class=\"noind\">Да будет Свет Истины!<br>\nОтец Абсолют или Высший Космический Разум!</p>","Files":null,"Date":"2025-09-24T11:39:24.714+03:00","DateChange":"2025-09-24T11:40:12.908+03:00","Link":"poems/24.09.25","Id":"68d3ae6c3579c875056542b3","Srv":"otk","Deleted":false,"Titles":["Надо, срочно, присоединиться к Пророку!"]}
