{"Data":{"Next":null,"NoFooter":false,"PoemOutDict":false,"Titles":[],"Number":null},"Active":true,"Catalog":"5eeb5170ee6d7619745b6675","Description":"<h3>ИМПУЛЬС ЭНЕРГИИ ДУХОВНОЙ ВОЛНЫ НА ОЧИЩЕНИЕ РОССИИ И ФОРМИРОВАНИЕ ПРОСТРАНСТВА СВЯТОЙ РУСИ!</h3>","Files":[{"Id":"6912ea63ce380e260eddb05a","Path":"2-Timekeeping_Spiritual_Wave.jpg","Name":"2-Timekeeping_Spiritual_Wave.jpg","Store":0,"NoToGallery":false},{"Id":"6912ea65ce380e260eddb05e","Path":"3-The_Path_of_the_impulse.jpg","Name":"3-The_Path_of_the_impulse.jpg","Store":0,"NoToGallery":false}],"Date":"2025-11-13T00:00:00+03:00","DateChange":"2025-11-13T03:10:04.625+03:00","Link":"","Id":"62195b9e5d5a11c6eb22ae89","Srv":"otk","Deleted":false,"Titles":["ДУХОВНАЯ ВОЛНА"]}
{"Data":{"Next":null,"NoFooter":false,"PoemOutDict":false,"Titles":null,"Number":"№12 (3467)"},"Active":true,"Catalog":"570ef2fcd07cda3e16f93ef7","Description":"<p class=\"poem\">Ситуация, в Мире, сложная и неоднозначная!<br>\nЧеловечество, в ожидании неприятностей!<br>\nОжидается, с Дальним Космосом, встреча, очная,<br>\nНесущая, Планете, только, неопределённости!</p>\n\n<p class=\"poem\">Вы, сегодня, на острие, этой проблемы!<br>\nИбо, никто не знает, что ждёт Планету?<br>\nСкорее всего, в объяснениях, будет дилемма!<br>\nЛюди не понимают, что случится, в этот Момент!</p>\n\n<p class=\"poem\">Разные представления людей, в развитии!<br>\nЧеловечество не готово, навстречу, выйти!<br>\nЛюди, остаются в Планетарном бытии,<br>\nЛюди, не понимают, как, на встрече, быть?</p>\n\n<p class=\"poem\">Никто, без страха, не может идти навстречу!<br>\nСоздатель, объявил для этого, Белого Царя!<br>\nСоздатель, подготовит эту встречу,<br>\nСоздатель, объявил Белого Царя, не зря!</p>\n\n<p class=\"poem\">Люди, не должны упасть в глазах Бога!<br>\nРоссия, будет готова предстать в Духе!<br>\nБелый Царь, готовит Россию в Итоге!<br>\nПредставляя Мир, одним в Духе, потоком!</p>\n\n<p class=\"poem\">Пока было тихо, Россия была не интересна!<br>\nСегодня, Вы, приковали внимание!<br>\nВаши возможности Миру не известны!<br>\nНет у людей, о Мире и Вас, представлений!</p>\n\n<p class=\"poem\">Россия, сегодня, к Космосу начала подготовку!<br>\nПодготовку к Духовному преображению!<br>\nВ этом нет, никакого обмана или уловки!<br>\nСогласно, Канона Эволюции, началось движение!</p>\n\n<p class=\"poem\">Все силы, были собраны, ради успеха!<br>\nПланета, переходит на Тонкий план!<br>\nСегодня, материальные представления &ndash; помеха!<br>\nПомеха и власть, предержащих, клан!</p>\n\n<p class=\"poem\">Россия прошла Школу Творца, до этого!<br>\nЛюди подготовлены, пройти Квантовый переход!<br>\nЖизнь человека-Бога, есть цена Итога!<br>\nРоссия, перед встречей, пройдёт Вход!</p>\n\n<p class=\"poem\">В Тонком плане, Она будет готова к диалогу!<br>\nС Представителями других Миров!<br>\nСоздатель, готовит для Вас этот пролог!<br>\nРоссия, должна быть на равных, и без оков!</p>\n\n<p class=\"poem\">Ещё нет контакта, но надо готовиться!<br>\nСоздатель хочет ускорить Переход!<br>\nНужно на Планете со сроком определиться!<br>\nЕсть, Белый Царь, можно начать вход!</p>\n\n<p class=\"poem\">Чтобы быть на равных, надо быть в Духе!<br>\nНадо, открыть возможности Вознесения!<br>\nНе должны быть проявлены потуги,<br>\nВам, надо в Духе пройти, Крещение!</p>\n\n<p class=\"poem\">Перед Пришельцами встанут Боги!<br>\nПланета будет, несущей Платформой!<br>\nДля Космоса будут интересны Ваши Итоги!<br>\nНа Тонком Плане, Сознание Бога &ndash; есть униформа!</p>\n\n<p class=\"poem\">Придётся, предупредить Тьму об этом!<br>\nЛучшее для Космоса, сегодня, люди-Боги!<br>\nВстреча в Космосе &ndash; это История о том,<br>\nЧто цивилизация, на периферии, уже готова в Итоге!</p>\n\n<p class=\"poem\">В прошлые Эпохи, Планета не была готова!<br>\nТолько, на границе Эпох &ndash; это случилось!<br>\nСегодня, Боги, в Небо вернулись, снова!<br>\nПреображение людей в Богов, началось!</p>\n\n<p class=\"poem\">Теперь, Вам не стыдно выйти в Космос!<br>\nГлавное, что в Духе Преображение!<br>\nПовторяю, Вы построили собой, в Космос Мост!<br>\nНачалось Планеты перестроение!</p>\n\n<p class=\"poem\">Теперь, Боги с Создателем, вместе!<br>\nМожно поднять Флаг Цивилизации!<br>\nПланета, получила, наконец, в Космосе место!<br>\nУ Вас начинается Разума Эволюция!</p>\n\n<p class=\"poem\">Вам будет понятен, Огромный Космос,<br>\nС Его разнообразием, проявлений!<br>\nВы, теперь Высшего Разума Мост!<br>\nИ Вашей цивилизации перестроение!</p>\n\n<p class=\"noind\">Да будет Свет Истины!<br>\nОтец Абсолют или Высший Космический Разум!</p>","Files":null,"Date":"2025-11-12T11:13:00.029+03:00","DateChange":"2025-11-12T11:14:10.464+03:00","Link":"poems/12.11.25","Id":"691441aff40148092acb999f","Srv":"otk","Deleted":false,"Titles":["Теперь, Боги с Создателем, вместе!"]}
{"Data":{"Next":"poems/12.11.25","NoFooter":false,"PoemOutDict":false,"Titles":null,"Number":"№11 (3466)"},"Active":true,"Catalog":"570ef2fcd07cda3e16f93ef7","Description":"<p class=\"poem\">Приближается Исторический Миг!<br>\nСоздатель, хочет обозначить Царя!<br>\nЭто тот, человек, который идёт напрямик!<br>\nОн, знает, что Его сопровождает Заря!</p>\n\n<p class=\"poem\">Семь поколений священнослужителей!<br>\nРодители мечтали назвать Владимиром!<br>\nРодне, Леонид показался важней!<br>\nСпартанский Царь был ориентиром!</p>\n\n<p class=\"poem\">Люди решают одно, но, История пишет, другое!<br>\nИстория в жизни вела Его, как вождя!<br>\nОн, образование получил простое!<br>\nВ стране, Отечественная шла война!</p>\n\n<p class=\"poem\">Теперь, всё становилось, ясно!<br>\nИстория, вела этого человека, издалека!<br>\nОн, с Россией был связан тесно,<br>\nЕго, на защиту России, всегда влекло!</p>\n\n<p class=\"poem\">Теперь, настало время назвать Имя Царя!<br>\nСпартанский Царь и, однажды, в СССР, Леонид!<br>\nДва раза Имя Царя Леонида в Византии, не зря!<br>\nТретий раз, это Имя, уже никто не отменит!</p>\n\n<p class=\"poem\">Повторяю, Леонид &ndash; это Белый Царь, Византии!<br>\nНадо помнить, что Москва &ndash; это третий Рим!<br>\nБудут на эту Тему, разные перипетии,<br>\nПрошлое, хранит в себе и древний Аркаим!</p>\n\n<p class=\"poem\">Сегодня, разговор о Завтра Планеты!<br>\nБелый Царь, согласился принять управление!<br>\nРоссия спешит очиститься от грехов и монеты!<br>\nПерестроить к Создателю своё движение!</p>\n\n<p class=\"poem\">На Планете, всё очень сложно, сегодня!<br>\nРоссия, вслух, ещё не сказала, своё слово!<br>\nВнутри России, Тьмой, подготовлена западня,<br>\nНо, Создатель предупредил Тьму, сурово!</p>\n\n<p class=\"poem\">Сценарий, Преображения изменён, но остался!<br>\nЕсть, возможность перестроить ряды!<br>\nДоговор, России с Создателем, тоже остался!<br>\nНа Планете, будет устроен Космический ряд!</p>\n\n<p class=\"poem\">Теперь, пора объявить Создателя решение!<br>\nВыбран Белый Царь, кто встретит Космоса Акцию!<br>\nНачинается, встречное в Космосе, движение!<br>\nЭто будет на Планете, Шестой цивилизацией!</p>\n\n<p class=\"poem\">Россия, подготовила к человечеству Обращение!<br>\nЛюди должны иметь Единое мнение!<br>\nРоссия, начинает в Шестую Эпоху, движение!<br>\nЭто будет, людей-Богов построение!</p>\n\n<p class=\"poem\">Прошла, в России, перестройка Умов и Сознаний!<br>\nЛюди-Боги, сделали резкий скачок вперёд!<br>\nПроснулось, в последний Момент, понимание,<br>\nЧто Планетарный начинается переход!</p>\n\n<p class=\"poem\">Кто, занят войной на Планете, тот уходит!<br>\nУходит, на низкий уровень развития!<br>\nОн с лестницы совершенства сходит,<br>\nОн не смог подняться до уровня Бога бытия!</p>\n\n<p class=\"poem\">Сегодня, можно вспомнить, что Вы прошли!<br>\nЗа 20 лет бывало среди Вас, разное!<br>\nГлавное, что Вы к Вершине Октаэдра подошли!<br>\nЖизнь Ваша, была сложная, но не праздная!</p>\n\n<p class=\"poem\">Вы, смогли подняться к совершенству Духа!<br>\nК совершенству Мысли и Творению!<br>\nВы, получили Право, открыть двери Новой Эпохи,<br>\nЭто для человечества &ndash; достижение!</p>\n\n<p class=\"poem\">Поверьте, что Вы уже готовы, стать Богами!<br>\nБог &ndash; это уже Часть Великого Космоса!<br>\nВы, пометили этот Путь в Духе, столбами!<br>\nТак, помечает Создатель, в Космос Мост!</p>\n\n<p class=\"poem\">Остался, последний Экзамен, на Веру!<br>\nСоздатель, скоро объявит Начало Эпохи!<br>\nДух и Сознание &ndash; будут для Богов мерой!<br>\nВы, будете в Небе, одним потоком!</p>\n\n<p class=\"poem\">Начните Посыл, по-Новому, от Души!<br>\nТри раза, можете повторить имя Царя в Небо!<br>\nНикто, пламя Истины, теперь, не потушит!<br>\nВы смогли сказку превратить в Быль!</p>\n\n<p class=\"noind\">Да будет Свет Истины!<br>\nОтец Абсолют или Высший Космический Разум!</p>","Files":null,"Date":"2025-11-11T11:15:11.781+03:00","DateChange":"2025-11-11T11:16:13.864+03:00","Link":"poems/11.11.25","Id":"6912f0b2f40148092acb999e","Srv":"otk","Deleted":false,"Titles":["Начните Посыл по-Новому, от Души!"]}
{"Data":{"Next":"poems/11.11.25","NoFooter":false,"PoemOutDict":false,"Titles":null,"Number":"№10 (3465)"},"Active":true,"Catalog":"570ef2fcd07cda3e16f93ef7","Description":"<p class=\"poem\">Жизнь, человечества, уже потекла волнами!<br>\nНикто, не понимает, что будет Завтра?<br>\nЛюди не знают, что они виноваты, сами!<br>\nИбо, никто на Планете не говорит, Правду!</p>\n\n<p class=\"poem\">Люди, на Планете, практически, обыватели!<br>\nНе имея, Знаний, живут свой срок, кое-как!<br>\nНикто, из них не стремился к Создателю!<br>\nЛюди, ожидают от Неба, особый знак!</p>\n\n<p class=\"poem\">Россия, стремится к Равенству, но Мир на войне!<br>\nНикто этого, даже внутри страны, не замечает!<br>\nПравительство России, сегодня, на другой стороне!<br>\nВласть России, совсем по-другому играет!</p>\n\n<p class=\"poem\">Но, Создатель начал готовить Шестую Эпоху!<br>\nЭпоху, совершенства Духа и Равенства!<br>\nОн ожидал, что Россия перейдёт, Туда сходу,<br>\nПонимая, глубину своего совершенства!</p>\n\n<p class=\"poem\">Но, много людей, пропустили от Бога Знания!<br>\nРоссия, без Бога и Белого Царя, ничего не может!<br>\nОна, демонстрирует, детский лепет, а не понимание,<br>\nСегодня, Совесть Россию, конечно, гложет!</p>\n\n<p class=\"poem\">Снова, возвращаться к Знаниям, просто смешно!<br>\n20 лет, Знаний, не равны, этим годам жизни!<br>\nСамое, лучшее время обучения, для людей прошло!<br>\nМногие люди, так и остались, для Бога лишними!</p>\n\n<p class=\"poem\">По Планам Создателя, впереди Шестая Эпоха!<br>\nРоссии, пора бы приниматься за дело!<br>\nПланета, уже старается изменить Эпоху,<br>\nНо, Россия сказать своё, слово, не посмела!</p>\n\n<p class=\"poem\">Создатель, понимает, что Союз, прежний, не сделать!<br>\nРешимости не хватает, простым, людям!<br>\nСоздатель, ответственных людей, решил пометить,<br>\nРоссия – это Нового Мира, должна быть прелюдией!</p>\n\n<p class=\"poem\">Пока, Россия &ndash; это организованная толпа!<br>\nСоздателю, нужны, СоТворцы или Света Воины!<br>\nУ большинства, людей на глазах темнота,<br>\nОни, не понимают смысл, уже Космической войны!</p>\n\n<p class=\"poem\">Гражданская война &ndash; это убийство людей!<br>\nВойна в Космосе &ndash; это Прогресс и Развитие!<br>\nЛюдям России &ndash; это должно быть видней!<br>\nОни, понимают, что скоро изменится их бытие!</p>\n\n<p class=\"poem\">В Космосе побеждают, не люди, а Боги!<br>\nТе, которые, видят на тысячелетие вперёд!<br>\nНаступает время, Исторического Планеты Итога,<br>\nПланета Земля, должна, изменить свой ход!</p>\n\n<p class=\"poem\">Было объявлено, что Россия начинает!<br>\nВселенные, вокруг, ожидают это Известие!<br>\nПервый Посланец Небес, скоро прибывает!<br>\nОн, должен будет подтвердить эту Весть!</p>\n\n<p class=\"poem\">Встреча Миров, должна будет состояться!<br>\nКто будет представлять Вашу Планету?<br>\nКем, Ваша Планета, должна представляться?<br>\nИли, как всегда, не будет никакого ответа?</p>\n\n<p class=\"poem\">От России, рекомендуется, Белый Царь или Мессия!<br>\nПредставитель от Планеты &ndash; учёный!<br>\nОн, ведёт для Планеты, Школу Творца, сессию!<br>\nДля Космоса, этот Учёный, тип людей, определённый!</p>\n\n<p class=\"poem\">Программу Школы Творца, надо поменять срочно!<br>\nВ Программу, надо включить Откровения!<br>\nВопросы и ответы надо определить, точно!<br>\nНадо, объяснить психологию в Космосе, поведения!</p>\n\n<p class=\"poem\">Никаких обид, всё было и есть в Ваших руках!<br>\nСтоящий, в стороне никому не нужен!<br>\nНадо убрать из Души человека, всякий страх,<br>\nГлавное, что План Преображения уже сложен!</p>\n\n<p class=\"poem\">Для Космоса на Планете, важна, Россия и только!<br>\nБелый Царь &ndash; это Новая точка, отсчёта Знаний!<br>\nНикто не будет ждать готовых Богов, долго!<br>\nГлавное, для Вас, преображения, своего понимание!</p>\n\n<p class=\"noind\">Да будет Свет Истины!<br>\nОтец Абсолют или Высший Космический Разум!</p>","Files":null,"Date":"2025-11-10T10:57:34.022+03:00","DateChange":"2025-11-10T10:59:05.068+03:00","Link":"poems/10.11.25","Id":"69119b13f40148092acb9995","Srv":"otk","Deleted":false,"Titles":["Для Космоса на Планете, важна, Россия и только!"]}
{"Data":{"Next":"poems/10.11.25","NoFooter":false,"PoemOutDict":false,"Titles":null,"Number":"№09 (3464)"},"Active":true,"Catalog":"570ef2fcd07cda3e16f93ef7","Description":"<p class=\"poem\">Все люди равны, перед Создателем &ndash; это Истина!<br>\nЛюди же, веками, хотят доказать обратное!<br>\nНо, даже, при хорошей игре, это очень плохая мина!<br>\nИбо, это искажение Истины, Мира сего, гадкое!</p>\n\n<p class=\"poem\">Люди не хотят понять, что они есть часть Бога!<br>\nЧто, в них заложен Бога, Энергетический потенциал!<br>\nПоэтому, Пятая Эпоха, заканчивается так, плохо!<br>\nНе подготовлен, для человека-Бога пьедестал!</p>\n\n<p class=\"poem\">Создатель, давно, выбрал Россию, для Шестой Эпохи!<br>\nПредполагалось, что в России, можно будет создать Целое!<br>\nСоздателю, показалось, что Духовная Русь, всё пройдёт сходу,<br>\nСоздатель, как награду, для Неё, приготовил Царя Белого!</p>\n\n<p class=\"poem\">В стране, закипела Гражданская война, но Русь поднималась!<br>\nЗа двадцать лет, были переданы Создателя Знания!<br>\nКазалось, что Святая Русь, на Создателя откликнулась!<br>\nЧто, проснулось в людях, Истины Мира сего, понимание!</p>\n\n<p class=\"poem\">Всё шло, по намеченному Создателем Пути, к Шестой Эпохе!<br>\nНо, люди, или частицы Бога, не поняли, значимость своего Пути!<br>\nОчень трудно, формировались в Духе людские потоки!<br>\nНе получалось, приготовления людей, к Шестой Эпохе, по сути!</p>\n\n<p class=\"poem\">Шестая Эпоха &ndash; это не просто событие, а есть Квантовый переход!<br>\nПереход, меняющий, кардинально, людей и все их представления!<br>\nРоссии, было поручено, Первой начинать, в Небо вход!<br>\nИбо, это есть Вселенское, людей в людей-Богов, преображение!</p>\n\n<p class=\"poem\">Создатель, поручил провести это преображение, только России!<br>\nЕдиные в Духе Частицы, по силе, почти, как Бог!<br>\nРоссия, должна была, исполнить свою, Уникальную, миссию!<br>\nРоссия, должна была, подвести тысячелетний Итог!</p>\n\n<p class=\"poem\">России, нужно было провести Свою Волю, на Вече, как Бог!<br>\nЧеловечество, должно было услышать Великой России Волю!<br>\nНо, не услышали люди, Великий Зов России, как Общий Итог!<br>\nРоссия, на Вече показала, свою человеческую долю!</p>\n\n<p class=\"poem\">Не было слов и не было желания, люди-Боги не состоялись!<br>\nРоссия не доказала, что, Она &ndash; это Создателя частицы!<br>\nЛюди, от Ответственности Богов отказались!<br>\nНе было, на Вече, Шторма или Волны, была в зале, водица!</p>\n\n<p class=\"poem\">Но, подошло время, для Планеты, Квантового перехода!<br>\nЕсть Создатель, есть Белый Царь, но, нет, никакого Народа!<br>\nПланета, уже была готова начать, свой Исторический ход!<br>\nЧастицы Создателя России, не достигли, нужного, в Духе Итога!</p>\n\n<p class=\"poem\">Повторяю, люди-Боги &ndash; это частицы Создателя!<br>\nОбъединённые вместе, готовы, как Бог, творить!<br>\nНо, Россия, попала под гнёт обывателей!<br>\nИ испугалась, на последнем Вече, Чудо сотворить!</p>\n\n<p class=\"poem\">Чтобы Мир вздрогнул и согласился, необходимо Чудо!<br>\nЧудо на уровне того, какое делает Бог, свою Сессию!!<br>\nТеперь, это может сделать в Космосе, только, одно!<br>\nЭто к Планете, идущая, ускоренно, внеземная Миссия!</p>\n\n<p class=\"poem\">Теперь, не Россия заставит вздрогнуть, от страха, Мир!<br>\nНе внутренний потенциал России, как части Планеты!<br>\nА, появившийся, неожиданно Космический ориентир!<br>\nКоторый, может кардинально изменить характер Планеты!</p>\n\n<p class=\"poem\">Мир, заволновался, что же, так быстро приближается?<br>\nМожет, Посланник Небес от Создателя?<br>\nТеперь, люди поймут, что Бог этот Мир изменить старается,<br>\nОн хочет очистить Планету от обывателей!</p>\n\n<p class=\"poem\">Они мешали России поднять голову и Русский Дух!<br>\nРоссия, в этой войне, напрасно, очень много людей, потеряла!<br>\nОт потенциала, в Духе России, без Бога, остался только слух!<br>\nРоссия, предупреждению Создателя, наконец, вняла!</p>\n\n<p class=\"poem\">Роль, России на Планете осталась, ещё, от Бога!<br>\nНо, Спектакль века, пойдёт уже без неё!<br>\nБелый Царь, заслужил, рядом с Богом, стоять у Порога!<br>\nОн понимает, что Россия &ndash; это Воинство в Мире, Моё!</p>\n\n<p class=\"poem\">Теперь, Планету изменит не Россия, а Космос!<br>\nНо, эти действия уже по-другому Сценарию!<br>\nРоссия, будет продолжать, наводить в Космос, мост!<br>\nОна сможет доиграть свою, Историческую, арию!</p>\n\n<p class=\"poem\">Всё будет, на Планете, как надо, но, уже, по-другому!<br>\nВремени нет, на Вашу переподготовку!<br>\nПланета, всё равно, перейдёт к виду другому!<br>\nБудет, на Планете, очень серьёзная перестановка!</p>\n\n<p class=\"noind\">Да будет Свет Истины!<br>\nОтец Абсолют или Высший Космический Разум!</p>","Files":null,"Date":"2025-11-09T12:03:32.203+03:00","DateChange":"2025-11-09T12:05:39.228+03:00","Link":"poems/09.11.25","Id":"69105900f40148092acb9994","Srv":"otk","Deleted":false,"Titles":["Теперь, Планету изменит не Россия, а Космос!"]}
{"Data":{"Next":"poems/09.11.25","NoFooter":false,"PoemOutDict":false,"Titles":null,"Number":"№08 (3463)"},"Active":true,"Catalog":"570ef2fcd07cda3e16f93ef7","Description":"<p class=\"poem\">Информация, тревожит, сегодня, человечество!<br>\nВедь, с Создателем имеет контакт, только, Россия!<br>\nНикто, не понимает, что случится с человечеством!<br>\nИ какая, коснётся, России, в этом Мире, Миссия!</p>\n\n<p class=\"poem\">Космос, подгоняет Россию и Мир, к Переходу!<br>\nПока, подготовлен к Переходу, Народ России!<br>\nСоздатель, хочет, чтобы Россия была готова, сходу,<br>\nВыполнять свою, спасения людей, Миссию!</p>\n\n<p class=\"poem\">Всё, неожиданно, изменилось в Мире, для всех!<br>\nДалёкий Космос, начал на Планету воздействие!<br>\nЛюди, не понимают, откуда такие помехи,<br>\nСоздатель, спешит, начать людей, Преображение!</p>\n\n<p class=\"poem\">Для людей, в привычном обличии, появилась проблема!<br>\nПриближаются, Пришельцы из других Миров!<br>\nДля человечества &ndash; это, неожиданная, дилемма!<br>\nЛюди не знают &ndash; это помощь или проявление оков?</p>\n\n<p class=\"poem\">Внешний Космос, быстро приближается!<br>\nЛюди не готовы, к своему Преображению!<br>\nПространство, вокруг Солнца, скоро, поменяется!<br>\nБудет, для Вселенной, Историческое изменение!</p>\n\n<p class=\"poem\">Людям, надо успеть пересечь, Пятую Эпоху!<br>\nИм, желательно, перейти в Боги!<br>\nТеперь, понятно, что надо пересечь Мир, сходу!<br>\nНикто, не знает какие, после встречи, ждут Итоги!</p>\n\n<p class=\"poem\">Космос, несёт изменение для Планеты и для людей!<br>\nОчень долго, Планета, оставалась в стороне!<br>\nПока, людям, не становится, ничего, ясней!<br>\nВселенная, не должна оставаться, от всех, в стороне!</p>\n\n<p class=\"poem\"><b>Создатель, планирует людей-Богов возвышение!<br>\nИ встречу, в Космосе, с другими существами, на равных!<br>\nНо, сначала, люди, должны пройти, в Духе, Преображение,<br>\nЧтобы достичь уровня в Духе, со всеми, равного!</b></p>\n\n<p class=\"poem\">Правда, время встречи для людей, ещё впереди!<br>\nСегодня, для Вас, есть время, для Вашего промысла!<br>\nЧеловечество, всё, равно останется от России, позади,<br>\nРоссия &ndash; это Создателя Замысел!</p>\n\n<p class=\"poem\">Новое, начинается с Сознания, Богов-людей!<br>\nУже, не людей, а, настоящих, Богов!<br>\nБудущее, постепенно, становится для Вас, видней!<br>\nВам надо, спешить с подведением Итогов!</p>\n\n<p class=\"poem\">Вам надо понять, что Планета, пока, на окраине!<br>\nСогласно, Создателю, должна измениться орбита!<br>\nВам, это надо обсудить заранее!<br>\nВнешним, воздействием Космоса, орбита не будет сбита!</p>\n\n<p class=\"poem\">Есть интересы Создателя и этого Мира!<br>\nЦентр Вселенных &ndash; это Далёкая перспектива!<br>\nНеобходимо, срочно, на Планете, объявить перемирие!<br>\nУ людей России, отсутствуют, в Духе оковы!</p>\n\n<p class=\"poem\">Вам, надо срочно, поменять на Планете, ход Истории!<br>\nВнешний, Космос, может изменить всё!<br>\nЖизнь, людей-Богов может стать, совсем другой, категории!<br>\nСоздатель, хочет оставить на Планете, всё своё!</p>\n\n<p class=\"poem\">Понимает, будущее Планеты, сама, Россия!<br>\nСоздатель, уже выбрал для управления, Белого Царя!<br>\nСпасения людей-Богов &ndash; это Его Миссия!<br>\nГлавное, что Богом дана, в Небо Ему, стезя!</p>\n\n<p class=\"poem\">Планета, людей-Богов, пока, не готова, к встрече!<br>\nПришельцы могут, конечно, помочь им!<br>\nКак, говорится для Планеты, ещё не вечер!<br>\nНадо успеть, подготовиться ко встрече с ними!</p>\n\n<p class=\"poem\">Главное, надо успеть пройти, Преображение!<br>\nДля Вас, важно, совершенство Сознания!<br>\nДля Вас, открыто будет в Космос, движение!<br>\nВот, когда пригодятся Вам, Бога Знания!</p>\n\n<p class=\"poem\">Ожидается, в Космосе, встреча разных Миров!<br>\nСоздатель, откроет, для Вас, возможности!<br>\nНе будет для Богов, никаких оков!<br>\nНе будет для Богов, и никаких сложностей!</p>\n\n<p class=\"noind\">Да будет Свет Истины!<br>\nОтец Абсолют или Высший Космический Разум!</p>","Files":null,"Date":"2025-11-08T01:44:30.191+03:00","DateChange":"2025-11-08T01:44:30.195+03:00","Link":"poems/08.11.25","Id":"690e2c4fec6f9ba3e4d5ca53","Srv":"otk","Deleted":false,"Titles":["Ожидается, в Космосе, встреча разных Миров!"]}
{"Data":{"Next":"poems/07.11.25","NoFooter":false,"PoemOutDict":false,"Titles":null,"Number":"№06 (3461)"},"Active":true,"Catalog":"570ef2fcd07cda3e16f93ef7","Description":"<p class=\"poem\">Время, Квантового перехода, людьми уже определено!<br />Осталось, уточнить у Создателя, конкретное число!<br />Не надо, вспоминать никаких Исторических имён!<br />Время Великого Преображения для Планеты, пришло!</p>\n<p class=\"poem\">Никто не знает когда, но Мир уже подготовился!<br />Параллельно, на Планете идёт война, по правилам!<br />Никто из людей Планеты, для себя не определился!<br />Только, одна Россия знает, как должно быть Правильно!</p>\n<p class=\"poem\">Создатель, говорил об этом, ещё в самом Начале!<br />В Истории, Планеты было много попыток преображения!<br />Без Создателя, всё заканчивалось для людей печалями!<br />Не было к Создателю, никакого людей, движения!</p>\n<p class=\"poem\">Теперь, есть Воины Света, после Школы Творца!<br />Это люди, принявшие на себя ответственность!<br />Им, только, необходимо присутствие Белого Царя или Гонца,<br />Чтобы, понять своей Судьбы взвешенность!</p>\n<p class=\"poem\">Эти люди, прошли долгий путь, постижения Знаний!<br />Но, они не смогли развернуть к Богу страну!<br />Они, не получали от Бога, конкретных указаний!<br />Им, нужно было, в Духе залечить раны страны!</p>\n<p class=\"poem\">Информация от Создателя им &ndash; это Знания!<br />Не все люди, смогли пропустить Знания через себя!<br />Очень медленно, приходит к людям понимание,<br />Что изменилась, для людей, в Небо стезя!</p>\n<p class=\"poem\">Люди помнят, первые Слова Бога, в Откровениях!<br />Это было, Первым Этапом, в Духе Возвышения!<br />Точнее, Началом в Духе, людей перестроения!<br />Это было, Началом Начал в Боги, людей движения!</p>\n<p class=\"poem\">Трудный путь в Боги, был остановлен властью!<br />Создатель, продолжил разговор с людьми в стихах!<br />Люди, приняли такой разговор, со страстью!<br />Как, строительство Нового Мира, с Богом, на паях!</p>\n<p class=\"poem\">В стихах, люди дошли, до Планетарного Преображения!<br />Теперь, людей, уже никому и никогда, не остановить!<br />Люди, стоят накануне Исторического решения!<br />Планета, тоже, готова по-Новому, по-другому быть!</p>\n<p class=\"poem\">Теперь, Россия готова объявить Волю и Слова Создателя!<br />Создатель, предлагает начать Шестую Эпоху!<br />Должны, будут, уйти с Планеты все обыватели!<br />И должны, будут покинуть этот Мир, сходу!</p>\n<p class=\"poem\">Осталось, назвать имя Белого Царя или Мессии!<br />Двадцатилетним служением Богу, Он доказал Право!<br />Ему поручается Белого Царя Сессия,<br />Белый Царь должен поддержать Новые Правила!</p>\n<p class=\"poem\">Планета, хочет войти в Космос, сама!<br />Создатель, готов, на Ней установить, Новую мерность!<br />Люди-Боги Шестой Эпохи &ndash; это уже Богов Семья!<br />Это, уже для Планеты Космическая закономерность!</p>\n<p class=\"poem\">Вы, должны подтвердить, что в Духе готовы!<br />Пока, Создатель, не услышал от Вас этих слов!<br />Вы, должны понять, что Воины Света &ndash; это Основа!<br />Вы &ndash; для обновлённой Планеты, Каркас или остов!</p>\n<p class=\"poem\">Год, понятно будет очередным, по обычному, Календарю!<br />Вам, надо будет, со Мной, согласовать конкретную дату!<br />Я, Вам, конечно, дату Начала Начал, подарю!<br />Но, это должно быть, для всех людей Планеты, Свято!</p>\n<p class=\"poem\">Тогда, объединение всех людей на Планете будет!<br />Нужно, будет восстановить, Любовь и Равенство!<br />Люди-Боги, неравенство и мамону, забудут!<br />Будет на Планете, тогда Диктатура Бога без неравенства!</p>\n<p class=\"poem\">Диктатура Создателя в Духе и управление у Царя!<br />Белый Царь &ndash; это Пророк-Мессия!<br />Теперь, для людей-Богов, будет в Небо стезя!<br />Белый Царь и начнёт Переходную Сессию!</p>\n<p class=\"poem\">Создатель, сам объявит Имя Белого Царя!<br />Белый Царь есть проводник Создателя Воли!<br />Повторяю, это будет Создателя Воли стезя!<br />Для людей-Богов &ndash; это самая счастливая Доля!</p>\n<p class=\"noind\">Да будет Свет Истины!<br />Отец Абсолют или Высший Космический Разум!</p>","Files":null,"Date":"2025-11-06T11:54:55.37+03:00","DateChange":"2025-11-07T11:47:55.193+03:00","Link":"poems/06.11.25","Id":"690c62917c0575f75c69f7b4","Srv":"otk","Deleted":false,"Titles":["Диктатура Создателя в Духе и управление у Царя!"]}
{"Data":{"Next":"poems/08.11.25","NoFooter":false,"PoemOutDict":false,"Titles":null,"Number":"№07 (3462)"},"Active":true,"Catalog":"570ef2fcd07cda3e16f93ef7","Description":"<p class=\"poem\">Ваша, История прописана очень давно!<br>\nВы, были в Планах Создателя, в прошлом!<br>\nСегодня, мелькают события, как в кино!<br>\nВсем понятно, что Переход будет, сложным!</p>\n\n<p class=\"poem\">Всё, было Богом, записано на Небесах!<br>\nИмена Исполнителей, тоже известны!<br>\nБудущее для людей, выглядит, как Чудеса!<br>\nРоссия, для Преображения, лучшее место!</p>\n\n<p class=\"poem\">Нельзя вмешиваться в то, что готово!<br>\nРоссия, прошла все смутные времена!<br>\nВ первый раз, Руси, не нужна подкова!<br>\nПроявляется, наконец, Её в Духе, броня!</p>\n\n<p class=\"poem\">Уже решено, кто будет Белый Царь!<br>\nИбо, управление Миром взял на себя, Бог!<br>\nВернётся время Богов, как было встарь!<br>\nРоссия, первая, подведёт свой Итог!</p>\n\n<p class=\"poem\">Люди на Руси, пришли к Единению!<br>\nЭто, исключительное, Народа достижение!<br>\nГлавное, на будущее есть Единое мнение!<br>\nЭто называется: Истины постижение!</p>\n\n<p class=\"poem\">Люди сомневались, но, всё сложилось!<br>\nТеперь в стране, только два цвета!<br>\nСоревнование двух Знаков началось!<br>\nЛюди-Боги действуют, согласно, Заветам!</p>\n\n<p class=\"poem\">Люди начинают понимать, что они &ndash; сила!<br>\nБолтовня власти, уже в прошлом!<br>\nТьма, перед Светом, уже отступила!<br>\nСкоро, Преображение, станет возможным!</p>\n\n<p class=\"poem\">Теперь, Вы, планы строите, уже, сами!<br>\nИбо, сила Небес, на Вашей стороне!<br>\nТеперь, в этом Мире, Мы с Вами!<br>\nНам, надо, помочь Коренной стране!</p>\n\n<p class=\"poem\">Планета, поддержит Создателя и Вас!<br>\nОна, обеспечит условия Победы!<br>\nОна, выделит в Небе, Ваш час!<br>\nОна, закроет, для людей, все беды!</p>\n\n<p class=\"poem\">У Вас, есть Знания и есть Идеология!<br>\nСоздатель, подарил возможности!<br>\nПротив Вас, эпидемии и патологии!<br>\nНо, Вы уже показали, что это ложь!</p>\n\n<p class=\"poem\">Успешно сдают Экзамены четвёрки!<br>\nНе стоит, копаться в частностях!<br>\nНужны, принципиальные проверки,<br>\nЕдинение в Духе, это важная часть!</p>\n\n<p class=\"poem\">Вас, пока, немного, но это: Основа!<br>\nГлавное, для Бога, что Вы, в Духе!<br>\nПоверьте, не Материя, а Дух, всему Голова!<br>\nТогда, в Новую, можно переходить, Эпоху!</p>\n\n<p class=\"poem\">Вы, идёте широким фронтом!<br>\nГлавное, не узкой полосой!<br>\nСоздатель, закрыл от Тьмы, Вас зонтом!<br>\nС восьмиконечной Звездой!</p>\n\n<p class=\"poem\">Вы, обсуждаете это, со Мной, на равных!<br>\nПоверьте, что это серьёзный Успех!<br>\nЕсли это так, то, значит, Вы &ndash; правы!<br>\nДля Преображения, нет никаких помех!</p>\n\n<p class=\"poem\">Вы, обсуждаете, так, как Мне надо!<br>\nВы, сделали большой шаг, вперёд!<br>\nНам с Вами, не надо никакого парада!<br>\nНас с Вами, уже ждёт Квантовый переход!</p>\n\n<p class=\"poem\">Вы, готовы, остались, частности!<br>\nЭти частности, есть энергетический фон!<br>\nСобраны, в Целое, наконец, все части!<br>\nЛюди, услышат Новой Идеологии, звон!</p>\n\n<p class=\"poem\">Мир, тогда, поймёт, что всё случилось!<br>\nМир, переходит в Шестую Эпоху!<br>\nРоссия, на Планете, опять отличилась!<br>\nПерешла в Новую Эпоху, сходу!</p>\n\n<p class=\"poem\">Повторяю, что остались, только, частности!<br>\nНет, только Имени, Белого Царя!<br>\nНо, в этом нет никакой, для Создателя, сложности!<br>\nВзошла над Планетой, Нового Мира, Заря!</p>\n\n<p class=\"noind\">Да будет Свет Истины!<br>\nОтец Абсолют или Высший Космический Разум!</p>","Files":null,"Date":"2025-11-07T10:58:41.222+03:00","DateChange":"2025-11-07T10:59:58.419+03:00","Link":"poems/07.11.25","Id":"690da6d6ec6f9ba3e4d5ca52","Srv":"otk","Deleted":false,"Titles":["Мир, поймёт, что всё случилось!"]}
