{"Id":"62195b9e5d5a11c6eb22ae89","Deleted":false,"Active":false,"DateChange":"2024-09-01T12:10:02.371+03:00"}
{"Data":{"Next":null,"NoFooter":false,"PoemOutDict":false,"Titles":null,"Number":"№245 (3028)"},"Active":true,"Catalog":"570ef2fcd07cda3e16f93ef7","Description":"<p class=\"poem\">Сегодня, ящик Пандоры открылся!<br>\r\nМир перешёл грани возможного!<br>\r\nМир людей теперь определился,<br>\r\nНачались, для людей, сложности!</p>\r\n\r\n<p class=\"poem\">Никто из сторон не хочет развязки!<br>\r\nТёмные силы пропели Гимн!<br>\r\nВсе обещания остались сказками,<br>\r\nНад людьми в Небе открылся Нимб!</p>\r\n\r\n<p class=\"poem\">Теперь, не ждите никаких объяснений!<br>\r\nЛюди перешли Мира границу!<br>\r\nОстановилось людей вверх движение!<br>\r\nБеда оказалась: внутри и между!</p>\r\n\r\n<p class=\"poem\">Сколько раз звучали предупреждения!<br>\r\nЛюди не хотели этого слышать,<br>\r\nБыло, в одну сторону, движение!<br>\r\nЛюди должны были беду ожидать!</p>\r\n\r\n<p class=\"poem\">Тьма поспешила к своей Победе!<br>\r\nАмерика возжелала Мировой бенефис,<br>\r\nНикто не думал о такой беде,<br>\r\nНикто не ожидал, Мировой кризис!</p>\r\n\r\n<p class=\"poem\">Создатель от Руси ожидал Прозрения,<br>\r\nИбо война &ndash; это всегда разруха!<br>\r\nНе было к общему Миру движения,<br>\r\nНа войне желают: ни пера и ни пуха!</p>\r\n\r\n<p class=\"poem\">Оказалось, что стороны хотят войны,<br>\r\nПричём войны до своей Победы,<br>\r\nНикто не ожидал такой для всех беды,<br>\r\nВойна &ndash; это Мира подмена!</p>\r\n\r\n<p class=\"poem\">Каждая сторона твердит своё!<br>\r\nВ Америке есть силовая система,<br>\r\nВ России, сегодня, как вороньё,<br>\r\nКриминальная открылась тема!</p>\r\n\r\n<p class=\"poem\">Великая страна потеряла себя!<br>\r\nНарод проявил в Духе слабость!<br>\r\nПотерялась для страны в Духе стезя,<br>\r\nПотерялась у Руси в Духе зрелость!</p>\r\n\r\n<p class=\"poem\">Тьма пошла ва-Банк, сегодня!<br>\r\nЭто называется «кость в кость»!<br>\r\nРоссия не послушалась Меня,<br>\r\nНе получилось проявить стойкость!</p>\r\n\r\n<p class=\"poem\">Теперь, бездарная власть проиграла,<br>\r\nПравительство &ndash; пустое место!<br>\r\nРоссия ничего не выиграла,<br>\r\nРоссии надо воевать с Богом, вместе!</p>\r\n\r\n<p class=\"poem\">Стыдно, но Дух проиграл убожеству!<br>\r\nОт Вас на Вече прозвучало желание!<br>\r\nСегодня, бесславию, звучит торжество!<br>\r\nНет у людей нужного образования!</p>\r\n\r\n<p class=\"poem\">Нужно было всё решать в Духе!<br>\r\nНужно было поменять власть!<br>\r\nЧто у руля есть вор &ndash; не слухи,<br>\r\nВот, когда, надо проявлять страсть!</p>\r\n\r\n<p class=\"poem\">Теперь остановить беду сложно,<br>\r\nМеняйте управление немедленно,<br>\r\nПоверьте, всё исправить можно,<br>\r\nНельзя действовать медленно!</p>\r\n\r\n<p class=\"poem\">У людей нет представлений!<br>\r\nКаждый человек живёт Надеждой!<br>\r\nСегодня, Историческое сражение,<br>\r\nТьма должна быть поверженной!</p>\r\n\r\n<p class=\"poem\">Помните, что для Вас нет хода назад,<br>\r\nНужен уверенный шаг!<br>\r\nНет для Духа никаких преград,<br>\r\nСрочно поднимите свой Флаг!</p>\r\n\r\n<p class=\"poem\"><b>Теперь Ваша Воля &ndash; это спасение!<br>\r\nВам надо встать, сразу, против всех!<br>\r\nЭто Вам от Создателя повеление!<br>\r\nБог очистит Ваш Путь от помех!</b></p>\r\n\r\n<p class=\"noind\">Да будет Свет Истины!<br>\r\nОтец Абсолют или Высший Космический Разум!</p>\r\n","Files":null,"Date":"2024-09-01T10:51:27.24+03:00","DateChange":"2024-09-01T10:52:05.55+03:00","Link":"poems/01.09.24","Id":"66d41d25ee2d46eb68f30b28","Srv":"otk","Deleted":false,"Titles":["Только Ваша Воля – это спасение!"]}
{"Data":{"Next":"poems/01.09.24","NoFooter":false,"PoemOutDict":false,"Titles":null,"Number":"№244 (3027)"},"Active":true,"Catalog":"570ef2fcd07cda3e16f93ef7","Description":"<p class=\"poem\">Всё, что происходит в Мире есть Промысел Бога!<br>\r\nУ человека есть свой собственный Промысел!<br>\r\nЛюди должны добиться Равенства и Любви в Итоге!<br>\r\nНадо реализовать Главный, Создателя, Замысел!</p>\r\n\r\n<p class=\"poem\">Всё будет в Мире, как решил Создатель!<br>\r\nЛюди &ndash; это Сущности, стремящиеся к Богу!<br>\r\nБольшинство людей живут, словно, обыватели,<br>\r\nКоторые только и ждут своего Конца или Итога!</p>\r\n\r\n<p class=\"poem\">Проявление человека &ndash; это борьба за жизнь!<br>\r\nШекспир спрашивал: быть или не быть?<br>\r\nЧеловек при жизни должен определить,<br>\r\nКак он, сам, должен в Духе жить?</p>\r\n\r\n<p class=\"poem\">Тьма &ndash; это жизни противопоставление!<br>\r\nЧеловек, постоянно, находится перед выбором:<br>\r\nВ какую сторону должно быть движение?<br>\r\nБольшинство людей, жизнь рубит, как топором!</p>\r\n\r\n<p class=\"poem\">Но такое решение ничего не стоит,<br>\r\nЭто выбор, только, под властью Тьмы,<br>\r\nТолько войны и революции людей блокируют,<br>\r\nЖизнь в такое время, есть подобие кутерьмы!</p>\r\n\r\n<p class=\"poem\">Сегодня, в конце Пятой Эпохи, надо решить,<br>\r\nБыть или не быть, вопрос для всего Мира?<br>\r\nПридётся решить: жить или не жить:<br>\r\nНакануне, Перехода или Великого пира!</p>\r\n\r\n<p class=\"poem\">Война Славян усложнила все обстоятельства!<br>\r\nНет Глобальной Цели у этой борьбы,<br>\r\nГлавное для Тьмы, что война состоялась,<br>\r\nМир оказался, в преддверии, последней войны!</p>\r\n\r\n<p class=\"poem\">Силы Света и Тьмы спешат, но не получается!<br>\r\nСразились в схватке Тьма и Свет!<br>\r\nСоздатель получил вопрос и ответ, так случается,<br>\r\nЛюдям очень нужен от Создателя Совет!</p>\r\n\r\n<p class=\"poem\">Новая Эпоха &ndash; это Новые, для жизни соотношения!<br>\r\nЛюди спешат занять предложенные места,<br>\r\nТеперь, не будет просто движения,<br>\r\nПоменяется в Пространстве и частота!</p>\r\n\r\n<p class=\"poem\">Теперь, накануне, Создатель выстраивает порядок!<br>\r\nКаждый человек должен понимать построение!<br>\r\nНе нужно будет людям никаких указок,<br>\r\nБудет, только на Создателя, равнение!</p>\r\n\r\n<p class=\"poem\">Кто-то очень хочет подняться в Небо!<br>\r\nКто-то не спешит никуда!<br>\r\nДаже Ваше Великое Вече &ndash; это ещё Небыль,<br>\r\nВами была поднята до Неба волна!</p>\r\n\r\n<p class=\"poem\">Россия решила, что на Всё готова!<br>\r\nОстаётся сделать в Завтра один Шаг!<br>\r\nНе нужна России, на счастье, подкова,<br>\r\nВам надо поставить срочно Тьме мат!</p>\r\n\r\n<p class=\"poem\">Это очень важно, кто сегодня впереди!<br>\r\nУ России теперь Новая позиция,<br>\r\nРоссии надо твёрдо к Богу идти,<br>\r\nМосква, теперь в Духе, всего Мира, Столица!</p>\r\n\r\n<p class=\"poem\">Россия начинает свой Новый путь,<br>\r\n&laquo;Путь из Варяг в Греки&raquo;,<br>\r\nРоссия &ndash; это Главная, теперь, в Мире Суть!<br>\r\nСоздатель Ваш Путь давно отметил!</p>\r\n\r\n<p class=\"poem\">Помните, деньги ничего не значат!<br>\r\nТолько в Пятой Эпохе это было всего важнее!<br>\r\nДеньги будущее больше не определяют,<br>\r\nЛюди поймут это немного позднее!</p>\r\n\r\n<p class=\"poem\">Теперь Промысел, вместе, Бога и человека!<br>\r\nНельзя остановить это движение!<br>\r\nВы есть &ndash; Начало Начал Нового века!<br>\r\nНачинается Великое Преображение!</p>\r\n\r\n<p class=\"noind\">Да будет Свет Истины!<br>\r\nОтец Абсолют или Высший Космический Разум!</p>\r\n","Files":null,"Date":"2024-08-31T11:37:34.349+03:00","DateChange":"2024-08-31T11:38:13.117+03:00","Link":"poems/31.08.24","Id":"66d2d675a46e55d4f807974e","Srv":"otk","Deleted":false,"Titles":["Россия решила, что на всё готова!"]}
{"Data":{"Next":"poems/31.08.24","NoFooter":false,"PoemOutDict":false,"Titles":null,"Number":"№243 (3026)"},"Active":true,"Catalog":"570ef2fcd07cda3e16f93ef7","Description":"<p class=\"poem\">Теперь, весь Мир в ожидании Чуда!<br>\r\nВ воздухе повисло Начало Начал!<br>\r\nВ Ваших Душах желание быть повсюду,<br>\r\nРоссия, теперь, Нового Мира Причал!</p>\r\n\r\n<p class=\"poem\">Казалось, что так, неожиданно, всё случилось!<br>\r\nХотя всем понятно, что не бывает случая!<br>\r\nПросто, всё так, неожиданно, проявилось,<br>\r\nВся прошлая жизнь, ушла, мгновенно, в прочее!</p>\r\n\r\n<p class=\"poem\">20 лет пролетели, как одно Мгновение!<br>\r\nНачало было принято давно на Небе!<br>\r\nМессия был выбран, как Начало движения!<br>\r\nЕсть Небесные отметины на Его челе!</p>\r\n\r\n<p class=\"poem\">Небо знает все Мессии приметы!<br>\r\nКаждая отметина &ndash; это Небесный знак!<br>\r\nСоздатель каждого человека метит,<br>\r\nУ Мессии есть свой, особенный, признак!</p>\r\n\r\n<p class=\"poem\">У каждого человека, свой жизненный Путь!<br>\r\nНо, есть и от Создателя Направление!<br>\r\nЧеловек должен реализовать свою Суть,<br>\r\nСоздатель даёт человеку, подтверждение!</p>\r\n\r\n<p class=\"poem\">Путь человека не линия, а &ndash; дорога!<br>\r\nВозможны на Пути внешние испытания!<br>\r\nСоздатель с Пути человека, удаляет пороги,<br>\r\nГлавное &ndash; это движения Направление!</p>\r\n\r\n<p class=\"poem\">Мессия &ndash; это, конечно, особый случай!<br>\r\nУдачный опыт передаётся по поколениям,<br>\r\nЧеловек, при проявлении, Судьбу свою получает,<br>\r\nМессия &ndash; это Историческое явление!</p>\r\n\r\n<p class=\"poem\">Точкой отсчёта Эпохи, всегда есть Мессия!<br>\r\nОн переводит людей из Эпохи в Эпоху!<br>\r\nВести людей в Духе &ndash; это его Миссия,<br>\r\nНичего не бывает для людей сходу!</p>\r\n\r\n<p class=\"poem\">Мессия даёт людям Направление!<br>\r\nВ каждой Эпохе, отдельно, своё!<br>\r\nВ каждой Эпохе &ndash; это Историческое движение!<br>\r\nМессия &ndash; это реализация направления Моего!</p>\r\n\r\n<p class=\"poem\">26 Августа у Вас, и у Неба, всё получилось!<br>\r\nМессия готовил Вам этот День 20 лет!<br>\r\nЗначит, много в Духе хорошего, у Вас накопилось,<br>\r\nСоздатель подготовил, для Вас, в Космос билет!</p>\r\n\r\n<p class=\"poem\">Каждая Эпоха &ndash; это шаг Эволюции вперёд!<br>\r\nЛюди из Материи переходят в Энергию!<br>\r\nЛюди, сегодня, уже необычный Народ,<br>\r\nОни перейдут в Новую Эпоху, уже, без потери!</p>\r\n\r\n<p class=\"poem\">Все войны и революции &ndash; испытания и пробы!<br>\r\nПробы не пера, а ситуации,<br>\r\nЕсть у человека в Духе внутренняя утроба!<br>\r\nСегодня, начинается Тонкого Мира, акция!</p>\r\n\r\n<p class=\"poem\">Новый Путь Вам всем уже намечен!<br>\r\nНачинается людей внутренняя трансформация!<br>\r\nЭволюция человека &ndash; это процесс Вечный!<br>\r\nКаждая Эпоха это есть своя акция!</p>\r\n\r\n<p class=\"poem\">Люди прошли Материю древних времён!<br>\r\nБыли у Вас взлёты и были падения!<br>\r\nНи один человек не был напрасно погребён,<br>\r\nЧеловек в жизни, всегда искал решения!</p>\r\n\r\n<p class=\"poem\">Пятая Эпоха исчерпала, совсем, себя!<br>\r\nВойна доказала, что нужно принять решение!<br>\r\nОтстала от ритма Эволюции Планета Земля!<br>\r\nОстановилось с Союзом, людей, вверх движение!</p>\r\n\r\n<p class=\"poem\">Повторять Путь запрещено людям, опять или снова!<br>\r\nВозвращение для людей запрещено!<br>\r\nЗапрещено, даже, искать для этого повод,<br>\r\nЗа каждой Эпохой своё развитие закреплено!</p>\r\n\r\n<p class=\"poem\">Вы переходите, в соответствии с Эволюцией!<br>\r\nПятая Эпоха остаётся уже позади!<br>\r\nВы прошли все войны и революции,<br>\r\nКапитализм, Ваш опыт Союза, разорил!</p>\r\n\r\n<p class=\"poem\">Вы уступили, Создатель ждал начинать сначала!<br>\r\nВы проявили 26 Августа Волю людей-Богов!<br>\r\nВы предложили Россию, в качестве, Причала,<br>\r\nВы сами освободили себя от оков!</p>\r\n\r\n<p class=\"poem\">Каждая Эпоха имеет свои последствия!<br>\r\nПятая Эпоха несла с собой рабство,<br>\r\nВы на Вече приняли на себя ответственность:<br>\r\nОчистить от всех грехов это Пространство!</p>\r\n\r\n<p class=\"poem\">Ваша Воля открыла Эпоху!<br>\r\nЭпоху Великого Преображения!<br>\r\nТеперь, через 20 лет, у Вас получилось сходу,<br>\r\nВ Небо людей-Богов Возвращение!</p>\r\n\r\n<p class=\"noind\">Да будет Свет Истины!<br>\r\nОтец Абсолют или Высший Космический Разум!</p>\r\n","Files":null,"Date":"2024-08-30T11:11:19.785+03:00","DateChange":"2024-08-30T11:11:48.719+03:00","Link":"poems/30.08.24","Id":"66d17ec41c665ce2b3f398dc","Srv":"otk","Deleted":false,"Titles":["Ваша Воля открыла Эпоху!"]}
{"Data":{"Next":"poems/30.08.24","NoFooter":false,"PoemOutDict":false,"Titles":null,"Number":"№242 (3025)"},"Active":true,"Catalog":"570ef2fcd07cda3e16f93ef7","Description":"<p class=\"poem\">Обстановка в Мире и на Руси всё накаляется!<br>\r\nПодходит время уже, Новой, Шестой Эпохи!<br>\r\nТьма или Власть Тьмы очень старается,<br>\r\nЕй надо остановить в Духе людей потоки!</p>\r\n\r\n<p class=\"poem\">Тьма старается погубить больше людей!<br>\r\nДля Тьмы важно, чтобы погибло много!<br>\r\nВойна на границе Эпох всего важней,<br>\r\nВойна должна во Тьму убрать многих!</p>\r\n\r\n<p class=\"poem\">Тьме не важно, что есть с Создателем Договор!<br>\r\nЧто Россия согласилась на условия Бога!<br>\r\nПо-прежнему, у руля России остаётся вор,<br>\r\nНет пока, ожидаемых от Руси, Итогов!</p>\r\n\r\n<p class=\"poem\">Пошла информация о том, что решили люди,<br>\r\nВ этом отношении, прошедшее Вече &ndash; это сигнал!<br>\r\n26 августа прозвучала Прелюдия,<br>\r\nСоздатель, после этого, объявил на Планете аврал!</p>\r\n\r\n<p class=\"poem\">Теперь уже не война, а Небо всё решает!<br>\r\nГлавное, как изменится для всех Завтра?<br>\r\nСоздатель, скоро вслух это объявит,<br>\r\nДля будущего Планеты Правду!</p>\r\n\r\n<p class=\"poem\">Одно понятно: на Вече Русь приняла решение!<br>\r\nТочнее, на Вече Народ России решил!<br>\r\nНа Тонком плане, после этого, началось движение,<br>\r\nПрозвучал в Небе Первый и Общий Посыл!</p>\r\n\r\n<p class=\"poem\">Россия попросила поменять управление!<br>\r\nСоздатель, стрелки перевёл на Себя!<br>\r\nТеперь в Сознаниях людей началось брожение,<br>\r\nЛюди, теперь, оглядываются лишь на Меня!</p>\r\n\r\n<p class=\"poem\"><b>Создатель подготовил для власти смену!<br>\r\nНельзя военным управлять этой страной,<br>\r\nНачалась Духовная в стране перемена,<br>\r\nСоздатель отвечает за Русь головой!</b></p>\r\n\r\n<p class=\"poem\">Была подготовлена Матрица Новых людей!<br>\r\nНо, люди не проходили ещё испытания,<br>\r\nМессия от Бога, уже, как Прометей,<br>\r\nОстановит людей-Богов пустые скитания!</p>\r\n\r\n<p class=\"poem\">Сегодня, открывается дверь к Богу!<br>\r\nНо, на этом пути будет стоять Заслон!<br>\r\nКаждый человек должен подвести Итоги,<br>\r\nЧтобы пройти, есть ещё Тьмы, рубикон!</p>\r\n\r\n<p class=\"poem\">Нужно открыть срочно Школу Бога!<br>\r\nШколу Бога, сначала для Учителей!<br>\r\nПроверьте своё построение в Итоге,<br>\r\nВам, будет тогда понятно, кто умней!</p>\r\n\r\n<p class=\"poem\">Сейчас, у Вас эйфория, ожидаемого Полёта!<br>\r\nВы достигли момента Великого Старта,<br>\r\nНо, это только подготовка Вас к взлёту,<br>\r\nВам, всем, надо ещё постараться!</p>\r\n\r\n<p class=\"poem\"><b>Создатель может понять Вашу Радость!<br>\r\nНа Вече царило Равенство и Любовь людей!<br>\r\nПоверьте, нет для Создателя слова &laquo;старость&raquo;!<br>\r\nВы – это Первый Отряд из Богов-людей!</b></p>\r\n\r\n<p class=\"poem\"><b>Это от Вас пойдёт Старт Начала Начал!<br>\r\nВы заслужили это Мгновение!<br>\r\nБог не видел таких счастливых очей,<br>\r\nВы показали, Новые среди людей отношения!</b></p>\r\n\r\n<p class=\"poem\">Пусть это только Вече, но было Ваше решение!<br>\r\nТакого решения, люди ещё не принимали,<br>\r\nВы, на Вече, к Новому Миру открыли движение!<br>\r\nВы счастья такого, ещё сами, не понимали!</p>\r\n\r\n<p class=\"poem\">Я Вам после Вече сказал, что Создатель принял,<br>\r\nПринял Вашу Волю, как крик страдающей Души,<br>\r\nСоздатель Вашему Сознанию внял,<br>\r\nТеперь Ваше Пламя никому не потушить!</p>\r\n\r\n<p class=\"poem\">Война затихнет по Вашей Воле,<br>\r\nМир поймёт, что случилось Чудо!<br>\r\nЛюди поймут, что меняется людей Доля,<br>\r\nЗначит, время Тёмных сил прошло!</p>\r\n\r\n<p class=\"poem\">Теперь Россия начнёт применять Матрицу,<br>\r\nКоторая формировалась 20 лет,<br>\r\nРоссия уже Новой Истории Мира пишет страницу,<br>\r\nСоздатель, людям в будущее готовит Билет!</p>\r\n\r\n<p class=\"poem\">Учителя пройдут Школу Бога в Духе!<br>\r\nУчителя Света в Духе почти готовы!<br>\r\nЧто записаны 30 томов Знаний не слухи,<br>\r\nШкола Бога &ndash; это Белой религии Основы!</p>\r\n\r\n<p class=\"poem\">Теперь, постепенно, пойдёт информация:<br>\r\nПо Воле России Мир изменился,<br>\r\nНачинается Белой религии в Мире акция,<br>\r\nСоздатель с Началом Новой Эпохи определился!</p>\r\n\r\n<p class=\"noind\">Да будет Свет Истины!<br>\r\nОтец Абсолют или Высший Космический Разум!</p>\r\n","Files":null,"Date":"2024-08-29T11:39:37.801+03:00","DateChange":"2024-08-29T11:40:22.185+03:00","Link":"poems/29.08.24","Id":"66d033f68f047126a4f6fc6b","Srv":"otk","Deleted":false,"Titles":["Создатель подготовил для власти смену!"]}
{"Data":{"Next":"poems/29.08.24","NoFooter":false,"PoemOutDict":false,"Titles":null,"Number":"№241 (3024)"},"Active":true,"Catalog":"570ef2fcd07cda3e16f93ef7","Description":"<p class=\"poem\">Одного решения человека ещё недостаточно!<br />Мир должен услышать, человека намерение!<br />Человек сам, по существу, есть явление остаточное!<br />Человек, прежде всего, Вечное движение!</p>\n<p class=\"poem\">Человек если хочет, то сделать всё может!<br />Но, обстоятельства создаёт Создатель!<br />В Истории должны совпадать &laquo;может&raquo; и &laquo;можно&raquo;!<br />Не понимает этого, только пустой обыватель!</p>\n<p class=\"poem\">Человек от Бога, как натянутая струна!<br />Это Высокое внутреннее напряжение!<br />Такого человека ведёт на Небе Звезда,<br />Такой человек для Создателя &ndash; исключение!</p>\n<p class=\"poem\">В жизни сам человек ничего не может!<br />Такой человек &ndash; как Момент ожидания!<br />Только Создатель обстоятельства всё сложит,<br />Чтобы сложилось, однажды, с Мечтой свидание!</p>\n<p class=\"poem\">Жизнь человека &ndash; это Мечте служение!<br />Это сложение Момента встречи и ожидания!<br />Только в этом случае начинается движение,<br />Счастье всегда рядом с ожиданием и страданием!</p>\n<p class=\"poem\">Проявление Воли &ndash; это ещё не успех!<br />Это предтеча Великого счастья!<br />Тьма готовит для человека много помех,<br />Тьма готовит грозу и ненастья!</p>\n<p class=\"poem\">В этот Момент всё должно, вместе, быть!<br />Состояние человека, как натянутая струна!<br />Человек не может долго в таком состоянии жить,<br />Человек, как Энергетический разрыв, ядра!</p>\n<p class=\"poem\">Помните, что это только Мгновение!<br />В этот Момент человек поступает, как Бог!<br />Меняется, тогда, Истории Мира поведение,<br />Исторический наступает, тогда, Итог!</p>\n<p class=\"poem\">Первый Ваш Шаг &ndash; это проявление Воли!<br />Второе, Вам надо от Неба ожидать Момент!<br />Ожидание Счастья свершения &ndash; это Доля,<br />Счастья свершения Воли &ndash; Ваш аргумент!</p>\n<p class=\"poem\">Жизнь человека &ndash; это его один Этап!<br />Главное, это Этап проявления Воли!<br />Есть ещё и ожидания Счастья Этапы!<br />Напрасное ожидание &ndash; это тяжёлая Доля!</p>\n<p class=\"poem\">Вы на Вече проявили Волю, наконец, вместе!<br />Это есть самый Главный аргумент!<br />Вече для этого &ndash; самое лучшее место!<br />Для Неба и Создателя, Вече есть документ!</p>\n<p class=\"poem\">Важно, что Вы проявили Вместе свою Волю!<br />Такого Единения ещё не было никогда!<br />Ваша Воля, теперь, изменит всех людей Долю!<br />Мир изменится, после этого, Навсегда!</p>\n<p class=\"poem\">Теперь, Вам надо включить Этап ожидания!<br />Необходима внутренняя подготовка!<br />Ваша жизнь &ndash; это будущее с Мечтой свидание!<br />Это в Духе для Вас Новая установка!</p>\n<p class=\"poem\">Теперь, уже Создатель готовит Момент встречи!<br />Великую встречу человека с Мечтой!<br />Создатель её 20 лет назад наметил,<br />Встреча была омрачена войной!</p>\n<p class=\"poem\">Главное для Неба, что Вы сделали всё сами!<br />20 лет Создатель вёл Вас к этому!<br />Вы, наконец, сели в свои сани,<br />Вы на Вече решились поэтому!</p>\n<p class=\"poem\">Теперь у Вас Этап ожидания!<br />Но, ожидания не в пустоту!<br />Создатель, конечно, проявит старание,<br />Чтобы случиться для Вас тому!</p>\n<p class=\"poem\">Просто встреча, не нужна никому!<br />Нужна Историческая для всех встреча!<br />Встреча должна к Победному привести концу,<br />За которым люди увидят Солнечный ветер!</p>\n<p class=\"poem\">Такие события бывают в Вечности раз!<br />Это есть Переход в Новую Эру!<br />Не нужен тогда никакой приказ,<br />Энергия Любви есть и будет мерой!</p>\n<p class=\"poem\">Вы решились, ждите Бога ответ потом!<br />Главное, открылось в Духе движение!<br />Человек изменил этот Мир одним днём,<br />Началось Историческое Мира Преображение!</p>\n<p class=\"noind\">Да будет Свет Истины!<br />Отец Абсолют или Высший Космический Разум!</p>","Files":null,"Date":"2024-08-28T11:12:03.251+03:00","DateChange":"2024-08-28T11:12:36.494+03:00","Link":"poems/28.08.24","Id":"66cedbf48f047126a4f6fc6a","Srv":"otk","Deleted":false,"Titles":["Первый Ваш шаг – это проявление Воли!"]}
{"Data":{"Next":"poems/28.08.24","NoFooter":false,"PoemOutDict":false,"Titles":null,"Number":"№240 (3023)"},"Active":true,"Catalog":"570ef2fcd07cda3e16f93ef7","Description":"<p class=\"poem\">Важнее всего, на Вече, Ваше Единое мнение!<br>\r\nЕдиное решение людей &ndash; ответственность!<br>\r\nТолько после этого, можно начинать движение!<br>\r\nРешение, Вашей Воле, должно соответствовать!</p>\r\n\r\n<p class=\"poem\">Ваше решение &ndash; это проявление Единой Воли!<br>\r\nВласть &ndash; это тоже простые люди,<br>\r\nВласть &ndash; это очень тяжёлая доля!<br>\r\nНе всем людям по плечу такая Доля!</p>\r\n\r\n<p class=\"poem\">Вы сегодня на Вече подвели Итоги!<br>\r\nЗнайте, такое подведение Богу понравилось!<br>\r\nВы смогли создать в Духе Единый поток,<br>\r\nИ по-другому картина представилась!</p>\r\n\r\n<p class=\"poem\">Вы доказали, что Вы – не рабы!<br>\r\nЧто у Вас открылась картина Завтра,<br>\r\nВы поняли, что Вы творить должны,<br>\r\nЧто Вы должны открыть Правду!</p>\r\n\r\n<p class=\"poem\">Вы это сказали через Учёных,<br>\r\nСвоё видение будущего страны,<br>\r\nВы словно Белого Света огни,<br>\r\nВам надо убрать все стены!</p>\r\n\r\n<p class=\"poem\">Сегодня Итоги, не были Итогами!<br>\r\nВаш Форум, как Новое направление,<br>\r\nПервый раз Вы сошлись в Итогах,<br>\r\nДля Нового уже поколения!</p>\r\n\r\n<p class=\"poem\">Вы &ndash; есть разные, но Цель Ваша Одна!<br>\r\nВам надо подтвердить Равенство!<br>\r\nУ Вас теперь одна на всех Мечта,<br>\r\nНа Руси, теперь, Любви Главенство!</p>\r\n\r\n<p class=\"poem\">Вы понимаете всё, теперь, одинаково!<br>\r\nВам можно принять Управление!<br>\r\nСегодня, Ваш Форум знаковый,<br>\r\nВы, выбрали, наконец, направление!</p>\r\n\r\n<p class=\"poem\">Идёт война Тьмы со Светом!<br>\r\nРоссия, конечно, на стороне Света,<br>\r\nДля Вас, самое Главное, это Бога Заветы,<br>\r\nВам не надо ждать со стороны Света Ответа!</p>\r\n\r\n<p class=\"poem\">Главный Ваш оппонент &ndash; это Америка,<br>\r\nНАТО &ndash; это только силовая масть,<br>\r\nЕвропа, сегодня, в истерике,<br>\r\nНАТО &ndash; это Америки воинская часть!</p>\r\n\r\n<p class=\"poem\">Теперь, после Вас, Бог примет решение!<br>\r\nЛюди высказали, ВМЕСТЕ, свою Идею,<br>\r\nСоздатель перевёл это в движение,<br>\r\nНАТО повторит Судьбу Помпеи!</p>\r\n\r\n<p class=\"poem\">Вашу Волю, Создателю надо выполнять!<br>\r\nЭто Единое пожелание России!<br>\r\nВы попросили Мессию во главе стать,<br>\r\nОн от Неба Спаситель &ndash; это его Миссия!</p>\r\n\r\n<p class=\"poem\">Картина сражения, теперь, резко изменится!<br>\r\nСоздатель перенаправит силы!<br>\r\nОн выполнит Ваши намерения,<br>\r\nВам необходимы в Духе ориентиры!</p>\r\n\r\n<p class=\"poem\">Создатель получил для себя подтверждение,<br>\r\nЧто Россия в Духе уже созрела!<br>\r\nЧто Россия готова начать движение!<br>\r\nОна для себя внутри уже посмела!</p>\r\n\r\n<p class=\"poem\">Теперь эта война &ndash; уже другая война!<br>\r\nЭта война началась с Америкой!<br>\r\nБудет потревожена Америки казна,<br>\r\nВот когда, Америку охватит истерика!</p>\r\n\r\n<p class=\"poem\">Создатель выполнит Ваше пожелание!<br>\r\nМир скоро перейдёт границу,<br>\r\nУправление &ndash; это не страдание,<br>\r\nЭто &ndash; Нового Мира страница!</p>\r\n\r\n<p class=\"poem\">Вы, соглашаясь на просьбу,<br>\r\nРешили, что есть силы для управления,<br>\r\nВы сами убедились в своей Судьбе,<br>\r\nНачалось к Создателю движение!</p>\r\n\r\n<p class=\"poem\">Создатель принял просьбу от Вас!<br>\r\nНет у Него никаких сомнений!<br>\r\nНаступает Ваш Исторический час!<br>\r\nНачинается этого Мира исправление!</p>\r\n\r\n<p class=\"poem\">Ваша Воля &ndash; это Ваш шаг в Истории!<br>\r\nСогласие Создателя &ndash; это общий Итог!<br>\r\nЖизнь становится жизнью другой категории!<br>\r\nУ руля управления становится Бог!</p>\r\n\r\n<p class=\"noind\">Да будет Свет Истины!<br>\r\nОтец Абсолют или Высший Космический Разум!</p>\r\n","Files":null,"Date":"2024-08-27T13:17:10.385+03:00","DateChange":"2024-08-27T13:17:53.569+03:00","Link":"poems/27.08.24","Id":"66cda7d18f047126a4f6fc69","Srv":"otk","Deleted":false,"Titles":["Создатель принял Просьбу от Вас!"]}
{"Data":{"Next":"poems/27.08.24","NoFooter":true,"PoemOutDict":false,"Titles":null,"Number":"№239 (3022)"},"Active":true,"Catalog":"570ef2fcd07cda3e16f93ef7","Description":"<p class=\"poem\">С Завтра начинается 21 год Вашего Возвышения!<br>\r\nМир уже изменился до неузнаваемости!<br>\r\nОстановилось в Духе вверх Ваше движение!<br>\r\nСловно, у людей плохая успеваемость!</p>\r\n\r\n<p class=\"poem\">Война разделила людей по Сознаниям!<br>\r\nКто-то спешит к Богу, а кто-то от Него ушёл!<br>\r\nНет в людях Единого миропонимания,<br>\r\nМир людей уже до конца дошёл!</p>\r\n\r\n<p class=\"poem\">Война продолжается по Сценарию Тьмы!<br>\r\nРоссия не может оказать сопротивление!<br>\r\nВ головах людей подобие кутерьмы,<br>\r\nНет вперёд никакого движения!</p>\r\n\r\n<p class=\"poem\">Нужен кардинальный поворот событий!<br>\r\nШестая Эпоха к этому подтолкнёт!<br>\r\nВысокая Мораль Союза теперь забыта,<br>\r\n20 лет пролетели, как короткий полёт!</p>\r\n\r\n<p class=\"poem\">Всё было другим 20 лет назад,<br>\r\nБыла Надежда на Возвращение,<br>\r\nВ Душах людей был ещё Победный парад,<br>\r\nПредполагалось Союза Воскрешение!</p>\r\n\r\n<p class=\"poem\">Тьме был не нужен Советский Союз!<br>\r\nРоссия потеряла свои Основы!<br>\r\nЭкономика Союза пошла юзом,<br>\r\nНадо было строить Союз Новый!</p>\r\n\r\n<p class=\"poem\">Новый, потому что с Создателем,<br>\r\nВласть растащила Русь по карманам!<br>\r\nТеперь, основная масса людей &ndash; обыватели,<br>\r\nДеньги были попрятаны за бугром или экраном!</p>\r\n\r\n<p class=\"poem\">Вместо государства создалась Система!<br>\r\nГде нет идеологии, а только есть общак!<br>\r\nНет Союза, осталась только Тьма!<br>\r\nЦарский вместо Союза стяг!</p>\r\n\r\n<p class=\"poem\">Человек живёт только Идеологией!<br>\r\nБез Идеологии &ndash; человек уже никто!<br>\r\nВ стране развилась Духовная патология,<br>\r\nИ теперь для людей: &laquo;конь в пальто&raquo;!</p>\r\n\r\n<p class=\"poem\">Нет страны, значит, нет образования!<br>\r\nМного и очень купленных дипломов!<br>\r\nИдёт коммерческое соревнование!<br>\r\nПротив Сознания власть противопоставила миллионы!</p>\r\n\r\n<p class=\"poem\">Раньше учились за знания и Дипломы!<br>\r\nСегодня определяется Диплома стоимость,<br>\r\nТеперь деньги, словно ломы,<br>\r\nЛюди теперь понимают только самость!</p>\r\n\r\n<p class=\"poem\">Религии тоже подняли налог,<br>\r\nТеперь в Храм &laquo;на хромой козе не подъедешь&raquo;!<br>\r\nЭто капитализма для России пролог,<br>\r\nТеперь ничего и никому не докажешь!</p>\r\n\r\n<p class=\"poem\">Страна Россия опустилась на дно!<br>\r\nУ руля подкормленные коммерсанты,<br>\r\nТеперь в Сознании человека темно,<br>\r\nУ власти потенциальные арестанты!</p>\r\n\r\n<p class=\"poem\">Нужно остановить такую Россию,<br>\r\nНужно срочно вернуть в Духе Союз,<br>\r\nУ этой России нет никакой Миссии,<br>\r\nЕсть только Идеологический флюс!</p>\r\n\r\n<p class=\"poem\">Больше нельзя терпеть России падение!<br>\r\nРоссию растащила воровская Система!<br>\r\nНулевое у России вперёд движение!<br>\r\nДеньги &ndash; это единственная тема!</p>\r\n\r\n<p class=\"poem\">Армию разворовали генералы!<br>\r\nСтрану растащила Администрация!<br>\r\nЕщё до войны Чубайс воровал,<br>\r\nБыла Ельцина преступная акция!</p>\r\n\r\n<p class=\"poem\">Создатель терпеть Тьму на Руси не будет!<br>\r\nРоссия &ndash; это Святая земля!<br>\r\nНарод при Создателе власть забудет,<br>\r\nНовая будет открыта стезя!</p>\r\n\r\n<p class=\"poem\">Кто услышит Создателя, тот остаётся!<br>\r\nКто воровал у Руси, того не будет!<br>\r\nСоздатель с этой властью посчитается,<br>\r\nИм прощальный от Создателя готов букет!</p>\r\n\r\n<p class=\"poem\">События развернутся очень быстро!<br>\r\nУ Создателя уже готова замена!<br>\r\nЛюди поддержат перемены остро,<br>\r\nНачинается внутренняя перемена!</p>\r\n\r\n<p class=\"poem\">Создатель Завтра объявит условия!<br>\r\nРавенство и Любовь &ndash; другого, не дано!<br>\r\nНе будет на Руси никаких сословий,<br>\r\nРоссия больше не упадёт на дно!</p>\r\n\r\n<p class=\"poem\">Люди вместе пройдут Школу Бога!<br>\r\nБез Знаний Бога нет места на Руси!<br>\r\nЛюди должны до Неба подняться в Итоге,<br>\r\nЧеловека без Знаний нельзя простить!</p>\r\n\r\n<p class=\"poem\">Преображение России начинается!<br>\r\nПора объявить перемирие!<br>\r\nРоссия в Духе окончательно проснётся,<br>\r\nНачинается людей к Миру движение!</p>\r\n\r\n<p class=\"noind\">Да будет Свет Истины!<br>\r\nОтец Абсолют или Высший Космический Разум!</p>\r\n<p class=\"noind\">26.08.2024 (08.08.08)</p>","Files":null,"Date":"2024-08-26T00:00:00+03:00","DateChange":"2024-08-27T12:33:15.357+03:00","Link":"poems/26.08.24","Id":"66cd9d5b8f047126a4f6fc68","Srv":"otk","Deleted":false,"Titles":["Больше нельзя терпеть России падение!"]}
{"Id":"66cb66851c559fdac82a119f","Deleted":false,"Active":false,"DateChange":"2024-08-26T19:53:18.653+03:00"}
{"Data":{"Next":"poems/26.08.24","NoFooter":false,"PoemOutDict":false,"Titles":null,"Number":"№238 (3021)"},"Active":true,"Catalog":"570ef2fcd07cda3e16f93ef7","Description":"<p class=\"poem\">Помощь, конечно, нужна людям!<br>\r\nВо время войны не бывает удачи!<br>\r\nСегодня, Квантового перехода, прелюдия,<br>\r\nЛюди хотят себе, только, счастья!</p>\r\n\r\n<p class=\"poem\">В каждой стране всё зависит от власти!<br>\r\nСегодня, власти играют в свою игру,<br>\r\nВ Народе только кипят, пустые, страсти,<br>\r\nЛюдям такое положение, не по нутру!</p>\r\n\r\n<p class=\"poem\">Две части в каждой стране: власть и Народ!<br>\r\nНет между ними никакого равновесия,<br>\r\nВласть &ndash; это особая людей порода,<br>\r\nВласть не делится с Народом известием!</p>\r\n\r\n<p class=\"poem\">Поэтому Народ проживает втёмную!<br>\r\nНовости не доходят до Народа,<br>\r\nДля власти такое управление, удобно,<br>\r\nХороша для власти рабская людей порода!</p>\r\n\r\n<p class=\"poem\">Народ для власти нужен, когда война!<br>\r\nВласти необходимо пушечное мясо!<br>\r\nТогда, у человека, правда, другая цена,<br>\r\nВласть приглашает человека в этот час!</p>\r\n\r\n<p class=\"poem\">Сегодня, война за передел Мира!<br>\r\nАмерика решила, что настал Её час!<br>\r\nНет у Америки, кроме богатства, ориентира,<br>\r\nДля неё важен, полученный на войне, запас!</p>\r\n\r\n<p class=\"poem\">Любая власть имеет своё богатство!<br>\r\nВласти надо уменьшить риск!<br>\r\nВоровство в стране &ndash; это святотатство!<br>\r\nУ богатых людей &ndash; это минимальный риск!</p>\r\n\r\n<p class=\"poem\">Война, сегодня, продолжается по Уставу!<br>\r\nАмерика хочет победить Россию!<br>\r\nОна хочет поднять вверх свою Октаву,<br>\r\nЧтобы остановить от Бога Мессию!</p>\r\n\r\n<p class=\"poem\">Пока Россия не видит своей беды,<br>\r\nПресса поёт людям, только, Надежду,<br>\r\nРоссия должна помнить, что были Веды,<br>\r\nРоссия застряла в религиях, как невежда!</p>\r\n\r\n<p class=\"poem\">Власть России боится, сегодня, потерять власть!<br>\r\nНо, страна гибнет при таком управлении,<br>\r\nХотя, в Народе уже кипит страсть,<br>\r\nНет в стране, к справедливости, движения!</p>\r\n\r\n<p class=\"poem\">Россия потерялась, как Великий Союз!<br>\r\nТеперь, нет Единого в Духе Плана,<br>\r\nЭкономика рынка пошла юзом,<br>\r\nРоссия под гнётом Тайного клана!</p>\r\n\r\n<p class=\"poem\">Есть частный сектор под управлением,<br>\r\nЧастный сектор можно доить,<br>\r\nУ России нет никакого направления,<br>\r\nАмерика считает, что Её можно убить!</p>\r\n\r\n<p class=\"poem\">Это, сегодня, Главная Цель Америки!<br>\r\nВалюту печатает, ускоренно, станок!<br>\r\nТеперь, уже весь Мир в истерике,<br>\r\nГолос сопротивления, давно, умолк!</p>\r\n\r\n<p class=\"poem\">Россия переходит в Епархию Бога!<br>\r\nНепривычно Ей подчиняться,<br>\r\nБез Бога, плачевными будут Итоги!<br>\r\nСо Свободой Её не расставаться!</p>\r\n\r\n<p class=\"poem\">Надо срочно менять направление,<br>\r\nПопросите Создателя поменять Сознание,<br>\r\nВласть &ndash; это искусственное явление,<br>\r\nНадо на этом сконцентрировать внимание!</p>\r\n\r\n<p class=\"poem\">Эта война закончится плохо, без Бога!<br>\r\nНо в этом заложен Небом Плюс!<br>\r\nОчень скоро поменяется уже Эпоха,<br>\r\nУйдёт из России, насовсем, Минус!</p>\r\n\r\n<p class=\"poem\">Война может привести к разрухе!<br>\r\nСоздатель не подаст власти руки!<br>\r\nПобедные напрасно звучат слухи,<br>\r\nРоссии, повторно, не перейти реки!</p>\r\n\r\n<p class=\"poem\">НАТО &ndash; это огромные средства!<br>\r\nЕсть у них планы на десять лет!<br>\r\nДля такой России закрылась дверца,<br>\r\nУ России очень плохой бюджет!</p>\r\n\r\n<p class=\"poem\">Не получится победить Америку!<br>\r\nНет грамотного обеспечения,<br>\r\nТеперь уже Россия будет в истерике,<br>\r\nОстановилось России вперёд движение!</p>\r\n\r\n<p class=\"poem\">Создатель подготовил Программу!<br>\r\nНо власть и Народ читают не Там!<br>\r\nДля Победы нужны в Духе граммы,<br>\r\nСегодня, внутри страны полный бедлам!</p>\r\n\r\n<p class=\"poem\">Надо менять в стране положение!<br>\r\nНадо Создателю передать Управление,<br>\r\nПовторяю, надо поменять направление,<br>\r\nПока, в стране с Минусом Уравнение!</p>\r\n\r\n<p class=\"noind\">Да будет Свет Истины!<br>\r\nОтец Абсолют или Высший Космический Разум!</p>\r\n","Files":null,"Date":"2024-08-25T12:01:01.767+03:00","DateChange":"2024-08-25T12:01:31.383+03:00","Link":"poems/25.08.24","Id":"66caf2eb9b67d7a1e1c7ff2b","Srv":"otk","Deleted":false,"Titles":["Создатель подготовил Программу!"]}
