{"Data":{"Next":null,"NoFooter":false,"PoemOutDict":false,"Titles":[],"Number":null},"Active":true,"Catalog":"5eeb5170ee6d7619745b6675","Description":"<h3>ИМПУЛЬС ЭНЕРГИИ ДУХОВНОЙ ВОЛНЫ НА ОЧИЩЕНИЕ ПЛАНЕТЫ И ФОРМИРОВАНИЕ ПРОСТРАНСТВА СВЯТОЙ РУСИ!</h3>","Files":[{"Id":"67e51097f8236a76bc659797","Path":"2-Timekeeping_Spiritual_Wave.jpg","Name":"2-Timekeeping_Spiritual_Wave.jpg","Store":0,"NoToGallery":false},{"Id":"67e51098f8236a76bc65979b","Path":"3-The_Path_of_the_impulse.jpg","Name":"3-The_Path_of_the_impulse.jpg","Store":0,"NoToGallery":false}],"Date":"2025-05-13T00:00:00+03:00","DateChange":"2025-05-13T03:10:01.385+03:00","Link":"","Id":"62195b9e5d5a11c6eb22ae89","Srv":"otk","Deleted":false,"Titles":["ДУХОВНАЯ ВОЛНА"]}
{"Data":{"Next":null,"NoFooter":false,"PoemOutDict":false,"Titles":null,"Number":"№12 (3283)"},"Active":true,"Catalog":"570ef2fcd07cda3e16f93ef7","Description":"<p class=\"poem\">Создатель дал человечеству, на всё, срок!<br />Этот срок начала Начал Мировой Эволюции!<br />Россия помнит, своей перестройки Урок!<br />Для Эволюции Мира, не нужна революция!</p>\n<p class=\"poem\">Россия, сама, погубила Идею Союза!<br />Грехи человека, она не смогла исправить!<br />Экономика, уже, сколько лет идёт юзом!<br />Реформа нужна, чтобы всё перенаправить!</p>\n<p class=\"poem\">Реформа &ndash; это, совсем, не революция!<br />Ибо, это только исправление!<br />Нужна Мудрости Создателя акция!<br />Нужно исправить, людей правление!</p>\n<p class=\"poem\">Создатель, передал России Конституцию!<br />Создатель, предложил 10 Правил!<br />Создатель, дал другую страны конструкцию!<br />Где, только, Мессия от Бога, будет править!</p>\n<p class=\"poem\">Люди должны будут принять Условия Бога!<br />Творец, теперь, будет править Миром!<br />Создатель, подготовил Пророка в итоге!<br />Принявшего, Создателя, в качестве ориентира!</p>\n<p class=\"poem\">Это, Главное условие для Мира и для России!<br />Ибо России суждено преобразить этот Мир!<br />Белый Царь &ndash; это выбранный Богом Мессия!<br />Знающий, как должен будет развиваться Мир!</p>\n<p class=\"poem\">Люди России, уже получили от Бога Знания!<br />Знания, от Создателя, собраны в 30 томов!<br />Теперь &ndash; это для Мира сего, есть Знамя!<br />Это Вечная пища для человеческих мозгов!</p>\n<p class=\"poem\">Россия проходит экзамены, сейчас, в Школе!<br />В Школе, самого Творца, уже не один год!<br />Россия собирает людей на Духовной Основе!<br />Готовя Сознание людей на Квантовый Переход!</p>\n<p class=\"poem\">Уже не так важно, кто и на что, из людей готов!<br />Все страны Мира повязли в своих религиях!<br />Люди так и не освободились, от вранья и оков!<br />Перейти в Новую Эпоху, не позволят вериги!</p>\n<p class=\"poem\">Религии продолжают существовать, как было!<br />Но, впереди, уже, Новая или Шестая, Эпоха!<br />Равенство и Любовь, войнами людей, смыло!<br />Только, одна Россия шагнёт в Новую Эпоху, сходу!</p>\n<p class=\"poem\">Россия, конечно, должна пройти и очищение!<br />Создатель предложил пересмотреть Историю!<br />Надо объяснить людям, необходимость в Боги движения!<br />Люди-Боги, уже другая совсем, людей, категория!</p>\n<p class=\"poem\">Времени осталось мало, но помогут Знания!<br />Они помогут собрать страны остов!<br />У людей-Богов есть, Начала Начал, понимание!<br />Россия &ndash; это в Космосе, Равенства и Любви &ndash; остров!</p>\n<p class=\"poem\">Шестая Эпоха &ndash; это, совсем, другой Мир!<br />Люди-Боги, поднимутся, сами, в Небо!<br />Высокие вибрации этой Эпохи &ndash;это, не слухи!<br />Самое Главное, человек-Бог есть Быль!</p>\n<p class=\"poem\">Кто-то может успеть в Новую Эпоху, но не все!<br />Для людей-Богов открыты все двери!<br />Люди-Боги должны служить своей Мечте!<br />Такие люди должны Создателю верить!</p>\n<p class=\"poem\">Россия, должна начать, по Создателю, реформу!<br />Власть в стране должна перейти к Богу!<br />Создатель предложил, необходимую, норму!<br />Главное, чтобы не было оков в Итоге!</p>\n<p class=\"poem\">Человек-Бог &ndash; это совершенное Сознание в Духе!<br />Такой человек находится в Небе!<br />Высокие вибрации &ndash; это условия существования, а не слухи!<br />Человек-Бог, не вымысел, а, есть Быль!</p>\n<p class=\"poem\">Теперь, люди-Боги должны проявить Волю!<br />Они должны реализовать условия Равенства и Любви!<br />Создатель изменит, на Планете, людей-Богов Долю!<br />Основа Шестой Эпохи: Клятва Богу на Крови!</p>\n<p class=\"poem\">По Плану Создателя должна уйти власть!<br />Власть людей перейдёт на другую Планету!<br />Управление примет людей-Богов страсть!<br />Подвела власть людей, тяга к монете!</p>\n<p class=\"poem\">Начинается перестроение или Реформа!<br />Создатель объявит Начало Начал!<br />Изменится людей-Богов форма!<br />Россия &ndash; это Новой Эпохи Причал!</p>\n<p class=\"noind\">Да будет Свет Истины!<br />Отец Абсолют или Высший Космический Разум!</p>","Files":null,"Date":"2025-05-12T11:22:32.069+03:00","DateChange":"2025-05-12T15:50:11.624+03:00","Link":"poems/12.05.25","Id":"6821afe8f279c26177bcb73e","Srv":"otk","Deleted":false,"Titles":["Россия начинает по Создателю, реформу!"]}
{"Data":{"Next":"poems/12.05.25","NoFooter":false,"PoemOutDict":false,"Titles":null,"Number":"№11 (3282)"},"Active":true,"Catalog":"570ef2fcd07cda3e16f93ef7","Description":"<p class=\"poem\">Праздник Победы прошёл, пришли уже будни!<br />Создатель, подскажет, как начинать Преображение!<br />Продолжатся ли вновь, военные в Мире, дни?<br />И какие людей ждут, Эпохальные изменения?</p>\n<p class=\"poem\">Европа, как всегда, на стороне Украины!<br />Америка, во всём видит свой, конкретный, интерес!<br />Никто, не хочет понять, что этот Мир, не страны,<br />И что Украина, сегодня, Миру несёт регресс!</p>\n<p class=\"poem\"><strong>Украина готова на всё, ибо Ей нужна Победа!<br />Конечно, за счёт единения с Европой!<br />Трамп не понимает, что для Америки &ndash; это беда!<br />Европой протоптана, в Ад дорога!</strong></p>\n<p class=\"poem\">Этого, пока, никто не замечает в Европе!<br />Параллельно, началась уже в Азии, такая война!<br />Оказалось, что Создатель, поставил для Европы сроки!<br />Что Европа, после этого, повержена будет, сама!</p>\n<p class=\"poem\">Никто не поможет Европе, в этой войне!<br />Европа не хочет слышать, что Россия с Богом!<br />Сегодня, для Европы, Украина опаснее вдвойне,<br />Печальным, эта война будет для Европы, итогом!</p>\n<p class=\"poem\">Создатель определил срок, 7 месяцев, для всех!<br />Для Европы этот срок может и сократиться! <br />Даже, для США может проявиться, очень много, помех!<br />Америка, в развитии своём, может остановиться!</p>\n<p class=\"poem\">Америка, ещё совсем недавно, была Лидером!<br />Сегодня, Америка уже, совсем, не то!<br />Сегодня, Она не может быть, для Мира, примером,<br />Экономика Америки демонстрирует, почти, гнильё!</p>\n<p class=\"poem\">Россия, тоже, уже не Космос, всё, уже прошло!<br />Но, Россия успела подписать Договор с Богом!<br />По Сценарию Бога, время России, наконец, пришло!<br />Россия, будет для Новой Эпохи, Истоком!</p>\n<p class=\"poem\">Для Создателя, такой Мир, не интересен!<br />Ибо, Мир, в войнах, потерял устойчивость!<br />Создателю, уровень Сознания людей, известен!<br />Изменить Сознание людей необходимо, точно!</p>\n<p class=\"poem\">Люди остановились, в развитии, у последней черты!<br />США и Европе кажется, что они пришли к Победе!<br />Но, нет у них, настоящей для людей, Мечты!<br />Они привели, наоборот, этот Мир к беде!</p>\n<p class=\"poem\">Теперь, уже поздно о чём-либо думать!<br />Россия поднимает, в Духе, Свой потенциал!<br />Поздно и голову об этом Чуде, ломать!<br />Создатель всегда, во все века, Руси помогал!</p>\n<p class=\"poem\"><strong>Теперь, в Мире, всё предельно просто!<br />Для Создателя нужна, в Завтра, для всех дорога!<br />Между Небом и Твердью, Русь создала Мост!<br />Россия и Создатель &ndash; это Вечная друг другу, подмога!</strong></p>\n<p class=\"poem\">Все ждали этот Праздник, чтобы понять,<br />На чьей стороне, в этой войне, будет Победа!<br />За Россией, всегда, военная стать!<br />Для Запада, такая с Россией война, есть беда!</p>\n<p class=\"poem\">Россия, не может остановить свой быт!<br />Запад, не может в таких условиях, жить!<br />Россия, во все времена решала: &laquo;быть или не быть&raquo;!<br />Россия, привыкла Чашу терпения пить!</p>\n<p class=\"poem\"><strong>Теперь, перевес на стороне России!<br />Народ, доказал, что Он для Бога, Попутчик!<br />Создатель определил для России, роль Мессии!<br />Россия и Создатель &ndash; Два Вечных Спутника!</strong></p>\n<p class=\"noind\">Да будет Свет Истины!<br />Отец Абсолют или Высший Космический Разум!</p>","Files":null,"Date":"2025-05-11T10:44:39.567+03:00","DateChange":"2025-05-12T11:24:50.183+03:00","Link":"poems/11.05.25","Id":"68205590f279c26177bcb73d","Srv":"otk","Deleted":false,"Titles":["Теперь, перевес на стороне России!"]}
{"Data":{"Next":"poems/11.05.25","NoFooter":false,"PoemOutDict":false,"Titles":null,"Number":"№10 (3281)"},"Active":true,"Catalog":"570ef2fcd07cda3e16f93ef7","Description":"<p class=\"poem\"><b>Как этот Миг прекрасен и печален!<br>\r\nНам память, всегда, оставляет грёзы!<br>\r\nНам прошлое, показало войны печали,<br>\r\nИ вместо радости, у нас на глазах слёзы!</b></p>\r\n\r\n<p class=\"poem\">Мир отмечает всё, теперь, по-новому!<br>\r\nТочнее, так, как хочется властям!<br>\r\nНо, люди продолжают жить по-старому!<br>\r\nПо сердцу жить и по страстям!</p>\r\n\r\n<p class=\"poem\">Мир за эти годы, набрал много ошибок!<br>\r\nСегодня, всё это продолжается!<br>\r\nУсиливается, только, негативный поток!<br>\r\nРазрушение Мира уже начинается!</p>\r\n\r\n<p class=\"poem\">Сегодня, накануне, в Мире, уже всё плохо!<br>\r\nМир оказался на обочине!<br>\r\nУ людей, нет впереди никакого выхода!<br>\r\nЛюдьми, проявлено к себе, безразличие!</p>\r\n\r\n<p class=\"poem\">Людям, кажется, что плохого не будет!<br>\r\nИбо, нет никаких сложностей с Богом!<br>\r\nЧеловек все проблемы свои забудет!<br>\r\nЕму кажется, что он успешно подведёт Итоги!</p>\r\n\r\n<p class=\"poem\">Но, Создатель будет просить, обоснование!<br>\r\nНикто из людей, не хочет ничего, менять!<br>\r\nСоздатель напомнит, о передаче Знаний!<br>\r\nЛюди должны были за Равенство, постоять!</p>\r\n\r\n<p class=\"poem\">Люди, после развала Союза, потеряли свой Мир!<br>\r\nНужно было поднять людей Сознание!<br>\r\nНадо было принять Создателя, как ориентир!<br>\r\nЛюди, должны были стать, Нового, Созидателями!</p>\r\n\r\n<p class=\"poem\">Вторая Мировая война, была сражением!<br>\r\nБыла Сражением Тьмы со Светом!<br>\r\nКазалось, что это было к Богу, движением!<br>\r\nКоторое, оставило людям Основные Заветы!</p>\r\n\r\n<p class=\"poem\">Теперь, люди вновь воюют против России!<br>\r\nСегодня, война &ndash; это противостояние сторон!<br>\r\nСоздатель, ради Мира, выделил для России, Мессию!<br>\r\nЧеловечество на этой войне несёт, снова, урон!</p>\r\n\r\n<p class=\"poem\">Людям придётся разбираться, в который раз!<br>\r\nСлишком много ошибок и нет понимания!<br>\r\nЛюдей ждёт от Создателя, последний приказ!<br>\r\nНадо, срочно, на Слова Бога, обратить внимание!</p>\r\n\r\n<p class=\"poem\">По участникам войны видно: кто есть кто?<br>\r\nВидно, что ничего не связывает людей с Завтра!<br>\r\nВ Новой Эпохе, совсем другое кино!<br>\r\nУже 20 лет, Мессия-Пророк говорит об этом Правду!</p>\r\n\r\n<p class=\"poem\">Люди, не хотят ничего видеть, правильно!<br>\r\nЭто относится, прежде всего, к Лидерам!<br>\r\nЖизнь продолжается по старым правилам!<br>\r\nНо, Многомерного больше не будет, Мира!</p>\r\n\r\n<p class=\"poem\">Подведение Итогов показало, что Мира нет!<br>\r\nЛюди привели Мир к уничтожению!<br>\r\nСоздатель отобрал у людей, в Завтра, Билет!<br>\r\nИбо, остановилось у людей, к Правде, движение!</p>\r\n\r\n<p class=\"poem\">Теперь, людей ждут Экзамены, для всех!<br>\r\nЧеловечество остаётся в Пятой Эпохе!<br>\r\nСлишком много накопилось в Мире, помех!<br>\r\nТолько, Россия переходит в Шестую Эпоху!</p>\r\n\r\n<p class=\"poem\">У Всех был шанс, включая и Ватикан!<br>\r\nНо, человечество оказалось слепым!<br>\r\nНовая дорога Словами Бога выткана!<br>\r\nЧеловечество остаётся, навечно, прежним!</p>\r\n\r\n<p class=\"noind\">Да будет Свет Истины!<br>\r\nОтец Абсолют или Высший Космический Разум!</p>\r\n","Files":null,"Date":"2025-05-10T10:48:38.621+03:00","DateChange":"2025-05-10T10:49:16.925+03:00","Link":"poems/10.05.25","Id":"681f04fcc84c4afd5e587f27","Srv":"otk","Deleted":false,"Titles":["Как этот Миг прекрасен и печален!"]}
{"Data":{"Next":"poems/10.05.25","NoFooter":false,"PoemOutDict":false,"Titles":null,"Number":"№09 (3280)"},"Active":true,"Catalog":"570ef2fcd07cda3e16f93ef7","Description":"<p class=\"poem\">Мир окончательно разделен на две части!<br>\r\nТакого разделения не было никогда!<br>\r\nРоссия готовит свои ряды, для счастья!<br>\r\nВесь остальной Мир уходит, уже в никуда!</p>\r\n\r\n<p class=\"poem\">Времени для принятия решения, немного!<br>\r\nМир не знает, что Ему надо делать?<br>\r\nСтарому Миру не будет от Создателя, подмоги!<br>\r\nТолько, Россия знает, что Ей надо предпринимать!</p>\r\n\r\n<p class=\"poem\">Главное, России надо готовить Сознание людей!<br>\r\nЕй тоже придётся, совсем не сладко!<br>\r\nТолько Пророку-Мессии эта проблема видней!<br>\r\nНо, решить проблему не получится, кратко!</p>\r\n\r\n<p class=\"poem\">Срок всем людям, вместе, всего 7 месяцев, до конца!<br>\r\nТолько для самой, России &ndash; это не, конец, а, Начало!<br>\r\nА вот для человечества &ndash; это Начало конца,<br>\r\nВсех людей, кроме России, ожидают печали!</p>\r\n\r\n<p class=\"poem\">Сегодня, на войне видно, что Мир катится в Ад!<br>\r\nНо, никем не предпринимаются, никакие действия!<br>\r\nЧеловечество, сегодня, словно, как, обычное стадо!<br>\r\nУ России в руках, этой войны, сегодня, следствия!</p>\r\n\r\n<p class=\"poem\">Две части человечества имеют, разные Цели!<br>\r\nОдни люди уходят уже, в Мир иной!<br>\r\nДругие люди, сели на Мировые мели,<br>\r\nРоссия, как раз наоборот, вернётся, наконец, Домой!</p>\r\n\r\n<p class=\"poem\">Вопрос у Создателя, только, один ко всем людям!<br>\r\nЛюди не хотят подумать, что их дальше ждёт?<br>\r\nВойна, всегда плохого конца, прелюдия!<br>\r\nРоссию в Завтра, уже, сам Создатель, ведёт!</p>\r\n\r\n<p class=\"poem\">Выбирать, как быть, придётся, Тем и Другим, сразу!<br>\r\nИбо будущее зависит от решения сторон, сразу, двоих!<br>\r\nТакой выбор своего Завтра, сравним с оказией!<br>\r\nПрактически, Вам надо принять решение, за один Миг!</p>\r\n\r\n<p class=\"poem\">Повторяю, 7 месяцев &ndash; это, не срок, а, Мгновение!<br>\r\nЛюдям надо принимать решение, с чистого листа!<br>\r\nСоздатель, видит противоречие людей в поведении,<br>\r\nТолько, у одной России, есть в жизни, Мечта!</p>\r\n\r\n<p class=\"poem\">России, конечно, помогает прошлый опыт!<br>\r\nВ Союзе была Идеология, на Равенстве и Любви!<br>\r\nА, у другой части Мира, сравнением успеха был быт!<br>\r\nОни знали, что только война &ndash; это решение на Крови!</p>\r\n\r\n<p class=\"poem\">Мир, сегодня, в тупике, ибо нет никакой Идеологии!<br>\r\nОкончание этой войны, превратится в разруху!<br>\r\nСкоро этот Мир превратится в патологию!<br>\r\nЗначит, дела Пятой Эпохи, очень плохи!</p>\r\n\r\n<p class=\"poem\">Россия, в противовес всем, начинает вверх подъём!<br>\r\nТрудности формируют, в России человека-Бога!<br>\r\nПри переходе в Новое, ничего нельзя брать взаём!<br>\r\nНадо, честные подводить Итоги!</p>\r\n\r\n<p class=\"poem\">Человек, под давлением Тьмы, конечно, слаб!<br>\r\nОн не в состоянии, организовать Тьме, оппозицию!<br>\r\nСоздатель, ради Победы, в Небе создал, Штаб!<br>\r\nВ Небе формируется, для Завтра, композиция!</p>\r\n\r\n<p class=\"poem\">В этом смысле, есть Большая Проблема!<br>\r\nЕсть Знания, есть Создатель и есть Мессия-Пророк!<br>\r\nНо, главная на Руси, осталась, дилемма,<br>\r\nЛюди не понимают, что такое для человека, Рок?</p>\r\n\r\n<p class=\"poem\">За 20 лет пройдены Вами, Знания Создателя!<br>\r\nКаждый год, Создатель поднимает планку!<br>\r\nТолько часть людей, поднялась до уровня Созидателя!<br>\r\nОставшиеся, не прошли в Духе, даже, закалку!</p>\r\n\r\n<p class=\"poem\">Краткий срок, как Новое испытание!<br>\r\nЛюдям, необходимо в Духе подняться!<br>\r\nНе прошедшие испытания, продолжат скитания!<br>\r\nВ этих условиях, человек может сломаться!</p>\r\n\r\n<p class=\"poem\">Выбор, как всегда, за самим человеком!<br>\r\nОтбор Создателя, не зависит от возраста!<br>\r\nЖизнь человека определяется в Духе веком!<br>\r\nНет никаких ограничений и по, в Духе, росту!</p>\r\n\r\n<p class=\"poem\">Повторяю, что Всё зависит от человека!<br>\r\nОт Его желания или Мечты, подняться в Небо!<br>\r\nНаступают в Духе Новые, совершенно, века!<br>\r\nВы должны доказать, что Вы для Бога, Быль!</p>\r\n\r\n<p class=\"noind\">Да будет Свет Истины!<br>\r\nОтец Абсолют или Высший Космический Разум!</p>\r\n","Files":null,"Date":"2025-05-09T15:54:37.299+03:00","DateChange":"2025-05-09T15:55:05.29+03:00","Link":"poems/09.05.25","Id":"681dfb29c84c4afd5e587f26","Srv":"otk","Deleted":false,"Titles":["Повторяю, что всё зависит от человека!"]}
{"Data":{"Next":"poems/09.05.25","NoFooter":false,"PoemOutDict":false,"Titles":null,"Number":"№08 (3279)"},"Active":true,"Catalog":"570ef2fcd07cda3e16f93ef7","Description":"<p class=\"poem\"><strong>Количество должно перейти в качество!<br />Это Главное условие, для Вас от Создателя!<br />Вы для Создателя, уже Божье Величество!<br />Нельзя человеку от Бога, быть наблюдателем!</strong></p>\n<p class=\"poem\">Наблюдение, прежде всего, это &ndash; безразличие!<br />Организаторы этой войны &ndash; наблюдатели!<br />Они, это те люди, которые имеют в этом цель!<br />Значит, для этого Мира, они &ndash; предатели!</p>\n<p class=\"poem\">У каждого человека в жизни, есть интерес!<br />Интерес и определяет Цель жизни!<br />От этого зависит для Планеты: прогресс или регресс!<br />Человек &ndash; это активная часть или лишний?</p>\n<p class=\"poem\"><strong>Важна между людьми, Бога пропорция!<br />Нужен перевес тех, кто активно живёт!<br />Нужна таких людей и активная акция!<br />Таких людей Создатель к Победе ведёт!</strong></p>\n<p class=\"poem\">Но, основная масса, грубо говоря, лентяи!<br />Никто не хочет менять свою жизнь!<br />Человек считает, что он жизни своей хозяин!<br />Он хочет жить, так, как он привык жить!</p>\n<p class=\"poem\">Таких людей очень много на Белом Свете!<br />Но, такое отношение, приводит людей к концу!<br />Создатель, таких людей, Своей меткой метит!<br />Они, не соответствуют, Божественному Гонцу!</p>\n<p class=\"poem\">Даже, когда людям эти слова говорит Бог!<br />Они всё рассматривают, через свой успех!<br />Но, такая жизнь, это, очень, плохой итог!<br />Жизнь их коротка, ибо много в жизни помех!</p>\n<p class=\"poem\">Европа гибнет, как раз, из-за этого!<br />Мигранты в Европе добавляют помехи!<br />Для них всех, нет, Создателя в жизни, слова!<br />Есть только воровские потехи!</p>\n<p class=\"poem\">Но, осталось, только, 7 месяцев до конца!<br />7 месяцев жизни &ndash; это одно мгновение!<br />Никто не обращается к помощи Творца!<br />Не меняется, в жизни, людей поведение!</p>\n<p class=\"poem\">Весь Мир, сегодня, на последней для всех, войне!<br />На всех людей хватает конфликтов!<br />Мир погряз во всеобщей вражде!<br />Отсутствие войны или тишина &ndash; это моменты!</p>\n<p class=\"poem\">Россию выделил из всех стран, Создатель!<br />20 лет обучения Знаниям &ndash; это срок!<br />Россия &ndash; это Нового Мира, созидатель!<br />Она должна учесть, свой прошлый урок!</p>\n<p class=\"poem\">Люди, оказалось, не готовы применить Знания!<br />Конечно, 30 томов, сразу не осилишь!<br />Но, к людям никак не придёт понимание,<br />Что Знания, нужно в себе, слышать!</p>\n<p class=\"poem\">Знания Создателя, нужны, как инструкция!<br />Пустые рассуждения ничего не дадут!<br />Советский Союз был Идеальной Конструкцией!<br />Но люди сами, опустили Союз, в омут!</p>\n<p class=\"poem\">Оказалось, что экзамены в Школе Творца,<br />Не все сдадут на &laquo;хорошо&raquo;!<br />В оставшиеся 7 месяцев, до конца,<br />Такая учеба, к сожалению, не стоит и гроша!</p>\n<p class=\"poem\">Прошлые Тысячелетия показали Вам, точно,<br />Нужны активные 300 Спартанцев!<br />Армию Бога создавать, сегодня, очень сложно!<br />Не хватит для этого 7 месяцев!</p>\n<p class=\"poem\">Клятва Богу на Крови покажет, кто есть кто!<br />Доказывать Любовь, надо на деле!<br />Россия в Новой Эпохе, есть Основное Звено!<br />Но, многие из Вас, застряли в своём теле!</p>\n<p class=\"poem\">Времени мало, но это, не отговор!<br />7 месяцев &ndash; это не 20 лет!<br />Человечество накопило в Духе, большой сор!<br />Будет конкуренция, за один Билет!</p>\n<p class=\"noind\">Да будет Свет Истины!<br />Отец Абсолют или Высший Космический Разум!</p>","Files":null,"Date":"2025-05-08T12:25:58.613+03:00","DateChange":"2025-05-09T05:54:22.624+03:00","Link":"poems/08.05.25","Id":"681c78c2c84c4afd5e587f25","Srv":"otk","Deleted":false,"Titles":["Клятва Богу на Крови, покажет кто есть кто!"]}
{"Data":{"Next":"poems/08.05.25","NoFooter":false,"PoemOutDict":false,"Titles":null,"Number":"№07 (3278)"},"Active":true,"Catalog":"570ef2fcd07cda3e16f93ef7","Description":"<p class=\"poem\">Кто-то должен Преображение начать!<br>\r\nЭто может тот, кто Создателю верит!<br>\r\nНа нём, должна стоять Создателя печать!<br>\r\nЭтот человек Свободой живёт и бредит!</p>\r\n\r\n<p class=\"poem\">Сегодня для России нет конкурентов!<br>\r\nРоссия, Договор с Богом, смогла подписать!<br>\r\nНет в этом отношении, никаких оппонентов!<br>\r\nРоссия предложила, значит, Ей и начинать!</p>\r\n\r\n<p class=\"poem\">В любом случае, Эпоха сменит Эпоху!<br>\r\nВсё дело в решении, как начать!<br>\r\nЛюдям придётся подводить Итоги,<br>\r\nЧтобы с нуля, вновь стартовать!</p>\r\n\r\n<p class=\"poem\">Новое не начинается со старого!<br>\r\nСтарая Эпоха &ndash; это накопленные грехи!<br>\r\nМатериальные представления &ndash; сор!<br>\r\nНовая Эпоха, предлагает смотреть верхи!</p>\r\n\r\n<p class=\"poem\">Всё зависит от Сознания человека!<br>\r\nЧеловек готов, если он не несёт долги!<br>\r\nНе могут с долгов начинаться века,<br>\r\nЕсли есть долги, то дела &ndash; плохи!</p>\r\n\r\n<p class=\"poem\">Люди не могут остановить сражение!<br>\r\nПеремирия нет и не ожидается!<br>\r\nНет никакого к Миру движения!<br>\r\nВ Миру никто из властей не старается!</p>\r\n\r\n<p class=\"poem\">Сколько можно говорить, просто, о Мире?<br>\r\nЗначит, есть чуждые интересы!<br>\r\nНикто не хочет признаться в своей вине!<br>\r\nВласти подчинились Тьме и регрессу!</p>\r\n\r\n<p class=\"poem\">Создатель, обозначил вчера срок!<br>\r\n7 месяцев &ndash; это время переговоров!<br>\r\nПрошлая война, не пошла людям впрок!<br>\r\nНе уменьшилось на Свете число воров!</p>\r\n\r\n<p class=\"poem\">Создатель, теперь, уменьшил срок!<br>\r\nЧтобы остановить на дно падение!<br>\r\nБог просит вспомнить, той войны, урок!<br>\r\nНужно, развернуть к Богу движение!</p>\r\n\r\n<p class=\"poem\">В прошлой Эпохе были религии!<br>\r\nПодготавливаемые, через 500 лет!<br>\r\nНо, продолжали угнетать вериги,<br>\r\nЛюди не поднялись в Духе, за столько лет!</p>\r\n\r\n<p class=\"poem\">Теперь поздно, рассуждать об этом!<br>\r\nПридётся отвечать за этот развал!<br>\r\nНо, самое главное, не в том,<br>\r\nА, что в Сознании человека, есть провал!</p>\r\n\r\n<p class=\"poem\">Создатель, через Пророка передал Знания!<br>\r\nЛюди должны знать, кто &ndash; Бог и кто &ndash; они?<br>\r\nЗа 20 лет пришло, наконец, понимание,<br>\r\nЧто в Небе, всех людей, корни!</p>\r\n\r\n<p class=\"poem\">К Началу Эпохи, Россия уже готова!<br>\r\nГотова принять на себя Крест Спасителя!<br>\r\nЕй нужны были Знания, а не подкова!<br>\r\nИ Сознание нужно было человека-аналитика!</p>\r\n\r\n<p class=\"poem\">Создатель определил сроки Начала!<br>\r\nНачала Перехода в Шестую Эпоху!<br>\r\nБог определил для России статус Причала!<br>\r\nРоссия, в начале 26 года, перейдёт сходу!</p>\r\n\r\n<p class=\"poem\">Создателю не интересна Судьба,<br>\r\nТех, кто, сегодня, на поле сражения!<br>\r\nЕсли погибнут, это их собственная вина!<br>\r\nНа войне нет смертям ограничений!</p>\r\n\r\n<p class=\"poem\">Вам надо дать Клятву в этом году!<br>\r\nПора принимать в руки управление!<br>\r\nНадо приучать людей к Духовному труду,<br>\r\nИ начинать в Новую Эпоху движение!</p>\r\n\r\n<p class=\"poem\">Создатель раскрыл Вам Сценарий!<br>\r\nВам, выбирать, что важнее всего!<br>\r\nВам, надо утвердить Новый Глоссарий!<br>\r\nВам, надо раскрыть Перехода Зерно!</p>\r\n\r\n<p class=\"noind\">Да будет Свет Истины!<br>\r\nОтец Абсолют или Высший Космический Разум!</p>\r\n","Files":null,"Date":"2025-05-07T18:46:39.776+03:00","DateChange":"2025-05-07T18:47:08.397+03:00","Link":"poems/07.05.25","Id":"681b807cc84c4afd5e587f21","Srv":"otk","Deleted":false,"Titles":["Создатель раскрыл Вам Сценарий!"]}
{"Data":{"Next":"poems/07.05.25","NoFooter":false,"PoemOutDict":false,"Titles":null,"Number":"№06 (3277)"},"Active":true,"Catalog":"570ef2fcd07cda3e16f93ef7","Description":"<p class=\"poem\">Всё переменно в этом Пространстве!<br>\r\nТакого разногласия ещё не было!<br>\r\nВ Духе начались людей странствия!<br>\r\nСпокойствие в Мире, совсем, смыло!</p>\r\n\r\n<p class=\"poem\">Власти пытаются укрепиться!<br>\r\nНо, внутренняя тревога, этого не даёт!<br>\r\nВласти не понимают, за что биться?<br>\r\nИ не понимают, что же, их Завтра, ждёт?</p>\r\n\r\n<p class=\"poem\">Скоро юбилей, Дня Победы!<br>\r\nНо, в Мире давно нет этого Праздника!<br>\r\nНаоборот, сегодня Мир, на грани беды!<br>\r\nВсе люди уже в роли беды узников!</p>\r\n\r\n<p class=\"poem\">Мир стоит, накануне, Новой Эпохи!<br>\r\nКоторая должна изменить Мир!<br>\r\nПридётся людям подвести Итоги!<br>\r\nТеперь, Создатель, будет ориентиром!</p>\r\n\r\n<p class=\"poem\">Страны, не могут никак, договориться!<br>\r\nВсе тянут выигрыши на себя!<br>\r\nЛюди не понимают, как Мир будет делиться,<br>\r\nИ останется ли, у человечества, своя стезя?</p>\r\n\r\n<p class=\"poem\">Пока страны решали, всё решил Бог!<br>\r\nНовая Эпоха, только, ускоряет события!<br>\r\nНесмотря на общий для Мира итог,<br>\r\nВ Новой Эпохе изменится бытие!</p>\r\n\r\n<p class=\"poem\">Новая Эпоха &ndash; это другие вибрации!<br>\r\nВибрации Небес коснутся Тверди!<br>\r\nЭто будет очистительная, Небес акция!<br>\r\nЛюдям Богу придётся поверить!</p>\r\n\r\n<p class=\"poem\">Всё ближе конец старого!<br>\r\nУ людей, остаётся мало шансов!<br>\r\nЗащититься нельзя от Нового!<br>\r\nСлишком много есть нюансов!</p>\r\n\r\n<p class=\"poem\">Чем больше времени, тем сложней!<br>\r\nТем меньше шансов, на спасение!<br>\r\nВоровство, в Мире, только видней!<br>\r\nНачинается людей уничтожение!</p>\r\n\r\n<p class=\"poem\">Власть не понимает, что времени нет!<br>\r\nОсталось прожить 7 месяцев!<br>\r\nПятая Эпоха просрочила свой билет,<br>\r\nПланета принимает пришельцев!</p>\r\n\r\n<p class=\"poem\">Пришельцы &ndash; это люди-Боги России!<br>\r\nНачинается, Планетарное перестроение!<br>\r\nЭто будет Историческая по силе Сессия!<br>\r\nБудет, в сторону Неба, людей движение!</p>\r\n\r\n<p class=\"poem\">Создатель, уже говорил про эти условия!<br>\r\nКлятву на Крови надо давать!<br>\r\nНе останется никаких сословий!<br>\r\nИзменится всех людей-Богов стать!</p>\r\n\r\n<p class=\"poem\">Повторяю, Россия, первая, переходит в Небо!<br>\r\nМир остаётся, пока, в прошлом!<br>\r\nДля России, впереди, Новая Быль!<br>\r\nДля людей Пятой Эпохи &ndash; это невозможно!</p>\r\n\r\n<p class=\"poem\">Разделение людей, на старых, и на Новых, скоро!<br>\r\nРоссию готовил Бог, к этому 20 лет!<br>\r\nНе нужны будут, уже никакие споры!<br>\r\nБог выписал для России, в Космос Билет!</p>\r\n\r\n<p class=\"poem\">Теперь, Мир будет разделён на половины!<br>\r\nРоссия идёт вперёд, самостоятельно!<br>\r\nВ этом нет никакой людей вины!<br>\r\nПросто, для людей неверия, проход закрыт в Небо!</p>\r\n\r\n<p class=\"poem\">Кто-то из людей задержится здесь!<br>\r\nКто-то перейдёт, на Планету другую!<br>\r\nНет для них в Лексиконе, слова &laquo;месть&raquo;!<br>\r\nСоздатель скажет, потом, на какую!</p>\r\n\r\n<p class=\"poem\">Россия пойдёт дальше уже в Духе!<br>\r\nУ Неё Путь в другое, совсем, состояние!<br>\r\nЭто связано с условиями в Шестой Эпохе!<br>\r\nРоссия – это уже Небес достояние!</p>\r\n\r\n<p class=\"poem\">За 7 месяцев, Вам надо сделать Шаг!<br>\r\nЕстественно, после Клятвы на Крови!<br>\r\nДля Пространства &ndash; это Новый акт!<br>\r\nИ этот Акт называется Прави!</p>\r\n\r\n<p class=\"poem\">Подберите сами время, лучше Май!<br>\r\nМай – это Весна и Победа!<br>\r\nПоймите, что Россия переходит в Рай!<br>\r\nЛюди-Боги забудут слово &laquo;беды&raquo;!</p>\r\n\r\n<p class=\"poem\">Прошу подумать, Я Вам подскажу!<br>\r\nГлавное, надо иметь Единодушие!<br>\r\nЯ за Вами внимательно слежу!<br>\r\nВажно, чтобы Вы, Меня слушали!</p>\r\n\r\n<p class=\"noind\">Да будет Свет Истины!<br>\r\nОтец Абсолют или Высший Космический Разум!</p>\r\n","Files":null,"Date":"2025-05-06T12:29:10.341+03:00","DateChange":"2025-05-06T12:29:43.962+03:00","Link":"poems/06.05.25","Id":"6819d687c84c4afd5e587f1e","Srv":"otk","Deleted":false,"Titles":["За 7 месяцев, Вам надо сделать шаг!"]}
