{"Data":{"Next":null,"NoFooter":false,"PoemOutDict":false,"Titles":null,"Number":"№20 (3444)"},"Active":true,"Catalog":"570ef2fcd07cda3e16f93ef7","Description":"<p class=\"poem\">Планета, точнее, люди должны решить, что делать?<br>\nЛюди, сегодня, стоят у Перехода: Вперёд или Назад!<br>\nЛюдям, придётся на этот вопрос всё равно отвечать!<br>\nИм придётся выбирать, между жизнью или смертью, парад!</p>\n\n<p class=\"poem\">Тем, кто решает жить, придётся очистить Сознание до чистоты!<br>\nНадо, принять, одно, но, взвешенное для себя, решение!<br>\nПри принятии решения, надо очиститься в Духе до наготы!<br>\nТолько, тогда можно рискнуть и с нуля, начать движение!</p>\n\n<p class=\"poem\">Нельзя, при своём выборе, уже оглядываться назад!<br>\nВы, же помните, что Вас окружало в прошлой Эпохе!<br>\nВы, же помните, как много, в Вашей жизни было преград!<br>\nИз-за недостигнутых Высот, от Вас слышались, одни вздохи!</p>\n\n<p class=\"poem\">Надо, отказаться от ожиданий, которые остались в прошлом!<br>\nНадо, решиться и шагнуть на другой, жизни, уровень!<br>\nПора, раскрыть в себе, творения, неожиданные возможности!<br>\nПятая Эпоха &ndash; это уже вечер, а Вам нужен, Новый, день!</p>\n\n<p class=\"poem\">Прошлое, что было и что, ещё есть, остаётся у Вас, позади!<br>\nВам, надо перестроить своё Сознание, уже, на Завтра!<br>\nНельзя оборачиваться на то, что осталось у Вас сзади,<br>\nВы, должны видеть впереди себя будущее и Правду!</p>\n\n<p class=\"poem\">Создатель, формирует для Вас, условия Перехода!<br>\nСоздатель, никогда, не делает плохо, своим!<br>\nПоверьте, только ради Вас, Создатель, меняет погоду,<br>\nСоздатель, видит в Завтра, только, Вас с Ним!</p>\n\n<p class=\"poem\">Всё, что делает Создатель, значит, так надо!<br>\nСоздатель, начинает проводить, Мира сего, Эволюцию!<br>\nДля тех, кто в Вере, не будет никаких преград!<br>\nНо, для тех, кто против Создателя, ожидает экзекуция!</p>\n\n<p class=\"poem\">Всё, что есть в Пятой Эпохе, не пригодится в Шестой!<br>\nРелигии Мира не перейдут в Новую Эпоху, никогда!<br>\nСпектр высоких вибраций, накроет Мир волной!<br>\nВсем будет видно, что религии не были в Духе, никогда!</p>\n\n<p class=\"poem\">Нельзя, учить людей в религии, без Создателя разрешения!<br>\nЗнания для религий, Создатель не давал никогда!<br>\nЭто были происки Тьмы и Её движения,<br>\nТаким, людям придётся забыть жизнь навсегда!</p>\n\n<p class=\"poem\">Для Мира есть Веды и Знания Мои, через Пророка!<br>\nВсё остальное, есть многовековые выдумки Ватикана!<br>\nВатикан хранит Тайну, за своим порогом,<br>\nПравда, от Мировой религии, глубоко, спрятана!</p>\n\n<p class=\"poem\">Создатель, только начинает раскрывать людям, Правду!<br>\nТеперь, за людьми Право, принять Её или отказаться!<br>\nНе перейдут религии, никогда в Завтра!<br>\nИм, придётся с этой Планетой расстаться!</p>\n\n<p class=\"poem\">Это, касается и грешных властей, на всех уровнях!<br>\nНачинается, чистка людских рядов во всём Мире!<br>\nСоздателю, придётся это сделать на всех слоях!<br>\nВера и Дух будут, при чистке людей, ориентиром!</p>\n\n<p class=\"poem\">Если Создатель говорит про религии, значит, началось!<br>\nЕщё древние говорили, что будет Сознание Новое!<br>\nВ Сознании человека, от религий ничего не прибавилось!<br>\nПредставление о Создателе, теперь будет, Иное!</p>\n\n<p class=\"poem\">Все религии и Ватикан, уйдут в прошлое!<br>\nИбо, нельзя переходить в Новую Эпоху с ложью!<br>\nРоссия, со Знаниями Творца, откроет людей возможности!<br>\nЧеловек в Духе, в Боги, перейти сможет!</p>\n\n<p class=\"poem\">У России, есть Задание подготовить Мир!<br>\nНельзя, сомневаться в Победе, когда вместе!<br>\nПовторяю, что Создатель для Вас &ndash; ориентир!<br>\nПланета, после Перехода, станет Святым местом!</p>\n\n<p class=\"poem\">Теперь, всё открыто для человечества!<br>\nПора, выстраивать Новый Ковчег в Небе!<br>\nРоссия, сотворит в Духе и в Любви, Отечество!<br>\nВ Боги, перейдут те люди, которые в Вере!</p>\n\n<p class=\"noind\">Да будет Свет Истины!<br>\nОтец Абсолют или Высший Космический Разум!</p>","Files":null,"Date":"2025-10-20T11:08:49.596+03:00","DateChange":"2025-10-20T11:11:26.334+03:00","Link":"poems/20.10.25","Id":"68f5ee325667d2693d023191","Srv":"otk","Deleted":false,"Titles":["У России есть Задание, подготовить Мир!"]}
{"Data":{"Next":"poems/20.10.25","NoFooter":false,"PoemOutDict":false,"Titles":null,"Number":"№19 (3443)"},"Active":true,"Catalog":"570ef2fcd07cda3e16f93ef7","Description":"<p class=\"poem\">Время приближает, Начало Конца, человечества!<br>\nЭти события неумолимо, уже, приближаются!<br>\nРоссия, стоит у Истока, Нового, в Духе Отечества!<br>\nПрошлое, постепенно, Создателем устраняется!</p>\n\n<p class=\"poem\">Новый Мир, начинает проявляться в вибрациях!<br>\nСтарый Мир &ndash; это Материя, а, Новый Мир &ndash; это Энергия!<br>\nМатерия &ndash; это, уже, проявленная, людьми акция!<br>\nПреображение в Духе, это Необычная, для людей, Элегия!</p>\n\n<p class=\"poem\">Люди не замечают, но Тонкий план, уже раскрыл объятия!<br>\nЧеловек не умирает никогда, ибо человек есть Энергия!<br>\nДля Вас будет трудно, это, вне Материи, принять!<br>\nОсобенно, многогранность, жизни человека, Элегию!</p>\n\n<p class=\"poem\">Сегодня, находясь в Материи, Вам, этого не понять!<br>\nНо, по-Вашему, мёртвые Души, через людей, с Вами говорят!<br>\nЖизнь человека Вечна и это Вам, скоро, придётся узнать!<br>\nВ Шестой Эпохе, придётся, совсем, по-другому, всё принимать!</p>\n\n<p class=\"poem\"><b>Вы, скоро, увидите этот, необычный и многогранный Мир!<br>\nВы, увидите, Неба Убранство, со своего Нового уровня!<br>\nДля Вас, Создатель, будет многомерности, ориентиром!<br>\nВы, только в Небе, поймёте, что Вы, Вечная, Богу Родня!</b></p>\n\n<p class=\"poem\">Вы, поймёте, что Космос &ndash; это, тоже, Создатель!<br>\nЧто, человечество застряло, только, на Первом уровне!<br>\nДля Вас, пока, Планета &ndash; это условия жизни, обязательные!<br>\nВы, поймёте, что Знания, Вам данные, держат Вас на дне!</p>\n\n<p class=\"poem\">Вам, религии, объяснили происхождение, ради Вашего рабства!<br>\nВы, на своём уровне жизни, верите, во все небылицы!<br>\nСоздатель, поставил России задачу, достичь Равенства!<br>\nПророк-Мессия, первые записал, от Меня, Знаний страницы!</p>\n\n<p class=\"poem\">Вам, придётся перечеркнуть религии, как заблуждение!<br>\nВсе, Ваши религии, сегодня, можно сказать, на одно лицо!<br>\nУ Вас, не получилось к Создателю, Единого в Духе, движения!<br>\nЖизнь людей, в Пятой Эпохе, словно, заколдованное кольцо!</p>\n\n<p class=\"poem\">Человечество, не смогло подняться, самостоятельно, в Небо!<br>\nСоздатель, поместил Планету, на самый далёкий Край!<br>\nЧтобы, Ваше Сознание, смогло возвыситься до Небыли,<br>\nНужно, чтобы человечество, само, сформировало свой Рай!</p>\n\n<p class=\"poem\">Всю Пятую Эпоху, по Планете шли войны!<br>\nРелигии, тоже, не смогли ни о чём, договориться!<br>\nНикто, из религий, не обеспечил людям Свободы!<br>\nС будущим, человечества, Они, не смогли определиться!</p>\n\n<p class=\"poem\">Мировая Библия, переписывалась религией, много раз!<br>\nВсе религии, стали Единым продолжением!<br>\nИбо, от Тьмы, все религии получили приказ,<br>\nНе позволять людям, к Создателю, никакого движения!</p>\n\n<p class=\"poem\">Была в Мире, одна, попытка России, уйти от религии!<br>\nНо, даже, через Революцию, она так и не удалась!<br>\nСегодня, религия, вновь, распустила свои вериги,<br>\nНо, Создатель, кардинально, изменил России, ипостась!</p>\n\n<p class=\"poem\">Накануне Шестой Эпохи, ситуация разразилась войной!<br>\nМировая война, между Светом и Тьмой!<br>\nМиру, кажется, что Украина, против России, стоит стеной!<br>\nНо, это Мировая Тьма, управляет войной!</p>\n\n<p class=\"poem\">Тьме, надо убрать с Планеты, часть человечества!<br>\nЕсть планы Тьмы, через эпидемии или через войну!<br>\nНужно убрать, примерно миллиард, суммарно, Отечества!<br>\nТьма, спешит, ради равновесия, миллиард отправить ко дну!</p>\n\n<p class=\"poem\">Люди на Планете, не знают, что они, вечны!<br>\nЧто, человек не уходит от Бога никогда!<br>\nПросто жизнь в Материи, очень быстротечна,<br>\nНо, из Энергии, человек, не уходит никуда!</p>\n\n<p class=\"poem\">Подошла Шестая Эпоха, люди перейдут в Боги!<br>\nОткрывается для людей Вечная жизнь, в итоге!<br>\nЛюди, после очищения, выстроятся в потоки!<br>\nЧтобы, за Русью, прошли в Новый Мир, многие!</p>\n \n<p class=\"noind\">Да будет Свет Истины!<br>\nОтец Абсолют или Высший Космический Разум!</p>","Files":null,"Date":"2025-10-19T11:43:17.179+03:00","DateChange":"2025-10-19T11:44:49.846+03:00","Link":"poems/19.10.25","Id":"68f4a4dd5667d2693d023190","Srv":"otk","Deleted":false,"Titles":["Подошла Шестая Эпоха, люди перейдут в Боги!"]}
{"Data":{"Next":"poems/19.10.25","NoFooter":false,"PoemOutDict":false,"Titles":null,"Number":"№18 (3442)"},"Active":true,"Catalog":"570ef2fcd07cda3e16f93ef7","Description":"<p class=\"poem\">Народ России проснулся, помогая друг другу!<br>\nТеперь, не за горами, полная России, готовность!<br>\nНе нужна будет, никакая для России, извне, подмога!<br>\nУвеличивается, в разы, России людей, активность!</p>\n\n<p class=\"poem\">Людям, стало понятно, что вместе, всё получится!<br>\nЭто, Главное достижение, уже, всего Народа!<br>\nШестая Эпоха, давно в Сознание людей, стучится!<br>\nВпереди, Россию ожидает от Создателя, Награда!</p>\n\n<p class=\"poem\">Главное, что всем людям, наконец, стало ясно,<br>\nЧто, в отдельности, человек остаётся человеком!<br>\nНо, вместе, Народ, никогда не пойдёт на дно!<br>\nВы, доказали, что можете вместе, перейти в Новый век!</p>\n\n<p class=\"poem\">Преображение, в Боги, начинается не со слов!<br>\nПреображение, начинается, прежде всего, изнутри!<br>\nСознание человека является, Его Основой!<br>\nПеред Новой Эпохой, человек, должен быть чист, внутри!</p>\n\n<p class=\"poem\">Сегодня, Вам понятно, что другого Пути, просто, нет!<br>\nЧто Вам нужно срочно, перейти, промежуточный Этап!<br>\nВ Знаниях, Сознание человека &ndash; это Главный предмет!<br>\nВы, сегодня, осознанно прошли Первый Start Up!</p>\n\n<p class=\"poem\">Теперь, осталось собрать необходимые документы!<br>\nЧтобы, ни у кого в Мире, не возникло сомнений!<br>\nЧтобы отошли в сторону, Тьмы, все оппоненты!<br>\nЧтобы, Ваши слова прозвучали, как Создателя, Объявление!</p>\n\n<p class=\"poem\">Пройдя, Школу Творца, Вы доказали в Духе, Первенство!<br>\nНикто, из народов Мира, не имеет Договор с Богом!<br>\nУ Вас не только на словах, но, и в действиях есть Равенство!<br>\nВы, в Шестую Эпоху, уверенно войдёте, в Итоге!</p>\n\n<p class=\"poem\">Декларация Духа, для человечества, почти готова!<br>\nПовторяю, остались, только, сопроводительные документы!<br>\nВы подобрали, для описания событий, правильные слова!<br>\nОтступятся от Вас, все, выбранные Тьмой, оппоненты!</p>\n\n<p class=\"poem\">Теперь, пора начинать, обработку людей в Прессе!<br>\nСоздатель, сделает, невыносимыми условия, для жизни!<br>\nЛюди поймут, что Ваше Предложение, есть прогресс!<br>\nЛюди поймут, что человек на Планете, не лишний!</p>\n\n<p class=\"poem\">Единство в Духе &ndash; это Новая Грань, человечества!<br>\nЭто есть Новая форма, Единой, для всех, Грани!<br>\nЛюди поняли, что Они в Духе создадут Отечество!<br>\nТолько, в этом случае откроются перед Вами, Космоса, Дали!</p>\n\n<p class=\"poem\">Вам, надо объявить всему Миру, Декларацию!<br>\nСоздатель, откроет Миру, кто на Руси есть Белый Царь!<br>\nЭто, будет в Духе, Особая, Создателя акция!<br>\nПланета вернётся к Началу, как было встарь!</p>\n\n<p class=\"poem\">Создатель не принимает, никакие, с людьми дискуссии!<br>\nДля каждой Эпохи, есть свой, рассчитанный, срок!<br>\nСчитайте, что Ваши Души, прошли все Экскурсии!<br>\nТеперь, надо доказать Создателю, что Вами, усвоен Урок!</p>\n\n<p class=\"poem\">Уроки жизни, Вы проходили, уже, многократно!<br>\nПо Основной схеме: Рождение &ndash; Жизнь &ndash; Переход!<br>\nСегодня, Ваш переход &ndash; это самый важный!<br>\nИбо, это для Вас, теперь, в Новую Эпоху, Поход!</p>\n\n<p class=\"poem\">Вы, сегодня, на Старте, но, не все, ещё, готовы!<br>\nВы, не случайно, родились на границе Эпох!<br>\nВы, всего человечества, есть Основа!<br>\nВы, из лучших людей, сегодня, в Небо, поток!</p>\n\n<p class=\"poem\">Россия, Первая начнёт Преображение!<br>\nПервым шаг сделает, назначенный Богом, Белый Царь!<br>\nБудет, потом, активное в Небо, перемещение!<br>\nПеремещение, людей в Боги, как было встарь!</p>\n\n<p class=\"poem\">Шестая Эпоха, начнётся с первого шага, Мессии!<br>\nЕму открывать для людей, двери в Рай!<br>\nРоссия, за долготерпение, заслужила эту миссию!<br>\nРоссия откроет для человечества, Совершенства Край!</p>\n\n<p class=\"noind\">Да будет Свет Истины!<br>\nОтец Абсолют или Высший Космический Разум!</p>","Files":null,"Date":"2025-10-18T14:33:24.387+03:00","DateChange":"2025-10-18T14:35:03.426+03:00","Link":"poems/18.10.25","Id":"68f37b325667d2693d02318f","Srv":"otk","Deleted":false,"Titles":["Шестая Эпоха начнётся, с первого шага, Мессии!"]}
{"Id":"62195b9e5d5a11c6eb22ae89","Deleted":false,"Active":false,"DateChange":"2025-10-17T18:13:07.437+03:00"}
{"Data":{"Next":"poems/18.10.25","NoFooter":false,"PoemOutDict":false,"Titles":null,"Number":"№17 (3441)"},"Active":true,"Catalog":"570ef2fcd07cda3e16f93ef7","Description":"<p class=\"poem\">России надо готовиться, ибо время настало!<br>\nДля Вечности год, а, тем, более, месяц ничто!<br>\nЭто для человека, если нет года, то жизнь пропала,<br>\nГод в жизни человека, это важное, очень, звено!</p>\n\n<p class=\"poem\">Сегодня, Россия в режиме нехватки времени!<br>\nЕй надо сделать многое, ещё до Начала!<br>\nВо время войны жизнь человека &ndash; это бремя!<br>\nЖизнь во время войны, одни печали!</p>\n\n<p class=\"poem\">Создатель, дал Задание, всё, срочно, подготовить!<br>\nЖизнь, людей, сегодня, протекает неправильно!<br>\nСомнения, людей, могут весь этот Мир остановить!<br>\nЧеловеку, на стыке Эпох, трудно понять, как правильно!</p>\n\n<p class=\"poem\">Тьма подняла голову, Она решает сегодня, как быть!<br>\nЛюди, на войне не могут выбрать, направление!<br>\nМного вокруг соблазнов и много подставок, как жить!<br>\nНа человека, Тьма оказывает, силовое давление!</p>\n\n<p class=\"poem\">Сегодня, в Мире решает Тьма, под видом властей!<br>\nБыло, развито у людей, чувство стяжательства!<br>\nСегодня, никого не удивишь, количеством смертей,<br>\nТьма не имеет, сегодня, никаких обязательств!</p>\n\n<p class=\"poem\">Человек на Планете, уже, как разменная монета!<br>\nЖизнь, на войне продаётся и покупается!<br>\nПеред Квантовым Переходом, жизнь людей, уже спета!<br>\nЧеловек, перед Переходом, забыл покаяться!</p>\n\n<p class=\"poem\">Люди забыли слово &laquo;надо&raquo; в этих условиях!<br>\nОни, считают, что эта война, спишет всё!<br>\nНа войне богатеют, только сословия!<br>\nИ, конечно, во всех странах, криминальное ворьё!</p>\n\n<p class=\"poem\">Сегодня, идёт война Славян, а весь Мир, в опасности!<br>\nМировая экономика перестроена на войну!<br>\nТеперь, эта война в Мире &ndash; уже не частности!<br>\nА, общее движение всего человечества, ко дну!</p>\n\n<p class=\"poem\">Если не остановить, в Рай, будет пропускать некого!<br>\nПланета, может остаться, совсем, без людей!<br>\nВопрос стоит, надо защищать Планету, от кого?<br>\nПолучается, что надо защищать Планету от людей!</p>\n\n<p class=\"poem\">Эти условия жизни, только в Пятой Эпохе!<br>\nДля жизни в Шестой Эпохе, ещё не готов человек!<br>\nРоссия, должна будет, Мира сего, подвести Итоги!<br>\nОна должна понять, чем откроется Новый век?</p>\n\n<p class=\"poem\">России, надо срочно, определить, что делать!<br>\nУ Вас, скоро, будет некому принять дела!<br>\nЛюдям, надо объяснить, что сказано было в Ведах!<br>\nИ куда, Россия за собой людей, повела?</p>\n\n<p class=\"poem\">Надо объяснить людям, что будет на Планете, скоро!<br>\nЧто Шестая Эпоха &ndash; это не эстафета Пятой!<br>\nВ Новый Мир ещё нет готового коридора!<br>\nЧеловечество, уже ожидает Вал Девятый!</p>\n\n<p class=\"poem\">Россия не сделала, то, что было надо!<br>\nТеперь, спешка должна поправить Историю!<br>\nПоэтому, время действий, для России преграда,<br>\nТеперь, время, крадёт у России Викторию!</p>\n\n<p class=\"poem\">Сутки, для Вас уже не 24 часа, а меньше!<br>\nЧастота вибраций уже значительно поднялась!<br>\nБольшинство людей, тоже, уже спят меньше,<br>\nСкорость жизни людей, сильно увеличилась!</p>\n\n<p class=\"poem\">Переходный период, был Создателем Вам дан!<br>\nЛюди, не поняли, особенности, Квантового Перехода!<br>\nУправляет Миром, пока, Тёмных сил, клан!<br>\nИми Союз был разрушен, чтобы не было Вас у Входа!</p>\n\n<p class=\"poem\">Союз, готовился как фильтр, для Сознания людей!<br>\nНо, Тьма уничтожила, Стража Нового Мира!<br>\nТеперь, Создатель, сам, поставил Русь у дверей!<br>\nРоссия, сегодня, как мишень в тире!</p>\n\n<p class=\"poem\">Россия, должна успеть подготовиться!<br>\nУ неё функция Спасителя, уже, Нового Мира!<br>\nРоссия, должна к этому приспособиться!<br>\nБелый Царь, должен принять Крест, ради Мира!</p>\n\n<p class=\"noind\">Да будет Свет Истины!<br>\nОтец Абсолют или Высший Космический Разум!</p>","Files":null,"Date":"2025-10-17T18:04:08.341+03:00","DateChange":"2025-10-17T18:12:53.315+03:00","Link":"poems/17.10.25","Id":"68f25b205667d2693d02318e","Srv":"otk","Deleted":false,"Titles":["Россия, должна успеть подготовиться!"]}
{"Data":{"Next":"poems/17.10.25","NoFooter":false,"PoemOutDict":false,"Titles":null,"Number":"№16 (3440)"},"Active":true,"Catalog":"570ef2fcd07cda3e16f93ef7","Description":"<p class=\"poem\">Пора начинать Преображение, ждать уже нечего!<br>\nНо, Преображение надо, всегда, заранее, готовить!<br>\nНельзя относиться, ко времени, никогда, беспечно!<br>\nНадо сделать так, чтобы уже ничего не остановить!</p>\n\n<p class=\"poem\">Всё упирается в людей, а, главное, в Духе команду!<br>\nВот, когда нужна Идеология и строгий порядок!<br>\nИдеология &ndash; это Единая, для всех, в Сознании Звезда!<br>\nГлавное, усвоенный всеми и сразу, общий урок!</p>\n\n<p class=\"poem\">Этого хватает, у самой, России в избытке!<br>\nБыл Союз, и была Идеология Равенства и Любви!<br>\nУ России, изменить этот Мир, была первая попытка:<br>\nПостроить государство Равенства, без крови!</p>\n\n<p class=\"poem\">Построить, страну Равенства, трудно, ибо это слова!<br>\nРавенство &ndash; это жизнь в Любви, значит, в действии!<br>\nРавенство &ndash; это идеологическая, навсегда, Основа!<br>\nЭто общество Равенства и Любви, как следствие!</p>\n\n<p class=\"poem\"><b>Вот, с этим оказалось плохо, ибо никто не знал, что это?<br>\nОдно дело, теория, и совсем, другое реальная жизнь!<br>\nНикто, из людей, не спросил, тогда, Создателя об этом!<br>\nЛюди, стали насильно менять людей быт!</b></p>\n\n<p class=\"poem\">Нужны были Знания, Идеология и объяснения!<br>\nРоссия, тогда поспешила с результатом, как всегда!<br>\nНикто не понял, что такое Сознания Преображение?<br>\nПотекла, по России, алой крови река!</p>\n\n<p class=\"poem\">Теперь, всё будет на Руси, не так, как, тогда было!<br>\nСоздатель, вновь, привлёк Русский Народ!<br>\nСоздатель, Знаниями, через, Пророка, мозги промыл!<br>\nПотом, на фоне Гражданской войны, начал Переход!</p>\n\n<p class=\"poem\">Результат, дала двадцатилетняя подготовка, людей!<br>\nВосстановлена, Идеология Равенства, с помощью Создателя!<br>\nВ конце Пятой Эпохи, необходимость этого, стала видней!<br>\nНельзя, будет жить в Новой Эпохе, на уровне обывателя!</p>\n\n<p class=\"poem\">Эволюция &ndash; это порядок Мирового Пространства!<br>\nСегодня, люди оказались на стыке Мировых Эпох!<br>\nДля людей, будет Квантовый Переход, и никаких странствий!<br>\nСоздатель, хочет очистить Новый Мир, от прошлых помех!</p>\n\n<p class=\"poem\">На Первую Роль, выходит Россия, как имеющая Знания!<br>\nДля Неё Равенство и Любовь есть Промысел Создателя!<br>\nУ России, проснулось Ответственности понимание!<br>\nИбо, Квантовый переход, не пройдёт ни один обыватель!</p>\n\n<p class=\"poem\">Теперь, Россия осознанно, спешит вперёд!<br>\nИбо, Ей суждено, изменить людей Сознание!<br>\nЕй, придётся преобразить человеческий Род!<br>\nРоссия, на это, получила от Бога, Задание!</p>\n\n<p class=\"poem\">Россия, должна подготовить Правила и Порядок!<br>\nЛюди не должны будут, идти толпой к Богу!<br>\nДолжен быть в Духе, организованный, поток!<br>\nРоссия, должна подготовить в Духе людей, в Итоге!</p>\n\n<p class=\"poem\"><b>Россия, должна и, сама, пройти все испытания!<br>\nДля этих Испытаний, Россия, готовит, Инструкцию!<br>\nНельзя переход в Боги, превращать в страдания!<br>\nШестая Эпоха для Богов, есть Октаэдра Конструкция!</b></p>\n\n<p class=\"poem\">Россия, должна, человечеству всё это, объяснить!<br>\nПовторяю, подтверждая всё это, документами!<br>\nРоссии, первой, придётся по-Новому жить!<br>\nФормируя, очень знакомые, в теории, элементы!</p>\n\n<p class=\"poem\">Времени нет, надо готовить, всё срочно!<br>\nЭта Весть, уже достигла Вселенских высот!<br>\nРоссия, должна быть готова, всё выполнить, точно!<br>\nРоссия, первой пойдёт в Полёт!</p>\n\n<p class=\"poem\">Тьма, больше не пойдёт против Вас!<br>\nИбо, Россия имеет от Создателя, прямое, Задание!<br>\nНаступает, России, Исторический час!<br>\nРоссия, приковала всех Вселенных, к себе, внимание!</p>\n\n<p class=\"noind\">Да будет Свет Истины!<br>\nОтец Абсолют или Высший Космический Разум!</p>","Files":null,"Date":"2025-10-16T11:00:15+03:00","DateChange":"2025-10-16T11:07:10.282+03:00","Link":"poems/16.10.25","Id":"68f0a6515b51c165139aa712","Srv":"otk","Deleted":false,"Titles":["Времени нет, надо готовить, всё срочно!"]}
{"Data":{"Next":"poems/16.10.25","NoFooter":false,"PoemOutDict":false,"Titles":null,"Number":"№15 (3439)"},"Active":true,"Catalog":"570ef2fcd07cda3e16f93ef7","Description":"<p class=\"poem\">Все в ожидании, что предпримет Россия?<br>\nТеперь, от Её активности зависит Мир!<br>\nУ Неё, Спасителя этого Мира, Миссия!<br>\nУ Неё, на Создателя этого Мира, ориентир!</p>\n\n<p class=\"poem\">Теперь, важнее всего, Дух и Желание!<br>\nРоссия, для всех, неожиданно, встала с колен!<br>\nК Ней вернулось, Судьбы своей понимание!<br>\nРусь, осознала, что Мира сего, Она &ndash; Суверен!</p>\n\n<p class=\"poem\">Такого не было, ни у кого в Сознании!<br>\nОтветственность за Мир &ndash; это серьёзный шаг!<br>\nУ России, от Создателя, есть Знания!<br>\nЕё предложения для, Мира сего, сегодня аншлаг!</p>\n\n<p class=\"poem\">Россия начинает менять Основу Мира и себя!<br>\nОна, перестраивает Суть Идеологии!<br>\nСоздателем, указана Её Новая, в Небо стезя!<br>\nРоссия, готовит Новой жизни, другую логику!</p>\n\n<p class=\"poem\">Теперь, под Знаменем Создателя, соберутся все!<br>\nЛюди, поняли, что Мир, дороже конфликта!<br>\nЛюди, будут готовиться, к Новой Весне!<br>\nНе будет больше, на Земле, политического флирта!</p>\n\n<p class=\"poem\">Россия, готовит Декларацию и к ней условия!<br>\nРоссия, разрабатывает и для Мира Программу!<br>\nМиру, теперь, не нужны никакие сословия!<br>\nЖизнь человека, дороже, даже, Вечности грамма!</p>\n\n<p class=\"poem\">Россия, докажет Миру, что всему есть обоснование!<br>\nОна подписала с Богом, Исторический Договор!<br>\nЭволюция &ndash; это Нового Мира становление!<br>\nСоздатель, хочет смести с Планеты грехов, сор!</p>\n\n<p class=\"poem\">Россия, готовит всю переписку времён!<br>\nОна, прошла к Соглашению с Богом долгий Путь!<br>\nМир, увидит список Исторических имён!<br>\nРоссия, для Планеты, есть Единства Суть!</p>\n\n<p class=\"poem\">Теперь, Россия должна сказать людям,<br>\nЧто Путь в Небо, предрешён Создателем!<br>\nЧто Путь в Небо, подобен Святым Огням!<br>\nНадо пройти этот Путь, людям, обязательно!</p>\n\n<p class=\"poem\">Отступать от этого Выбора, уже нельзя!<br>\nЕй открывать эту дверь для человечества!<br>\nПовторяю, что это, Единственная стезя,<br>\nПо которой, пойдёт в Рай, Отечество!</p>\n\n<p class=\"poem\">Люди пойдут за Русью, по традиции!<br>\nТак было много веков и Эпох!<br>\nУ России от Создателя, есть акция!<br>\nСоздатель, через Неё, ведёт людей к Эпохе!</p>\n\n<p class=\"poem\">Россия, идёт в Небо, с Белым Царём, во главе!<br>\nТак, было решено, в Самом Начале!<br>\nЭто было записано, в самой первой главе!<br>\nКогда, Боги спустились сюда, без печали!</p>\n\n<p class=\"poem\">Теперь, Боги развернулись в Обратный Путь!<br>\nДостигнув в Духе, уже, Совершенства!<br>\nЛюди, стали Богами и это, есть Главная Суть!<br>\nА, Россия доказала в Мире, своё, Первенство!</p>\n\n<p class=\"poem\">Осталось оформить, как надо, Документы!<br>\nФормальность, требуется для такого дела!<br>\nПри Преображении не будет никаких сантиментов,<br>\nИбо, люди в Материи, а Боги &ndash; это уже, без тела!</p>\n\n<p class=\"poem\">Это есть, Исторический переход для людей!<br>\nЗакончились для Вас, все Испытания!<br>\nТеперь, Космос для Вас станет видней!<br>\nПрекратились для людей, все скитания!</p>\n\n<p class=\"poem\">Это, уже Победа, Света над Тьмой!<br>\nНачинается Новое Летоисчисление!<br>\nВы пройдёте по Космосу Святой волной!<br>\nЭто Вашего человечества достижение!</p>\n\n<p class=\"noind\">Да будет Свет Истины!<br>\nОтец Абсолют или Высший Космический Разум!</p>","Files":null,"Date":"2025-10-15T11:32:01.827+03:00","DateChange":"2025-10-15T11:33:46.27+03:00","Link":"poems/15.10.25","Id":"68ef5c385b51c165139aa711","Srv":"otk","Deleted":false,"Titles":["Это, есть Победа Света над Тьмой!"]}
{"Data":{"Next":"poems/15.10.25","NoFooter":false,"PoemOutDict":false,"Titles":null,"Number":"№14 (3438)"},"Active":true,"Catalog":"570ef2fcd07cda3e16f93ef7","Description":"<p class=\"poem\">Напряжение в Мире, непрерывно, растёт!<br>\nНикто не знает, что может случиться?<br>\nПреображение Пространства грядёт!<br>\nИзменение Мира, уже, скоро, проявится!</p>\n\n<p class=\"poem\">История Мира, развернулась, уже, к России!<br>\nСоздатель, подписал с Ней Договор!<br>\nДля России, определена, особая миссия!<br>\nНо, пока Русью, управляет системный вор!</p>\n\n<p class=\"poem\">Люди, начинают говорить о Союзе!<br>\nНо, сначала, надо вернуть Идеологию!<br>\nЭкономика России, продолжает идти юзом,<br>\nВ Духе, у Народа &ndash; раба, патология!</p>\n\n<p class=\"poem\">Говоря о Союзе, надо вспомнить Госплан!<br>\nСегодня, нет, как тогда, Планового хозяйства!<br>\nВ стране, сегодня, у руля богатых людей, клан!<br>\nНет, в стране, для управления, устройства!</p>\n\n<p class=\"poem\">Без Идеологии, нет Плана и нет страны!<br>\nВ стране, процветает частная собственность!<br>\nЕсли нет Плана, то кто правит, страной?<br>\nУ России, сегодня, сложилась, особенность!</p>\n\n<p class=\"poem\">Смешно, говорить о Союзе при капитализме!<br>\nНарод мечтает о Равенстве, живя в Рабстве!<br>\nНельзя вернуть Социализм при капитализме!<br>\nРазвивается, в стране, неравенство и барство!</p>\n\n<p class=\"poem\">Можно говорить о чём угодно, но не о Правде!<br>\nПервое условие, надо вернуть Равенство!<br>\nЕсли, не вернуть Равенство, то не будет Завтра!<br>\nШестая Эпоха &ndash; это принудительное, переустройство!</p>\n\n<p class=\"poem\">Надо, срочно, убрать частный сектор, в стране!<br>\nНадо вернуть стране, СССР Конституцию!<br>\nВы скоро, увидите страну, как в кино, на экране!<br>\nДекларация &ndash; это преображения страны, инструкция!</p>\n\n<p class=\"poem\">Впервые, Создатель, предлагает стране Новый Путь!<br>\nНадо, срочно, вернуться к Равенству!<br>\nРавенство, Частиц Создателя &ndash; это Главная Суть!<br>\nРавенство, в Шестой Эпохе &ndash; это, Любви Главенство!</p>\n\n<p class=\"poem\">Сначала, надо изменить в стране условия!<br>\nЖизнь заставит людей, быть, только, в Духе!<br>\nНе должно быть в стране, никаких сословий!<br>\nПереход в Шестую Эпоху, есть реальность, а не слухи!</p>\n\n<p class=\"poem\">Надо поменять этот Мир и немедленно!<br>\nУсловия, существования описаны в Договоре!<br>\nЛюди, в Шестой Эпохе, будут нетленными!<br>\nШапка, уже горит, на голове вора!</p>\n\n<p class=\"poem\">Силой доказать, свою Правоту, людям, нельзя!<br>\nНужны, только, Создателя Правила!<br>\nСоздателем, для России, предложена в Небо, стезя,<br>\nКоторая, обосновывает Путь правильный!</p>\n\n<p class=\"poem\">Сегодня, на Планете, идёт война за богатство!<br>\nЭто, война Тьмы, против Света и Создателя!<br>\nНикто из этих стран, не получит на жизнь Свидетельство!<br>\nИбо, они плодят, одних, только, обывателей!</p>\n\n<p class=\"poem\">Повторяю, продажная пресса, кричит о Союзе,<br>\nОдевая молодое поколение в форму СССР!<br>\nНо, Идеология в стране, постоянно, идёт юзом,<br>\nДля, России, сегодня, СССР, не пример!</p>\n\n<p class=\"poem\">Не надо говорить о том, чего уже нет!<br>\nИ чего, без Помощи, Создателя никогда не будет!<br>\nНужно знать и помнить Создателя Завет!<br>\nЧеловек, должен понять, что без Бога, его не будет!</p>\n\n<p class=\"poem\">Не будет, на Планете людей, включая и власть!<br>\n<b>Ибо, грех, исправляется, только, Прощением!</b><br>\nБогатство &ndash; это греховная страсть!<br>\nСоздатель, начинает, людей прощение и замещение!</p>\n\n<p class=\"poem\">Создатель, в Шестой Эпохе вернёт Равенство, Союза!<br>\nЭто, должны знать, люди всех в Мире, стран!<br>\nПридётся всем просить прощения за грех, при грозе!<br>\nЧастный сектор, для Новой Эпохи, это уже рана!</p>\n\n<p class=\"noind\">Да будет Свет Истины!<br>\nОтец Абсолют или Высший Космический Разум!</p>","Files":null,"Date":"2025-10-14T11:00:18.323+03:00","DateChange":"2025-10-14T11:04:39.149+03:00","Link":"poems/14.10.25","Id":"68ee033d5b51c165139aa70e","Srv":"otk","Deleted":false,"Titles":["Надо поменять этот Мир, и немедленно!"]}
{"Data":{"Next":"poems/14.10.25","NoFooter":false,"PoemOutDict":false,"Titles":null,"Number":"№13 (3437)"},"Active":true,"Catalog":"570ef2fcd07cda3e16f93ef7","Description":"<p class=\"poem\">События спешат, не прерываясь!<br>\nНо, это для людей, уже, разворот!<br>\nЛюди, вперёд идут не оглядываясь!<br>\nДля Планеты &ndash; это, тоже, переворот!</p>\n\n<p class=\"poem\">Но, в этом вихре событий, не разобраться!<br>\nНе видно, кто за Бога, а кто, наоборот!<br>\nЛюдям,  придётся очень постараться,<br>\nЗа теми, кто разобрался, будет Первый ход!</p>\n\n<p class=\"poem\">Россия, первая, на этот уровень выходит!<br>\nОна понимает, что Её ждёт Завтра!<br>\nСоздатель Новый Мир, уже, строит!<br>\nОн открывает для России, Правду!</p>\n\n<p class=\"poem\">Что этот Мир на войне &ndash; это не так, важно!<br>\nВажно, что будет, после войны, потом?<br>\nГлавное, для людей думать и решать слаженно,<br>\nРоссия, после войны и Перехода, станет Домом!</p>\n\n<p class=\"poem\">Россия стремится стать Домом, но, не Здесь!<br>\nОна, желает, стать Домом, для всех, на Небе!<br>\nЭто, очень трудная, для решения в Духе, смесь!<br>\nРоссия, спешит, к своей, Исторической Победе!</p>\n\n<p class=\"poem\">Сегодня, практически весь Мир, против России!<br>\nЕй приходится, на Бога, держать равнение!<br>\nСтоит стеной против Тьмы и Пророк-Мессия!<br>\nМир, получит о Победе России, известие!</p>\n\n<p class=\"poem\">Это трудный путь в Боги, для всех!<br>\nТак, просто, не удастся пройти Переход!<br>\nОчень много, между странами есть помех!<br>\nВсегда, труден, самый Первый ход!</p>\n\n<p class=\"poem\">Но, этот Ход есть для всех, как и для России!<br>\nУ России, самая ответственная Миссия!<br>\nЕй надо принять ответственность за Россию,<br>\nЭто называется: в Боги, людей Сессия!</p>\n\n<p class=\"poem\">Каждый день &ndash; это, словно, сражение!<br>\nСША меняет свои представления!<br>\nЭто решение США, грозит Миру поражением,<br>\nНе подходят никому из стран, Её предложения!</p>\n\n<p class=\"poem\">Теперь, на вес золота, слова России!<br>\nОна, начинает, свой Спасителя, Путь!<br>\nВпереди страны, Богом поставлен Мессия,<br>\nМонархия Создателя в Мире есть Главная Суть!</p>\n\n<p class=\"poem\">России Путь &ndash; это вершина действия!<br>\nНикто из стран, не согласится на это!<br>\nВсегда и везде есть на всё, следствие!<br>\nСоздателем, на всё наложено Вето!</p>\n\n<p class=\"poem\">Теперь, Россию остановить невозможно!<br>\nОна, уже, практически, в Новом состоянии!<br>\nПротивостоять, России с Богом, сложно!<br>\nРоссия – это Создателя достояние!</p>\n\n<p class=\"poem\">Теперь, всё зависит от людей, точнее, от человека!<br>\nПоверьте, Школа Творца &ndash; это подготовка!<br>\nУдивительные, наступают века,<br>\nНе будет от Бога, для людей, уступки!</p>\n\n<p class=\"poem\">Россия, выстроена, уже, как Армия!<br>\nЭта Армия, уже Новых веков!<br>\nСкоро, прозвучит в ООН России, Ария,<br>\nАрия, страны, без политических оков!</p>\n\n<p class=\"poem\">Россия, поможет, людям, продлить век!<br>\nЗаметен, подъём в Духе, этой Нации!<br>\nСтрана, освободилась от помех,<br>\nЭто есть Свободы Духа, акция!</p>\n\n<p class=\"poem\">Россия, уходит от капитала!<br>\nОн, несёт людям в Духе, порабощение!<br>\nРоссия, наконец, Свободной стала,<br>\nНачинается, России в Духе, Преображение!</p>\n\n<p class=\"poem\">Повторяю, Путь России уже известен!<br>\nСегодня, Она принимает Свободу!<br>\nНикаких, нет частных поместий,<br>\nНе должно быть, дискуссий, по этому поводу!</p>\n\n<p class=\"poem\">Теперь, Россия возвращает на время, Союз!<br>\nПо-старому опять, СССР!<br>\nНадо остановить, прошлого капитала юз!<br>\nПовторяю, Россия, для Мира сего, пример!</p>\n\n<p class=\"noind\">Да будет Свет Истины!<br>\nОтец Абсолют или Высший Космический Разум!</p>","Files":null,"Date":"2025-10-13T11:35:33.558+03:00","DateChange":"2025-10-13T12:20:06.976+03:00","Link":"poems/13.10.25","Id":"68ecbab75b51c165139aa70c","Srv":"otk","Deleted":false,"Titles":["Теперь, на вес золота, слова России!"]}
