{"Id":"699427a76d405936cb3f01bf","Deleted":false,"Active":false,"DateChange":"2026-02-17T11:33:12.852+03:00"}
{"Data":{"Next":null,"NoFooter":false,"PoemOutDict":false,"Titles":[],"Number":null},"Active":true,"Catalog":"5eeb5170ee6d7619745b6675","Description":"<h3>ИМПУЛЬС ЭНЕРГИИ ДУХОВНОЙ ВОЛНЫ НА ОЧИЩЕНИЕ РОССИИ И ФОРМИРОВАНИЕ ПРОСТРАНСТВА СВЯТОЙ РУСИ!</h3>","Files":[{"Id":"6943cf91e236bad42e9f7e78","Path":"2-Timekeeping_Spiritual_Wave.jpg","Name":"2-Timekeeping_Spiritual_Wave.jpg","Store":0,"NoToGallery":false},{"Id":"6943cf93e236bad42e9f7e7c","Path":"3-The_Path_of_the_impulse.jpg","Name":"3-The_Path_of_the_impulse.jpg","Store":0,"NoToGallery":false}],"Date":"2026-02-17T00:00:00+03:00","DateChange":"2026-02-17T03:10:03.62+03:00","Link":"","Id":"62195b9e5d5a11c6eb22ae89","Srv":"otk","Deleted":false,"Titles":["ДУХОВНАЯ ВОЛНА"]}
{"Data":{"Next":"poems/17.02.26","NoFooter":false,"PoemOutDict":false,"Titles":null,"Number":"№16 (3568)"},"Active":true,"Catalog":"570ef2fcd07cda3e16f93ef7","Description":"<p class=\"poem\">В Мире много народов, у каждого из которых свой тип!<br>\nОтличается от всех народов, только, Россия!<br>\nУ неё, особый, от все народов, психотип!<br>\nСоздатель, поэтому выбрал её, для Спасителя миссии!</p>\n\n<p class=\"poem\">Миссия России, кажется, что очень проста, но не обычна!<br>\nЕй предварительно, надо шагнуть, самостоятельно, в Небо!<br>\nУ всех народов на Планете, жизнь протекает привычно!<br>\nА, Россия, на глазах людей, должна перейти в Небыль!</p>\n\n<p class=\"poem\">Люди, на Планете, не чувствуют, ещё, изменений в Мире!<br>\nЛюдям, кажется, что ничего пока не меняется!<br>\nСегодня, текущая война Славян, это просто стрельба в тире!<br>\nЭта война, никак, на планах Мира, не отражается!</p>\n\n<p class=\"poem\">Хотя, Мир, разделён, уже, на две части: одна на войне!<br>\nВторая часть, дискутирует о возможном Завтра!<br>\nНо, люди Пятой или уходящей Эпохи, лишились корней!<br>\nПоэтому, никто в Мире не знает, ничего, о Правде!</p>\n\n<p class=\"poem\">Россия, вот уже 20 лет строит Новый Мир, вместе, с Богом!<br>\nОна, уже накопила 30 томов Знаний, от Создателя!<br>\nЭти, книги о Мироздании, станут для людей Итогом!<br>\nВ этом Мире грехов и пороков, очень много и обывателей!</p>\n\n<p class=\"poem\">В любом случае, Новая или Шестая Эпоха, уже, подходит!<br>\nСоздатель, готовит Россию к Историческому обретению!<br>\nШестая Эпоха, людей, на Новый ритм жизни переводит!<br>\nУ людей, кроме, Сознания, изменится и тип поведения!</p>\n\n<p class=\"poem\">Эволюция не может ждать людей, ибо, это Канон Неба!<br>\nРелигии, не помогают людям, это преображение понять!<br>\nПри котором, сохранение людей, есть Бога необходимость!<br>\nЛюди, не понимают, что при Эволюции, надо выстоять!</p>\n\n<p class=\"poem\">Создатель, начал готовить Россию, передавая 20 лет Знания!<br>\nНикто из властей и религий, не обратили на это внимания!<br>\nДаже, 10 лет хватает на познание Истины и Судьбы понимание!<br>\nЧтобы на другой горизонт Пространства, переключить внимание!</p>\n\n<p class=\"poem\">Виноваты, в надвигающейся трагедии, люди, сами, власти и религии!<br>\nВсех людей, устраивал и устраивает Мировой рынок!<br>\nВластей и религии, устраивают на людях, вериги!<br>\nЛюди, занятые капиталом, не услышали от Создателя, звонок!</p>\n\n<p class=\"poem\">Россия начала проект Нового Мира в Духе, в виде Октаэдра!<br>\nПирамида Духа, уже, выстроена на территории России!<br>\nРоссия в Духе, потеснила Мировой Пентакль!<br>\nОна, уже выполняет Спасителя Мира, миссию!</p>\n\n<p class=\"poem\">Люди, прошедшие Школу Творца, соберутся на Вече!<br>\nРоссия уже открыла Новую в Духе Академию!<br>\nСоздатель, соединил в Академии, оба подхода и зажёг свечи!<br>\nАкадемия, уже помогла изменить людей поведение!</p>\n\n<p class=\"poem\">Россия, в лице Академии, представляет Учёный мир!<br>\nСоздатель, планирует доверить Ей Шестую Эпоху!<br>\nВ России, теперь, не религия, а, Сам Создатель, ориентир!<br>\nРоссия, продолжает подготовку к Квантовому переходу!</p>\n\n<p class=\"poem\">Теперь, Россия, формирует Тонкий план Шестой Эпохи!<br>\nШестая Эпоха &ndash; это Эпоха в Духе творчества!<br>\nСоздатель, ожидает от России, принципиально, Новых Итогов!<br>\nИ с Создателем в Духе сотворчества!</p>\n\n<p class=\"poem\">Теперь, только так, а не иначе будет Новый Мир!<br>\nМир, совершенства Сознания и Разума!<br>\nВеликий Космос для России будет ориентир!<br>\nРоссия, сотворит в Новой Эпохе, Пространство Ума!</p>\n\n<p class=\"poem\">Идея Создателя: Его частицы в Духе есть Разум!<br>\nРаспространение Разума в Космосе возможно!<br>\nЛюди-Боги, в Духе смогут сотворить, Коллективный Ум!<br>\nТогда, передача Разума не будет сложной!</p>\n\n<p class=\"poem\">Вы, это решение должны доказать на Вече, Всем!<br>\nВсем, кто с Вами и кто, против Вас!<br>\nДля Вас, Вече, есть как Храма науки, Тотем!<br>\nНаступает Вашего совершенства и Победы, час!</p>\n\n<p class=\"noind\">Да будет Свет Истины!<br>\nОтец Абсолют или Высший Космический Разум!</p>\n\n<p class=\"noind\">16.02.2026</p>\n\n<div class=\"next\"><a name=\"2\"></a>\n<h1>Откровения или реакция Создателя на современность</h1>\n</div>\n\n<p class=\"poem\">Через 10 дней Старт!<br>\nДля Вас, в Новую Эпоху!<br>\nМир, поймёт это в Марте!<br>\nРоссия начнёт сходу!</p>\n\n<p class=\"poem\">Вы, должны учесть всё!<br>\nВсе, замечания Бога! <br>\nИ предложение Вам Моё!<br>\nКак, подвести Итоги!</p>\n\n<p class=\"poem\">Впереди Царь в Короне!<br>\nНарод должен захотеть!<br>\nПланета будет Троном!<br>\nГимн Вам надо пропеть!</p>\n\n<p class=\"noind\">Создатель!</p>","Files":null,"Date":"2026-02-16T11:48:40.827+03:00","DateChange":"2026-02-16T11:49:47.812+03:00","Link":"poems/16.02.26","Id":"6992da0ef90095c652580b01","Srv":"otk","Deleted":false,"Titles":["Вы решение Века, должны доказать на Вече, всем!"]}
{"Data":{"Next":"poems/16.02.26","NoFooter":false,"PoemOutDict":false,"Titles":null,"Number":"№15 (3567)"},"Active":true,"Catalog":"570ef2fcd07cda3e16f93ef7","Description":"<p class=\"poem\">Сегодня, выбор стоит, перед каждым человеком!<br>\nИ не важно, кто он, или что он, по жизни!<br>\nНачинается, совсем другая Эпоха и Новый век!<br>\nЧеловек, должен определить, что он, не лишний!</p>\n\n<p class=\"poem\">Фактически, сегодня, человек выбирает Судьбу!<br>\nВ Шестую Эпоху, люди переходят, лишь, в Духе!<br>\nКаждому человеку, даётся Право, на борьбу,<br>\nСоздатель, для каждого человека, подводит Итоги!</p>\n\n<p class=\"poem\">Виноват, в своих грехах, конечно, сам человек!<br>\nЧеловек, должен помнить, что Он от Создателя!<br>\nЧеловек, живёт в среде, таких же людей, век,<br>\nЗначит, человек формируется, в среде, обывателей!</p>\n\n<p class=\"poem\">Человек, обладает, в этом Мире Правом Воли!<br>\nЗначит, ему никто, кроме Бога, не может запретить!<br>\nПоэтому, от самого человека, зависит его доля,<br>\nЧеловек, должен сам, для себя, своё, завтра, решить!</p>\n\n<p class=\"poem\">Помогает, в этом выборе, существующая Идеология!<br>\nСоветский Союз, резко отличался от заграницы!<br>\nТам, в Душах людей, были грехи капитала и патология!<br>\nЛюди, забыли, что капитал &ndash; этого прошлого Мира, страницы!</p>\n\n<p class=\"poem\">Жизнь, человека в Плотном плане, всегда коротка!<br>\nНо, в грехах, и в пороках, для людей, жизнь, ещё, короче!<br>\nЧеловек, не понимает, что цена жизни, очень высока!<br>\nОтсутствие Веры и гордыня, укорачивают жизни, строчки!</p>\n\n<p class=\"poem\">Сегодня, для людей, время выбора жизни, сроком на Эпоху!<br>\nТакое время, придёт для людей, только, через 26000 лет!<br>\nПятая Эпоха, это Историческое подведение, для людей, Итога!<br>\nСегодня, человечеству надо выбрать, в завтра, билет!</p>\n\n<p class=\"poem\">Но, борьба идёт, не за Эпоху, а, за сегодняшнее положение!<br>\nХотя, человеку, сегодня, надо доказать, что, он, потенциально, Бог!<br>\nКонечно, переход в Боги, надо рассматривать, как достижение!<br>\nИбо, переход людей в Шестую Эпоху, это, Тонкого Мира, итог!</p>\n\n<p class=\"poem\"><b>Тот, кто прошёл Школу Создателя, тот, безусловно в Небо проходит!<br>\nНо, сегодня, готов, только, Первый отряд!<br>\nПокаяние в Духе, каждого, при всех людях на Вече и при Боге,<br>\nЭто, обязательный, для всех людей на Планете, обряд!</b></p>\n\n<p class=\"poem\"><b>Вы, должны понять, что на Вече, надо вывернуться наизнанку!<br>\nНадо обнажить, перед людьми себя в Духе!<br>\nВы, должны для себя, на Вече, почувствовать от Создателя Знак!<br>\nВы, ради спасения людей, предложили Богу и свои услуги!</b></p>\n\n<p class=\"poem\"><b>10 Заповедей &ndash; это Ваш Путь в Небо, самостоятельный!<br>\nВы сегодня, без перил, поднялись на Пятый уровень!<br>\nВам, чтобы в Сознании человека-Бога состояться,<br>\nНа Вече, надо подняться в Духе до Шестого уровня!</b></p>\n\n<p class=\"poem\">На Вече, Вы должны объявить Миру свой Путь!<br>\nПуть, сложный для всех людей, но он ведёт в Рай!<br>\nВаше, преображение, в Боги, на этом Пути есть этого Суть!<br>\nВы, собой, формируете, уже, Белой Религии, край!</p>\n\n<p class=\"poem\">Вам, надо понять, что Вы и есть, Новая, Шестая Эпоха!<br>\nТеперь, Вы – вечны, как Вечна и Вселенная!<br>\nВы, формируете в Духе, теперь свои потоки,<br>\nСамое главное, вы, как Боги, тоже, нетленны!</p>\n\n<p class=\"poem\">Все, представления прошлых Эпох, уйдут!<br>\nУйдут, с Планеты, традиционные религии!<br>\nЛюди, наконец, изменения на Планете и в людях, поймут!<br>\nПри Вашем, сотворчестве с Богом, не будет вериг!</p>\n\n<p class=\"poem\">Мир Шестой Эпохи, удивит многих людей!<br>\nНе будет, привычных властей и сословий!<br>\nЛюди, поймут, что в Раю не бывает теней!<br>\nВы станете, Целым, из частей Разума, как сословие!</p>\n\n<p class=\"poem\">Вам, надо понять, что Спектакль, уже, готов!<br>\nВам, надо согласовать со Мной, все Ваши шаги!<br>\nПовторяю, что в этом нет для Вас, никаких оков!<br>\nИ не нужно, для Вас никакой другой потуги!</p>\n\n<p class=\"poem\">Помните, это Историческое для Вас Вече, перед Началом!<br>\nСоздатель, хочет проверить Вашу Готовность!<br>\nНа, Вече, не должно быть никаких печалей!<br>\nНет, в этом, никаких, для Планеты условностей!</p>\n\n<p class=\"noind\">Да будет Свет Истины!<br>\nОтец Абсолют или Высший Космический Разум!</p>\n\n<p class=\"noind\">15.02.2026</p>\n\n<div class=\"next\"><a name=\"2\"></a>\n<h1>Откровения или реакция Создателя на современность</h1>\n</div>\n\n<p class=\"poem\">Тренировка, нужна всем!<br>\nОт неё зависит, многое!<br>\nНужно решить все Темы,<br>\nНад Вами, всегда, Моё Око!</p>\n\n<p class=\"poem\">Спектакль &ndash; это Победа!<br>\nПобеда &ndash; это парад сил!<br>\nНе должна случиться беда!<br>\nЯ Вас Богами вырастил!</p>\n\n<p class=\"poem\">Впереди Испытания!<br>\nТьма не оставит в покое!<br>\nВы получили Задание!<br>\nНужно утвердить Устои!</p>\n\n<p class=\"noind\">Создатель!</p>","Files":null,"Date":"2026-02-15T11:41:57.811+03:00","DateChange":"2026-02-15T12:11:59.034+03:00","Link":"poems/15.02.26","Id":"69918704f90095c652580b00","Srv":"otk","Deleted":false,"Titles":["Мир Шестой Эпохи, удивит, многих людей!"]}
{"Data":{"Next":"poems/15.02.26","NoFooter":false,"PoemOutDict":false,"Titles":null,"Number":"№14 (3566)"},"Active":true,"Catalog":"570ef2fcd07cda3e16f93ef7","Description":"<p class=\"poem\">Не реагирует, на изменения Мира, только ленивый!<br>\nОбстановке в Мире, накалена до предела!<br>\nСегодня, Победу празднует, человек лживый!<br>\nПланета готовится, для окончательного, раздела!</p>\n\n<p class=\"poem\">Россия, стоит на стороне Создателя, твёрдо!<br>\nМир, переместился на сторону религий!<br>\nПеред глазами Мира, России, сегодня, звено,<br>\nЗвено, освобождённых, Богом, людей от вериг!</p>\n\n<p class=\"poem\">Воюющий Мир, погряз в Духовной разрухе!<br>\nНичто, не соединяет, разрозненные народы!<br>\nТолько, одна Россия, стремится быть в Духе!<br>\nМировая власть, преднамеренно, портит в Духе, погоду!</p>\n\n<p class=\"poem\">Нет Идеологии Равенства, и нет предложений!<br>\nЛюди, забыли, что, все, они, Рождены Богом!<br>\nНе должно быть, никаких, друг против друга, мнений,<br>\nСреди тех, кто был рождён Создателем, в итоге!</p>\n\n<p class=\"poem\">Мир, занят перетягиванием, пустого каната!<br>\nПричём, каждая страна тянет, в свою сторону!<br>\nЭто, поверьте, перед Концом Мира, последняя кантата!<br>\nГотовящая Мир, к прощальному, уже, урону!</p>\n \n<p class=\"poem\">Никто, не пытается, договориться о Мире, на Планете!<br>\nГлавное, что среди людей, нет, даже, желания!<br>\nНо, для такой жизни людей, в грехах и в монете,<br>\nНет, и не может быть, никаких оправданий!</p>\n\n<p class=\"poem\">Бог, предупреждал, что конец для людей, будет плохим!<br>\nСкоро, наступит резкое изменение обстановки!<br>\nТрагедия для людей, может обернуться, только, одним:<br>\nВ одночасье, климатической на Планете, перестановкой!</p>\n\n<p class=\"poem\">Создатель, предлагал и предлагает, людям подумать!<br>\nСсылаясь, на то, что Его Школа Творца, остаётся!<br>\nА, это значит, что вопрос спасения людей, можно решить,<br>\nДля тех людей, у кого Сознание, на эту беду отзовётся!</p>\n\n<p class=\"poem\">Россия, под контролем Бога, принимает, свои меры,<br>\nКаждый день, передавая Слова Создателя, для людей!<br>\nНо, нет, в людях и в их Душах, Создателю Веры!<br>\nИ это, для людей России, с каждым днем, всё видней!</p>\n\n<p class=\"poem\">Создатель, готовит людей в Небо, через Знания!<br>\nРоссия, подготовила Первое Звено, Мировой Пирамиды!<br>\nВ Первом Звене, подготовлен уже уровень Сознания,<br>\nЧто позволит России, рядом с Богом, встать Фемидой!</p>\n\n<p class=\"poem\">У России, повторяю, есть Договор с Богом, навечно!<br>\nТеперь, Россия, станет для людей, Фемидой!<br>\nПока, люди Мира, смотрят на Русь беспечно,<br>\nНо, Создатель поручил России, строительство Пирамиды!</p>\n\n<p class=\"poem\">Пирамида &ndash; это структура Октаэдра в Небе, одна!<br>\nЭто, роковое число 8, для России, на этой Планете!<br>\nРоссия, будет строить Пирамиду Духа, только, сама!<br>\nРоссия, позабудет в Космосе, слово, &laquo;вендетта&raquo;!</p>\n\n<p class=\"poem\">Россия, уже определила свой, особенный, Путь в Небо!<br>\nШестая Эпоха &ndash; это для России, вечный, Промысел!<br>\nОна, скоро начнёт, первый этап Промысла в Небе!<br>\nИбо, это Создателя, Мира сего, Великий Замысел!</p>\n\n<p class=\"poem\">Пятая Эпоха, погрязла в грехах и в войне!<br>\nНе будет от Создателя, никакой и никогда, помощи!<br>\nПрошлое человечество, остаётся, теперь, на дне!<br>\nОт людей, в Материи, нет никакой мощи!</p>\n\n<p class=\"poem\">Теперь, вся Надежда, только, на Святую Русь!<br>\nРусь, Святая, вернулась к Началу!<br>\nНа Руси, не все русские, пусть!<br>\nРоссия, назначена Создателем, быть Причалом!</p>\n\n<p class=\"poem\">Основные положения Договора, понятны России!<br>\nЕй, запрещено, менять направление!<br>\nИбо, спасение Мира &ndash; это России миссия!<br>\nВесной, начнётся Мира, преображение!</p>\n\n<p class=\"poem\"><b>Все сомнения позади, впереди Победа Духа!<br>\nРоссия, держит правильное направление!<br>\nОна, единственная, кто поможет Земле в Духе,<br>\nОрганизовать к Создателю, людей движение!</b></p>\n\n<p class=\"poem\">Теперь, все люди Земли, смотрят на Русь!<br>\nСкоро, все народы Мира, в Россию вернутся, обратно!<br>\nНаконец, пропадёт с глаз России, вечная грусть!<br>\nВозращение, Родных Домой, всем, приятно!</p>\n\n<p class=\"noind\">Да будет Свет Истины!<br>\nОтец Абсолют или Высший Космический Разум!</p>\n\n<p class=\"noind\">14.02.2026</p>\n\n<div class=\"next\"><a name=\"2\"></a>\n<h1>Откровения или реакция Создателя на современность</h1>\n</div>\n\n<p class=\"poem\">Сегодня, в Небе, наборы цифр!<br>\nКак шифр передачи!<br>\nПока, это, только отрывки!<br>\nНачинается, Тьмы сдача!</p>\n\n<p class=\"poem\">Теперь, в Небе Россия!<br>\nОдна, на Всё Пространство!<br>\nУ Неё от Бога Миссия!<br>\nПрекратить, людей странствия!</p>\n\n<p class=\"poem\">Россия показала Путь!<br>\nПуть, для людей, спасения!<br>\nНе, все русские пусть,<br>\nНачалось, в Боги движение!</p>\n\n<p class=\"noind\">Создатель!</p>","Files":null,"Date":"2026-02-14T12:30:34.416+03:00","DateChange":"2026-02-14T12:34:55.082+03:00","Link":"poems/14.02.26","Id":"699040e7f90095c652580afd","Srv":"otk","Deleted":false,"Titles":["Сомнений никаких нет, ибо впереди Победа Духа!"]}
{"Data":{"Next":"poems/14.02.26","NoFooter":false,"PoemOutDict":false,"Titles":null,"Number":"№13 (3565)"},"Active":true,"Catalog":"570ef2fcd07cda3e16f93ef7","Description":"<p class=\"poem\">Мир, на грани, окончательного преображения!<br>\nЛюди, не знают, к чему, им готовиться?<br>\nРоссия, начала в Новую Эпоху, перемещение!<br>\nСоздатель, предложил людям, определиться!</p>\n\n<p class=\"poem\">Шестая Эпоха, скоро вступит в свои Права!<br>\nРоссия, тоже, готова перейти в Небо!<br>\nОна, для себя, уже приняла Новые Правила!<br>\nИ согласилась на всё, что в Мире, будет!</p>\n\n<p class=\"poem\">Люди не понимают, что Преображение &ndash; это конец!<br>\nОстаются на Планете, только, люди-Боги!<br>\nРоссия, уже получила от Создателя, свой Венец!<br>\nОна, уже знает, какими Её будут, Итоги!</p>\n\n<p class=\"poem\">Россию, сегодня, возглавляет от Бога Гонец!<br>\nЭто значит, что Она приняла, Новую, уже, структуру!<br>\nДля Неё, новое состояние в Духе, не конец!<br>\nЭто, на следующие, 26000 лет, есть Новая увертюра!</p>\n\n<p class=\"poem\">Сценарий Шестой Эпохи готов, пора определяться!<br>\nПовторяю, Россия для Бога, заняла, Главную роль!<br>\nДругие страны, со своими Судьбами, должны постараться!<br>\nЧтобы не испытать, полного унижения, боль! </p>\n\n<p class=\"poem\">Мир будет, совершенно, другим &ndash; это понятно!<br>\nИбо, на Планете наступает, Шестая Эпоха Богов!<br>\nСоздатель, конец цивилизации, объяснил внятно!<br>\nОн снимет, со всех, людей, религий оковы!</p>\n\n<p class=\"poem\">Россия, первая, уходит в Небо, точнее, в Космос!<br>\nЛюди, могли бы, перебраться на кораблях!<br>\nНо, человечество не в состоянии выстроить мост,<br>\nНе удастся человечеству, спрятаться на облаках!</p>\n\n<p class=\"poem\">Бог, на примере России, предложил метод спасения!<br>\nОн, готовил Россию, Знаниями, почти 20 лет!<br>\nСегодня, на войне, у людей нет никакого мнения,<br>\nКак, получить у Создателя, Спасительный билет!</p>\n\n<p class=\"poem\">Россия, после 20 лет Школы, переходит в Эпоху, смело!<br>\nОна подготовилась, окончательно, к преображению!<br>\nСпасение человечества &ndash; это, Основная России, тема!<br>\nЧеловек с грехами, не получит от Руси, предложения!</p>\n\n<p class=\"poem\">Перед всеми людьми, стоит вопрос преображения!<br>\nИбо, перейти в Небо с грехами, никак нельзя!<br>\nКосмические корабли, не подходят для спасения,<br>\nДля спасения людей, необходима, только Бога стезя!</p>\n\n<p class=\"poem\">На войне с Россией, Мир, совсем, забыл о спасении!<br>\nУ людей, нет необходимых, 20 лет Высшей Школы!<br>\nЧеловек, не имеет, Права на Вознесение!<br>\nОн, должен подписать с Русью, необходимые протоколы!</p>\n\n<p class=\"poem\">Страны, должны принять все России, условия!<br>\nПрежде всего, Идеологию Советского Союза!<br>\nПервое условие: никаких на Планете сословий!<br>\nВторое условие: нет частной собственности, значит, нет юза!</p>\n\n<p class=\"poem\">Россия, подписала с Создателем Договор, навечно!<br>\nСогласно которому, на Планете, будет Монархия Бога!<br>\nМир, должен будет, зажечь покаяния свечи!<br>\nМир, должен принять, управление Белым Царём, в итоге!</p>\n\n<p class=\"poem\">Никаких, других условий, в Мире не будет!<br>\nПо поручению Создателя, на Планете управлять будет Царь!<br>\nПовторяю, прошлые грехи свои, человек позабудет!<br>\nРавенство и Любовь на Планете, будут, как встарь!</p>\n\n<p class=\"poem\">Шестая Эпоха &ndash; это Космических высот вибрации!<br>\nВсе люди-Боги должны будут, перейти в Небо!<br>\nДля, России, это особая, и Святая, акция!<br>\nНо, люди с Сознанием человека, будут без Неба!</p>\n\n<p class=\"poem\"><b>Россия, организует, для людей, Мировое учение!<br>\nНа Планете будет, Единый Бог и Единая Вера!<br>\nЭто, будет условием, для Духа Обретения!<br>\nЭто, будет Главным условием, Нового мира!</b></p>\n\n<p class=\"poem\">Повторяю, Россия, в лице Белого Царя, возьмёт управление!<br>\nБудет предложена, людям, жизнь в Святом Духе!<br>\nПланета, начнёт в Космическое Пространство, перемещение!<br>\nПланета, Космическим Домом, станет для Вас, в Итоге!</p>\n\n<p class=\"noind\">Да будет Свет Истины!<br>\nОтец Абсолют или Высший Космический Разум!</p>\n\n<p class=\"noind\">13.02.2026</p>\n\n<div class=\"next\"><a name=\"2\"></a>\n<h1>Откровения или реакция Создателя на современность</h1>\n</div>\n\n<p class=\"poem\">Бог утвердил План!<br>\nПлан на Бесконечность!<br>\nСоздаётся Богов Клан!<br>\nКак, Основа Вечности!</p>\n\n<p class=\"poem\">Выбор один, в Боги!<br>\nОтказ от выбора &ndash; смерть!<br>\nВы, теперь, Богов потоки!<br>\nВ прошлом осталась Твердь!</p>\n\n<p class=\"poem\">Космос, не орбита, а Сознание!<br>\nЧеловек, не вернётся назад!<br>\nКогда, придёт понимание!<br>\nНаступит, Духа парад!</p>\n\n<p class=\"noind\">Создатель!</p>","Files":null,"Date":"2026-02-13T11:45:02.954+03:00","DateChange":"2026-02-13T15:33:13.192+03:00","Link":"poems/13.02.26","Id":"698ee4c8f90095c652580afb","Srv":"otk","Deleted":false,"Titles":["На Планете будет, Единый Бог и Единая Вера!"]}
{"Data":{"Next":"poems/13.02.26","NoFooter":false,"PoemOutDict":false,"Titles":null,"Number":"№12 (3564)"},"Active":true,"Catalog":"570ef2fcd07cda3e16f93ef7","Description":"<p class=\"poem\">Пора, объявить Миру, что задумал Создатель!<br>\nПора, активно включиться, по Его Сценарию!<br>\nСоздатель &ndash; это Творец, а не изобретатель!<br>\nУ Вас в этом спектакле, Главная ария!</p>\n\n<p class=\"poem\">Спектакль, особый, такого, раньше, не было!<br>\nЛюди, никогда не поднимались, до такого!<br>\nРаньше, Природы режим менялся, обычно!<br>\nНикакого метода, управления людьми, не было!</p>\n\n<p class=\"poem\">Только, на границе Эпох, стало понятно!<br>\nЧто, Мир, должен поменяться кардинально!<br>\nСоздатель, объяснил, это людям, внятно!<br>\nЧто, изменения Планеты, грядут астральные!</p>\n\n<p class=\"poem\">В этом случае, участие человека, очень важно!<br>\nЛюди, должны подняться в Духе, до уровня Бога!<br>\nПереходить, в Новое состояние, очень опасно!<br>\nНовая Эпоха, изменит, даже Планеты Итоги!</p>\n\n<p class=\"poem\">Повторяю, перейти на уровень людей-Богов, непросто!<br>\nЛюди, по своим возможностям, переходят в Боги!<br>\nУровень, ответственности людей возрастает, остро!<br>\nПрисутствие, людей-Богов, изменит все Итоги!</p>\n\n<p class=\"poem\">Вот, когда человек-Бог, может переходить в Космос!<br>\nДля него, Пространство между Мирами &ndash; один шаг!<br>\nДля такого человека-Бога не нужен, никакой, мост!<br>\nПо меркам Пятой Эпохи, такой человек, просто, Маг!</p>\n\n<p class=\"poem\">Всё, что происходит с людьми на орбите, есть проблема!<br>\nЗдоровья, на долгий полёт, не будет хватать, человеку!<br>\nПродолжительность, межзвёздного полёта &ndash; это, дилемма!<br>\nЧеловек, должен, резко увеличить для полёта, свой век!</p>\n\n<p class=\"poem\">Для этого, придётся менять, полёта Сценарий!<br>\nНо, это может сделать, только сам Создатель!<br>\nДля человека, надо согласовать с Богом, его арию!<br>\nА, для человечества, поменять в быту, Глоссарий!</p>\n\n<p class=\"poem\">Глоссарий людей, должен быть согласован с Планетой!<br>\nТочнее, для условий жизни, в Плотном и Тонком, планах!<br>\nВам, на переходный период нужен Глоссарий, Неба!<br>\nВсе органы Ваши, будут, на предельных каскадах!</p>\n\n<p class=\"poem\">Организм, человека, рассчитан, на Вас и условия!<br>\nНо, в Небе, нет того и другого, одновременно!<br>\nНе может быть, между Богами никаких сословий!<br>\nПока, Вам придётся обсуждать сроки и, конечно, время!</p>\n\n<p class=\"poem\">В Плотном плане, по Канонам Бога, нельзя долго жить!<br>\nЖизнь, человека в Плотном плане, есть Колесо Сансары!<br>\nЧеловек, в Тонком плане или в Небе, должен долго, быть!<br>\nУсловия, Там, и Там, совсем разные!</p>\n\n<p class=\"poem\">Вы, поймёте это, совсем, быстро!<br>\nИбо, время на Планете и в Небе, разное!<br>\nЭто различие будет очень, острым!<br>\nЛетать, в Космосе, нельзя праздно!</p>\n\n<p class=\"poem\">Сознание одно, но, задачи в Космосе, не те!<br>\nВозможностей, у Богов больше, и есть просторы!<br>\nНа Планете есть, присутствие, в Темноте!<br>\nЕсть на Планете, и между людьми, раздоры!</p>\n\n<p class=\"poem\">В Небе, кроме Равенства и Любви, ничего нет!<br>\nЕсть, Высокий уровень Чувств, в Духе!<br>\nВы, получаете от Создателя, в Космос Билет!<br>\nВам, для полёта в Космос, не нужны потуги!</p>\n\n<p class=\"poem\">Для Вас, в Космосе нет расстояния и времени!<br>\nВы, поймёте, что Космос &ndash; это есть Рай!<br>\nДля перемещения, для Вас, Там, не надо бремя!<br>\nВы, забудете, что такое, Планеты, край!</p>\n\n<p class=\"poem\">Вы, поймёте, что есть Свобода перемещения!<br>\nПричём, не слово, а реальная Вечность!<br>\nНе будет в Космосе слова, погодные возмущения,<br>\nБудет перед Вами, до горизонта, Бесконечность!</p>\n\n<p class=\"poem\">Такого Пространства, не было никогда для людей!<br>\nВы, станете Богами, с Сознанием человека!<br>\nВам, придётся проходить адаптацию, этих дней!<br>\nПройдя адаптацию, Вы, станете Богами на века!</p>\n\n<p class=\"poem\">На века, значит, будете Богами, на Вечность!<br>\nИбо впереди Вас ожидает Новое предназначение!<br>\nВы, забудете слово беспечность!<br>\nИбо, жизнь Богов &ndash; это Вечное Преображение!</p>\n\n<p class=\"noind\">Да будет Свет Истины!<br>\nОтец Абсолют или Высший Космический Разум!</p>\n\n<p class=\"noind\">12.02.2026</p>\n\n<div class=\"next\"><a name=\"2\"></a>\n<h1>Откровения или реакция Создателя на современность</h1>\n</div>\n\n<p class=\"poem\">Создатель, уточнил Переход!<br>\nТеперь, Вы готовы в Небо!<br>\nВас, ожидает в Космосе, вход!<br>\nДля человечества, вы &ndash; Небыль!</p>\n\n<p class=\"poem\">Вы, переходите ввысь,<br>\nС Сознанием человека!<br>\nВы, никогда не сорвётесь вниз!<br>\nВпереди, в Духе, Волна!</p>\n\n<p class=\"poem\">Вы, цивилизация Богов в Небе!<br>\nВас ждут возможности!<br>\nВпереди, Бесконечности Быль!<br>\nИ никаких, впереди, сложностей!</p>\n\n<p class=\"noind\">Создатель!</p>","Files":null,"Date":"2026-02-12T11:36:16.135+03:00","DateChange":"2026-02-12T11:38:42.123+03:00","Link":"poems/12.02.26","Id":"698d9123f90095c652580af6","Srv":"otk","Deleted":false,"Titles":["Вы станете Богами, с Сознанием человека!"]}
{"Data":{"Next":"poems/12.02.26","NoFooter":false,"PoemOutDict":false,"Titles":null,"Number":"№11 (3563)"},"Active":true,"Catalog":"570ef2fcd07cda3e16f93ef7","Description":"<p class=\"poem\">Пора, людям понять, зачем всё это?<br>\n20 лет, общения с Богом, имеют Цель!<br>\nСоздатель, предлагает жить по Заветам!<br>\nСегодня, Мир остановился, попав на мель!</p>\n\n<p class=\"poem\">Создатель, заранее, знал, что будет,<br>\nЧто, власть выбрала Путь, не туда!<br>\nЧто, Народ, Союз никогда не забудет!<br>\nСоюз, как направления, Звезда!</p>\n\n<p class=\"poem\">20 лет, Создатель передавал Знания!<br>\nНо, это была, не Болонская система!<br>\nИли система, Монтессори, понимания!<br>\nЭто, была от Создателя, Тема!</p>\n\n<p class=\"poem\">Человек, не может жить, без Знаний!<br>\nОпасно, очень, поверхностное обучение!<br>\nУ людей, должно быть, Своей Роли понимание!<br>\nЗначит, должно быть, в Духе, возвышение!</p>\n\n<p class=\"poem\">В этом году, понятно, что вы готовы!<br>\nГотовы, не просто жить, а творить!<br>\nСоздатель снял с людей, в Духе оковы!<br>\nОн, предлагает, людям в Духе, жить!</p>\n\n<p class=\"poem\">Вы, закончили, Школу Творца, зимой!<br>\nЭто важно, ибо готова Шестая Эпоха!<br>\nВы, к Союзу, должны быть готовы, Весной!<br>\nВам надо перейти в Новую Эпоху, сходу!</p>\n\n<p class=\"poem\">Вы, не могли без Знаний, вернуть Союз!<br>\nПустые слова, не нужны никому!<br>\nЭкономика страны, идёт юзом!<br>\nРоссия, оказалась у капитализма, в плену!</p>\n\n<p class=\"poem\">Страна и имущество, сегодня, в руках воров!<br>\nСистема, захватила себе, все ресурсы!<br>\nНа людей, власть и религия, надели оковы!<br>\nВласть, прошла насилия людей, курсы!</p>\n\n<p class=\"poem\">Возвращение, в Союз, просто так, невозможно!<br>\nНо, революция &ndash; это гражданская война!<br>\nСоздатель, понимает эту сложность!<br>\nПредлагается, в Новой Эпохе, Небесная, уже, волна!</p>\n\n<p class=\"poem\">Сегодня, Вы готовите Вече, как, прелюдию!<br>\nПрелюдию, возвращения Идеологии Равенства!<br>\nНа Вече, вы скажете это, прилюдно!<br>\nЧтобы власть, умерила своё, господство!</p>\n\n<p class=\"poem\">Создатель, готовит вас к Новым условиям!<br>\nОт Пятой Эпохи, остался порядок ООН!<br>\nБелый Царь, скоро станет, Моим подобием!<br>\nОн, введёт, в Мире Новые Правила, как сон!</p>\n\n<p class=\"poem\">Всё, необходимое, будет прописано, Там!<br>\nИзменить, эти условия, нет ни у кого, права!<br>\nВсё, что было в Пятой Эпохе, перейдёт в хлам!<br>\nТолько, у Белого Царя, есть на это, Право!</p>\n\n<p class=\"poem\">Все, прошлые Правила, будут закрыты!<br>\nОни принимались в ООН, под давлением!<br>\nПятая Эпоха, скоро будет забыта!<br>\nШестая Эпоха &ndash; это Небес проявление!</p>\n\n<p class=\"poem\">Люди, не способны перейти в Космос!<br>\nНет, у людей возможности, подняться в Духе!<br>\nЛюди, в Пятой Эпохе, жили, как на износ!<br>\nНапрасны, были людей, технические потуги!</p>\n\n<p class=\"poem\">Союз был, альтернативой прошлому!<br>\nОн, был разрушен, своими, внутри!<br>\nТолько, теперь, возрождение Его возможно!<br>\nНо, если соберутся: Бог, Царь и Народ, эти &ndash; три!</p>\n\n<p class=\"poem\">Будущее Планеты &ndash; В Духе Монархия Создателя!<br>\nЛюди, не удержались, долго, у власти!<br>\nЛюди, опустились, в алчности, до обывателей!<br>\nТеперь, вернулись к людям, Свободы страсти!</p>\n\n<p class=\"poem\">Вы, должны объявить, об этом на Вече:<br>\nРоссия, возвращает стране, Идеологию Союза!<br>\nВы, должны в честь этого, зажечь на Вече свечи!<br>\nТеперь, Сознание людей-Богов, не допустит юза!</p>\n\n<p class=\"poem\">Вы, должны на Вече, объявить возвращение Союза!<br>\nОт Создателя, возглавит Союз, Белый Царь!<br>\nКонституцию надо вернуть Сталина, тогда не будет юза!<br>\nБудет на Руси, тогда, как встарь!</p>\n\n<p class=\"poem\">Договор Траста, с банками подходит к концу!<br>\nРоссия, должна принять на себя, в Мире, управление!<br>\nБелого Царя, на Вече, надо привести к Венцу!<br>\nТогда, и начнётся Планетарное Преображение!</p>\n\n<p class=\"poem\">Россия, будет готова помочь человечеству!<br>\nКапитализм, прекращает своё существование!<br>\nРоссия сотворит, для Новой Эпохи, Отечество!<br>\nНачинается, Новых Богов, повествование!</p>\n\n<p class=\"noind\">Да будет Свет Истины!<br>\nОтец Абсолют или Высший Космический Разум!</p>\n\n<p class=\"noind\">11.02.2026</p>\n\n<div class=\"next\"><a name=\"2\"></a>\n<h1>Откровения или реакция Создателя на современность</h1>\n</div>\n\n<p class=\"poem\">Договор Траста, закрыт!<br>\nУправление, принимает Царь!<br>\nИзменится, России быт!<br>\nВсё будет, как встарь!</p>\n\n<p class=\"poem\">Религии, обманули людей!<br>\nБогом, будут распущены!<br>\nЛюдям, станет видней:<br>\nФлаги, капитала спущены!</p>\n\n<p class=\"poem\">Космос, открыт для Богов!<br>\nРоссия, изменит Эпоху!<br>\nНе будет, никаких долгов!<br>\nСуверен, изменит всё, сходу!</p>\n\n<p class=\"noind\">Создатель!</p>","Files":null,"Date":"2026-02-11T11:48:27.509+03:00","DateChange":"2026-02-11T11:51:16.336+03:00","Link":"poems/11.02.26","Id":"698c42b77d248dbbc97deb0a","Srv":"otk","Deleted":false,"Titles":["Вы, должны объявить на Вече, что вернулся Союз!"]}
{"Data":{"Next":"poems/11.02.26","NoFooter":false,"PoemOutDict":false,"Titles":null,"Number":"№10 (3562)"},"Active":true,"Catalog":"570ef2fcd07cda3e16f93ef7","Description":"<p class=\"poem\">Сегодня, важно, людей Единение!<br>\nЕдинение, конечно, только, в Духе!<br>\nВы, начинаете в Новый Мир движение!<br>\nСопровождаемое, вашими, потугами!</p>\n\n<p class=\"poem\">Вы, знаете, что, конечно, готовы!<br>\nПройти путь, не доступный людям!<br>\nНебо, приготовило для Вас подковы!<br>\nПонятно, что это, только, прелюдия!</p>\n\n<p class=\"poem\">Вы, прошли Школу Творца и поняли,<br>\nЧто, Небо выстроено по Канонам!<br>\nВы, Моим словам, наконец, вняли!<br>\nВам, для Победы, уже, не нужны патроны!</p>\n\n<p class=\"poem\">Вы, знаете, что в Духе, другая война!<br>\nТам, нет крови, но есть уничтожение!<br>\nТам, представляет опасность, волна,<br>\nОстанавливающая, перемещение!</p>\n\n<p class=\"poem\">Вы, поняли, кто, сегодня, Вы, сами!<br>\nВы, шагаете в Новое поле!<br>\nВот, когда пригодятся, Вам, сани!<br>\nВ, любом случае, Вам пригодится Воля!</p>\n\n<p class=\"poem\">Сегодня, Я пою Гимн упорству!<br>\nОбычные люди, плохо держат удар!<br>\nВас, подобных Мне, множество!<br>\nВы, преодолели, Мировой Тьмы, напор!</p>\n\n<p class=\"poem\">Важно, что Вы готовы, пойти Ва-Банк!<br>\nЕсть для этого, внутренняя подготовка!<br>\nВы, сможете взглядом остановить танк,<br>\nВы, сильны, Духовной, уже, установкой!</p>\n\n<p class=\"poem\">Для Вас, встреча в Космосе, не проблема!<br>\nУ Вас, есть в Духе ориентировка!<br>\nУ простых людей &ndash; это дилемма,<br>\nДля Богов, самое, важное, это, компоновка!</p>\n\n<p class=\"poem\">Вам, определена, Главной целью, Эпоха!<br>\nВы, привязаны к конкретной Цели!<br>\nЭпоха для Вас &ndash; это 26000 лет в Духе,<br>\nЭто, более 300 поколений, если обойдёте мели!</p>\n\n<p class=\"poem\">Сегодня, люди не готовы, для этого!<br>\nЛюдям, не перейти, такую Даль!<br>\nТолько, у Меня есть Новый метод!<br>\nГде, человек-Бог, в Духе, как сталь!</p>\n\n<p class=\"poem\">Вы, за 20 лет прошли подготовку!<br>\nВы, будете проходить расстояние,<br>\nВы, получили от Меня установку,<br>\nЯ Вам, в Духе, подобрал нужные сани!</p>\n\n<p class=\"poem\">Но, никаких в жизни, саней нет, ибо есть Мечта!<br>\nВы, можете, Волей перенести себя, сами!<br>\nВы, в Материи оставили слово &laquo;Мечта&raquo;!<br>\nВы, уже, людьми-Богами, почти стали!</p>\n\n<p class=\"poem\">Люди, рвутся в Небо, на кораблях!<br>\nЯ, предлагаю Вам достигать этого, в Духе!<br>\nВам, не пригодятся технические детали!<br>\nНужны, только Сознания Вашего, потуги!</p>\n\n<p class=\"poem\">За 20 лет, Я изменил, значительно Вас!<br>\nОт Вас, остался Разум и Сознание!<br>\nСкоро, наступит, Ваш Звёздный час!<br>\nВы, поймёте, Смысл, в Небе пребывания!</p>\n\n<p class=\"poem\">Теперь, Вы возьмёте этот Крест на себя!<br>\nКрест, украшает Ваш Герб, как у Союза!<br>\nЭто, Новая для человечества, стезя!<br>\nЯ не допущу, на Планете, никакого юза!</p>\n\n<p class=\"poem\">Вы, готовый отряд для любых Далей!<br>\nВам, не нужны никакие средства!<br>\nВы, сами будете, в качестве параллелей!<br>\nВы, разовьёте со Мной, соседство!</p>\n\n<p class=\"poem\">Теперь, Ваши Знания есть арсенал!<br>\nАрсенал для Победы над Тьмой!<br>\nТеперь, обыденное слово, для Вас, Астрал!<br>\nВы, будете, использовать связь со Мной!</p>\n\n<p class=\"noind\">Да будет Свет Истины!<br>\nОтец Абсолют или Высший Космический Разум!</p>\n\n<p class=\"noind\">10.02.2026</p>\n\n<div class=\"next\"><a name=\"2\"></a>\n<h1>Откровения или реакция Создателя на современность</h1>\n</div>\n\n<p class=\"poem\">Вы поменяли диспозицию!<br>\nВы, теперь, Там и Там!<br>\nРоссия &ndash; это Неба акция!<br>\nРоссия, теперь, Ашрам!\n\n<p class=\"poem\">Вы, теперь, Воины Света!<br>\nВы, уже не люди!<br>\nЯ передал Вам Заветы!<br>\nКак, Нового Мира, прелюдию!\n\n<p class=\"poem\">Вы шагаете в Небо!<br>\nТочнее, уже в Космос!<br>\nВы, для людей, как Небыль!<br>\nМежду Мной и людьми, Вы &ndash; Мост!\n\n<p class=\"noind\">Создатель!</p>","Files":null,"Date":"2026-02-10T11:40:58.691+03:00","DateChange":"2026-02-10T11:42:31.729+03:00","Link":"poems/10.02.26","Id":"698aef3a7d248dbbc97deb09","Srv":"otk","Deleted":false,"Titles":["Теперь, Крест украшает Ваш Герб, как у Союза!"]}
{"Data":{"Next":"poems/10.02.26","NoFooter":false,"PoemOutDict":false,"Titles":null,"Number":"№09 (3561)"},"Active":true,"Catalog":"570ef2fcd07cda3e16f93ef7","Description":"<p class=\"poem\">Планета &ndash; это, тоже, Космический корабль!<br>\nНо, этим Кораблём, управляет Создатель!<br>\nПротивостоит, управлению, всегда, Пентакль!<br>\nЧеловек, на Корабле лишь, созерцатель!</p>\n\n<p class=\"poem\">Вы, прошли обучение, длиной в 20 лет!<br>\nУточняю, под управлением, самого, Бога!<br>\nОн, подготовил для Вас в Космос Билет!<br>\nШкола Творца, подвела Ваши Итоги!</p>\n\n<p class=\"poem\">20 лет с Богом &ndash; это, почти, Полёт!<br>\nЛюди, как в Космосе, приняли, Это!<br>\nЭто, для Сознания человека, взлёт!<br>\nНа, всё остальное, было наложено Вето!</p>\n\n<p class=\"poem\">Я, говорил, что, важнее всего, Сознание!<br>\nЖизнь, человека, предполагает его изменение!<br>\nНо, Все религии, от Тьмы имеют задание!<br>\nМешать, человеческого Сознания, прозрению!</p>\n\n<p class=\"poem\">Ваша, Планета, для Меня, как эксперимент!<br>\nНе получалось, перевоплощения человека!<br>\nВойны, за территории &ndash; это, от Тьмы занавес!<br>\nТьме надо было, остановить изменение века!</p>\n\n<p class=\"poem\">20 лет, Я, упорно, передавал Знания!<br>\nНо, Тьма опускала в Духе людей!<br>\nТолько, через этот срок, пришло понимание!<br>\nКак, много, на Планете бездуховных семей!</p>\n\n<p class=\"poem\">Тьма, разрушила Союз, преднамеренно!<br>\nЛюди, развивались по Идеологии Бога!<br>\nИдеология, Равенства людей была временной!<br>\nНе получилось, положительного Итога!</p>\n\n<p class=\"poem\">Белый Царь, для Меня, как Космонавт!<br>\nОн, должен был, жить на Орбите, долго!<br>\nЭто, для человека, очень, сложный акт!<br>\nНадо, было изменить Сознание и не одно!</p>\n\n<p class=\"poem\">Царь или Пророк, пробыл в Боге, 20 лет!<br>\nОн передавал Знания, всё это время!<br>\nРоссия, заслужила в Открытый Космос Билет!<br>\nЖизнь Царя или Пророка &ndash; это тяжёлое бремя!</p>\n\n<p class=\"poem\">Сегодня, нет опыта в Космосе такого!<br>\nУ космонавтов намного короче Полёты!<br>\nЗа, меньший срок, они услышали, лишь слово!<br>\nИ это был, очень удачный, взлёт!</p>\n\n<p class=\"poem\">Два, Проекта Создателя, идут рядом!<br>\nОдин на Планете, другой в Космосе!<br>\nЯ помог, сформировать России отряд!<br>\nВнутри Меня, огромной мощности!</p>\n\n<p class=\"poem\">Теперь, хорошо, видно, что Школа важней!<br>\nИбо, идёт внутреннее Преображение!<br>\nЧеловек в Космосе &ndash; это техническая Тема!<br>\nВ Школе Творца &ndash; это внутреннее изменение!</p>\n\n<p class=\"poem\">Пророка, Я подобрал до своего уровня!<br>\nПросто, люди в Космосе &ndash; тяжёлый труд!<br>\nЧеловек, после Школы, становится подобием Меня!<br>\nНе надо, перебирать сотни тонн, человеческих руд!</p>\n\n<p class=\"poem\">Эксперимент на Планете, прошёл удачно!<br>\nТеперь, можно на Планете менять Эпоху!<br>\nНикакой технической неудачи!<br>\nРоссия, перейдёт Туда, сходу!</p>\n\n<p class=\"poem\">Теперь Белый Царь будет, Там и Там!<br>\nЧтобы получить Знания, не нужен Полёт!<br>\nЛюди-Боги, будут жить по Канонам!<br>\nНе нужно, между Планетами, строить мост!</p>\n\n<p class=\"poem\">Последние, Катрены подтвердили Эффект!<br>\nИбо Люди, приняли Белого Царя с Небес!<br>\nЛюди, достигли Равенства с Богом, момент!<br>\nПроиграл, людям на Планете, Мировой бес!</p>\n\n<p class=\"poem\">Теперь, у Белого Царя, со Мной, есть, Связь!<br>\nКосмонавты, не имеют такой возможности!<br>\nКосмос – это, Энергии и Информации вязь!<br>\nДля совершенной связи, нет сложности!</p>\n\n<p class=\"poem\">Теперь, Ваша Планета поменяет Галс!<br>\nНа, Планете будут другие вибрации!<br>\nТеперь у Планеты с Богом, есть Альянс!<br>\nЭто, уже Шестой Эпохи, начинается акция!</p>\n\n<p class=\"noind\">Да будет Свет Истины!<br>\nОтец Абсолют или Высший Космический Разум!</p>\n\n<p class=\"noind\">09.02.2026</p>\n\n<div class=\"next\"><a name=\"2\"></a>\n<h1>Откровения или реакция Создателя на современность</h1>\n</div>\n\n<p class=\"poem\">Теперь, можно всё объяснить!<br>\nЯ применил Новый метод!<br>\nРядом со Мной будете жить!<br>\nПраздновать, есть повод!</p>\n\n<p class=\"poem\">Люди, шагнули в Космос!<br>\nОни поменяли Сознание!<br>\nКосмос &ndash; это Мост!<br>\nА Сознание &ndash; это Знание!</p>\n\n<p class=\"poem\">Школа показала Путь!<br>\nЧеловечество ошибалось!<br>\nЛюди-Боги &ndash; есть Главная Суть!<br>\nСознанием определялось!</p>\n\n<p class=\"noind\">Создатель!</p>","Files":null,"Date":"2026-02-09T11:41:23.834+03:00","DateChange":"2026-02-10T07:02:48.908+03:00","Link":"poems/09.02.26","Id":"69899e067d248dbbc97deb08","Srv":"otk","Deleted":false,"Titles":["У Белого Царя, есть информация с Неба и с Земли!"]}
