{"Data":{"Next":null,"NoFooter":false,"PoemOutDict":false,"Titles":[],"Number":null},"Active":true,"Catalog":"5eeb5170ee6d7619745b6675","Description":"<h3>ИМПУЛЬС ЭНЕРГИИ ДУХОВНОЙ ВОЛНЫ НА ОЧИЩЕНИЕ РОССИИ И ФОРМИРОВАНИЕ ПРОСТРАНСТВА СВЯТОЙ РУСИ!</h3>","Files":[{"Id":"691af31a861fa45cdf3115ac","Path":"2-Timekeeping_Spiritual_Wave.jpg","Name":"2-Timekeeping_Spiritual_Wave.jpg","Store":0,"NoToGallery":false},{"Id":"691af31c861fa45cdf3115b0","Path":"3-The_Path_of_the_impulse.jpg","Name":"3-The_Path_of_the_impulse.jpg","Store":0,"NoToGallery":false}],"Date":"2025-11-26T00:00:00+03:00","DateChange":"2025-11-26T03:10:03.89+03:00","Link":"","Id":"62195b9e5d5a11c6eb22ae89","Srv":"otk","Deleted":false,"Titles":["ДУХОВНАЯ ВОЛНА"]}
{"Data":{"Next":null,"NoFooter":false,"PoemOutDict":false,"Titles":null,"Number":"№25 (3480)"},"Active":true,"Catalog":"570ef2fcd07cda3e16f93ef7","Description":"<p class=\"poem\"><b>Каждая, точка соотношений цифр есть Знак!<br>\nДля Нового Мира есть Пути обозначение!<br>\nЭта, точка освещает окружающий Мрак!<br>\nСтановится, видно направление движения!</b></p>\n\n<p class=\"poem\">Теперь, важна симметрии, каждая точка!<br>\nТочка отсчёта на Вашем Пути!<br>\nВсё должно сложиться в общую оболочку!<br>\nОна обозначит Ваш Путь, по Сути!</p>\n\n<p class=\"poem\">Теперь, можно не слушать, а надо знать!<br>\nВсё сложится, к Роковой уже Цели!<br>\nЛюди, без симметрии, не могут понять!<br>\nЛюди, даже подумать, ещё не посмели!</p>\n\n<p class=\"poem\">Что, Мир Новую Вершину, уже получает!<br>\nЛомая, все прошлые Представления!<br>\nМир всё прошлое, теперь, минует!<br>\nПеренаправляя, всех людей движение!</p>\n\n<p class=\"poem\">Новая Эпоха поменяет все представления!<br>\nРоссия, по Плану, Первая уходит в Небо!<br>\nНеожиданные возникают рассуждения,<br>\nРоссия, Сказку переводит в Быль!</p>\n\n<p class=\"poem\">Весной люди встретят, Первый Этап!<br>\nЛюди, услышат от Создателя, предложения!<br>\nЭто будет предварительный Start Up,<br>\nЛюди встретят Начало Преображения!</p>\n\n<p class=\"poem\">Традиционная схема, Мира, будет изменена!<br>\nСобытия, неожиданно, пойдут по-другому!<br>\nНовая в Истории, откроется Пора!<br>\nВсё будет, в этом Мире, уже, по-Новому!</p>\n\n<p class=\"poem\">Вихри вибраций затронут этот Мир!<br>\nЛюди не смогут устоять, против этого!<br>\nНа Создателя, предложен будет, ориентир!<br>\nСопротивляться Создателю, не будет метода!</p>\n\n<p class=\"poem\">Два-три года, пролетят незаметно!<br>\nКвантовый переход, затронет каждого!<br>\nЛюди – это поймут на себе, остро!<br>\nЛюди осознают, этого Перехода, Важность!</p>\n\n<p class=\"poem\">Сойдутся, Там, люди и Боги, одновременно!<br>\nМир станет, Мировым событием!<br>\nМир, будет меняться, попеременно!<br>\nСреди, людей неверия, начнётся убытие!</p>\n\n<p class=\"poem\">Весной Россия, по заданию Бога, объявит Мир!<br>\nРоссия, объявит Начало Преображения!<br>\nСпасёт, на Создателя, людей ориентир!<br>\nНа Равенство и Любовь, будет равнение!</p>\n\n<p class=\"poem\">Вам, надо подготовить Мира, Концепцию!<br>\nКонцепцию перехода людей в Боги!<br>\nЭто, будет Новой Эпохи, Проекция!<br>\nЛучше сказать, Нового человека-Бога, в Итоге!</p>\n\n<p class=\"poem\">Человек-Бог, будет, уже от Создателя!<br>\nОн, увидит в себе, много Нового!<br>\nУ человека, не было Права быть, воителем,<br>\nДля творения человеку-Богу, выделено много!</p>\n\n<p class=\"poem\">Россия, должна определить Цель!<br>\nПервая Цель &ndash; это смена условий!<br>\nНа Первом Этапе, не должно быть мелей!<br>\nДолжно быть, промежуточное сословие!</p>\n\n<p class=\"poem\">Это сословие, не человек и не человек-Бог!<br>\nЭто промежуточное состояние!<br>\nГлавное, что Россия должна подвести Итог!<br>\nНе должно быть страха и отчаяния!</p>\n\n<p class=\"poem\">Весной будет в Мире, объявлен Старт!<br>\nСоздатель, это объявит, сразу для всех!<br>\nДля Вас понятен, весенний месяц, Март!<br>\nВесной, не будет, никаких помех!</p>\n\n<p class=\"noind\">Да будет Свет Истины!<br>\nОтец Абсолют или Высший Космический Разум!</p>","Files":null,"Date":"2025-11-25T11:21:52.079+03:00","DateChange":"2025-11-25T11:23:07.873+03:00","Link":"poems/25.11.25","Id":"69256749c30da534e3c33d74","Srv":"otk","Deleted":false,"Titles":["Весной, будет объявлен Старт!"]}
{"Data":{"Next":"poems/21.11.25","NoFooter":false,"PoemOutDict":false,"Titles":null,"Number":"№20 (3475)"},"Active":true,"Catalog":"570ef2fcd07cda3e16f93ef7","Description":"<p class=\"poem\">Эта История, на уровне, уже, Планеты!<br>\nРоссия, всегда отвечала за Цивилизацию!<br>\nКритерием Пятой Эпохи, была монета!<br>\nПротив монеты, сегодня, Создателя акция!</p>\n\n<p class=\"poem\">Создатель, теперь, определил Россию, в Эпоху!<br>\nВ Эпоху, созвездия Водолея!<br>\nБог, надеется, что Россия перейдёт сходу!<br>\nРоссия, против Тьмы будет упрямее!</p>\n\n<p class=\"poem\">Сегодня, надо поменять соотношение сил!<br>\nНа Руси, сегодня, приоритет Тьмы!<br>\nСовременный Лидер, для Создателя, не мил!<br>\nВласти, по отношению к Тьме, терпимы!</p>\n\n<p class=\"poem\">Создатель готовит, уже, Новую Россию!<br>\nГотовится, для Мира сего, и Рок-Опера!<br>\nПриведён, к управлению, Царь &ndash; Мессия!<br>\nПриближается Квантового перехода, пора!</p>\n\n<p class=\"poem\">Россия, разбросана, давно, по странам!<br>\nБольшинство, прижилось во Франции!<br>\nПора, залечить все прошлые раны!<br>\nПредполагается Единения России, акция!</p>\n\n<p class=\"poem\">Заграничная диаспора, должна, понять!<br>\nЧто Новая, под Богом, Россия, зовёт!<br>\nСвятая Русь, через 100 лет, должна встать!<br>\nОна, за Создателем, в Небо пойдёт!</p>\n\n<p class=\"poem\">Для Единой России, уже подготовлен Крест!<br>\nКак, для Единого на Руси сословия!<br>\nПо Миру должна пройти, эта Весть!<br>\nКак, на Сент-Женевьев-Де-Буа, Руси достояние!</p>\n\n<p class=\"poem\">Все Русские должны вернуться Домой!<br>\nЭто, самое Главное, Народа решение!<br>\nПрошлая Россия, должна встать в строй!<br>\nТогда и начнётся, Планетарное Преображение!</p>\n\n<p class=\"poem\">Сойдётся, Главная Идеология, Великой страны!<br>\nШестая Эпоха, станет для Руси в Духе просветлением!<br>\nЕдиная страна, залечит все прошлые, свои раны!<br>\nСоздатель отметит &ndash; это Историческое достижение!</p>\n\n<p class=\"poem\">Надо, будет провести Вече, уже Единой России:<br>\nНа всех полушариях, от Океана до Океана!<br>\nЭто будет, Великая для человечества Миссия!<br>\nПод флагом Создателя и Белого Царя, надо!</p>\n\n<p class=\"poem\">На Вече, надо вспомнить Планеты, Историю!<br>\nРоссию, мотало от Мировых претендентов!<br>\nВ стране, много разных людских категорий!<br>\nВ стране, по-прежнему, много ещё оппонентов!</p>\n\n<p class=\"poem\">Россия, на Вече, при всех, должна почистить ряды!<br>\nРеволюцию на Руси, поднимали не Русские!<br>\nНе ради, Равенства, были карательные отряды!<br>\nИнтересы, революционеров были, очень узкие!</p>\n\n<p class=\"poem\">Равенство людей, декларировалось везде!<br>\nТолько, Создатель не хотел, никакого насилия!<br>\nОчень много людей, насильно, оказалось на дне!<br>\nБелая Русь, против Тьмы, была бессильна!</p>\n\n<p class=\"poem\">Теперь, собирается Новая Русь от Создателя!<br>\nИбо, все религии несут людям рабство!<br>\nРоссия, приняла от Бога, Небесное Законодательство!<br>\nИ, соответствующее, от Бога устройство!</p>\n\n<p class=\"poem\">Настало, время объединить Россию, в Целое!<br>\nСоздатель, приглашает и Белую Русь!<br>\nНовая Русь, получила от Создателя, Царя Белого!<br>\nБолее, 100 лет Россия жила со своей грустью!</p>\n\n<p class=\"poem\">На Всеобщем Вече, надо Вам вспомнить всё!<br>\nОшибки, делали обе России стороны!<br>\nРоссия, за эти годы, перестрадала своё!<br>\nТеперь, настала пора, простить друг другу, уроны!</p>\n\n<p class=\"poem\">Две России должны обняться в Москве, на Сцене!<br>\nПочтите Память, всех на Руси, убиенных!<br>\nНаступает, Шестая Эпоха Великих перемен!<br>\nРоссия станет страной, уже Богов нетленных!</p>\n\n<p class=\"poem\">В Москве, на Сцене, вам надо пропеть Гимн!<br>\nГимн, возвращения Великой страны!<br>\nСоздатель, возведёт над Россией Нимб!<br>\nСвятой страны Богов без прошлых ран!</p>\n\n<p class=\"noind\">Да будет Свет Истины!<br>\nОтец Абсолют или Высший Космический Разум!</p>","Files":null,"Date":"2025-11-20T11:35:03.825+03:00","DateChange":"2025-11-24T16:52:40.866+03:00","Link":"poems/20.11.25","Id":"691ed2de6b176949450d8088","Srv":"otk","Deleted":false,"Titles":["Две России, должны обняться, в Москве, на Сцене!"]}
{"Data":{"Next":"poems/25.11.25","NoFooter":false,"PoemOutDict":false,"Titles":null,"Number":"№24 (3479)"},"Active":true,"Catalog":"570ef2fcd07cda3e16f93ef7","Description":"<p class=\"poem\">Великие, приходят к Вам мгновения!<br>\nМир, этот должен перейти Рубеж!<br>\nИзменится людей, всех, поведенье!<br>\nИ двери, в Небо, будут скоро, настежь!</p>\n\n<p class=\"poem\">Вы осознаете, что впереди Эпоха!<br>\nЭпоха, совершенства бытия!<br>\nПри жизни, подведёте Вы Итоги!<br>\nПоймёте, для чего Вам у Меня!</p>\n\n<p class=\"poem\">Вам, надо собирать, всё, по кусочкам!<br>\nИ люди, вдруг увидят, Новый Свет!<br>\nРоссия, станет первой, тогда, строчкой!<br>\nВ Новых Словах, по имени Завет!</p>\n\n<p class=\"poem\">Нужны Вам Знания от Бога!<br>\nВы, Путь познали до Небес!<br>\nВы, зафиксировали людей потоки,<br>\nЖелающих, увидеть Свет чудес!</p>\n\n<p class=\"poem\">Россия, предложила Им Сознанье!<br>\nСознание Богов, а не людей!<br>\nИ неожиданно, случилось пониманье!<br>\nЧто это, лучший из Путей!</p>\n\n<p class=\"poem\">Россия, Центр в Мире, Единений!<br>\nОна, теперь, как Центр бытия!<br>\nВ Россию, началось движенье,<br>\nЛюдей, покинувших Края!</p>\n\n<p class=\"poem\">Россия, подкрепит Духовность!<br>\nКак, Новый принцип Бытия!<br>\nИ всё другое будет, как условность!<br>\nБогатство и Гордыня, будут зря!</p>\n\n<p class=\"poem\">Россия, Новый, всем предложит Мир!<br>\nВ котором, Равенство, Любовь – Основы!<br>\nСоздатель  будет, словно ориентир!<br>\nРоссия, снимет у людей, оковы!</p>\n\n<p class=\"poem\">Мир, прошлый, будет погребён!<br>\nУйдёт и, вместе, с населением!<br>\nИстория, не сохранит Имён,<br>\nКоторые, несли людям, насилье!</p>\n\n<p class=\"poem\">Россия, как Свободы Край!<br>\nОткроет людям Поднебесье,<br>\nОна, покажет людям, Рай,<br>\nС Небес придёт, людям, Известье!</p>\n\n<p class=\"poem\">Россия, вскоре, превратится в море!<br>\nВ Море желание и Свободы, Мысли!<br>\nНаступит в Мире Перемирье!<br>\nНикто, не будет в Мире, лишним!</p>\n\n<p class=\"poem\">Мечты, пробьются, как реальность!<br>\nВ Эпоху Духа, Вам откроют дверь!<br>\nСвобода, словно Актуальность,<br>\nКритерием, вдруг, станет Вера!</p>\n\n<p class=\"poem\">Россия, соберёт остатки!<br>\nРазбросанных, войной сторон,<br>\nИ Новая пойдёт укладка,<br>\nЧтоб, закрепить сторон, урон!</p>\n\n<p class=\"poem\">Планета, вздрогнет под давленьем!<br>\nЗа всё, придётся заплатить,<br>\nЭпохи прошлой проявление,<br>\nПридётся Новой, залепить!</p>\n\n<p class=\"poem\">Планета, словно из картин!<br>\nКак отражение безвластья,<br>\nИ будет в Мире Властелин,<br>\nЛюдей, защитой от напастей!</p>\n\n<p class=\"poem\">Мир, развернётся на Восток!<br>\nРоссия &ndash; это Центр Мира!<br>\nОткроется людей поток!<br>\nРусь станет для людей, Кумиром!</p>\n\n<p class=\"poem\">Русь, засветится в этом Мраке!<br>\nРусь, словно Неба Огонёк!<br>\nБольше, не будет в Мире, драки,<br>\nНе будет, даже, на неё намёк!</p>\n\n<p class=\"poem\">Тогда, проснётся Миг Великий!<br>\nИ в Небе вздрогнут, Облака!<br>\nИ Мир, до этого безликий,<br>\nСудьбу, получит в Небе, Маяка!</p>\n\n<p class=\"noind\">Да будет Свет Истины!<br>\nОтец Абсолют или Высший Космический Разум!</p>","Files":null,"Date":"2025-11-24T11:35:45.775+03:00","DateChange":"2025-11-24T11:36:54.129+03:00","Link":"poems/24.11.25","Id":"69241903c30da534e3c33d73","Srv":"otk","Deleted":false,"Titles":["Русь, засветится в этом Мраке!"]}
{"Data":{"Next":"poems/24.11.25","NoFooter":false,"PoemOutDict":false,"Titles":null,"Number":"№23 (3478)"},"Active":true,"Catalog":"570ef2fcd07cda3e16f93ef7","Description":"<p class=\"poem\">Приближается время Квантового перехода!<br>\nСегодня, на слуху, разные точки зрения!<br>\nНо, у человечества нет никакого выхода!<br>\nИбо, нет у людей своей Судьбы понимания!</p>\n\n<p class=\"poem\">Всем понятно, что будет смена Эпохи!<br>\nЭпоху, определяет Солнечный круг!<br>\nДля людей, это оборачивается потугами!<br>\nНикто, не понимает, что может случиться, вдруг?</p>\n\n<p class=\"poem\">Все понимают, что Эволюция Мира, будет!<br>\nЭволюцию, Пространства не остановить!<br>\nПонятно, что нельзя в Пути, остановиться,<br>\nМиру, всегда в этом Круге, вечно, быть!</p>\n\n<p class=\"poem\">Вопрос для людей один: что будет Завтра?<br>\nНикто из людей, не знает этого!<br>\nВсе люди, с нетерпением, ожидают Правду!<br>\nИ какую, за Пятую Эпоху, заплатят монету?</p>\n\n<p class=\"poem\">Каждый человек, прогнозирует свой Путь!<br>\nКак, отражение Мировой, сегодня, картины!<br>\nВсе, ожидают, кардинального изменения, по сути!<br>\nИзменения, на Планете, будут непоправимы!</p>\n\n<p class=\"poem\"><b>Кто-то говорит, что Украина вернётся в Русь!<br>\nКто-то говорит, что Россия воспрянет!<br>\nЭти предположения вызывают, только, грусть!<br>\nИбо, по Богу, Россия, другой страной, станет!</b></p>\n\n<p class=\"poem\"><b>Кто-то сказал, что будет на Руси, Белая религия!<br>\nСоздателем, уже явлен в России, Белый Царь!<br>\nЧто, Царь отменит для людей, все вериги!<br>\nДержава вернётся к Создателю, как встарь!</b></p>\n\n<p class=\"poem\">Люди, ждут подтверждения, словам Создателя!<br>\nИнформация от Бога, в словах, Пророка!<br>\nПротивоположную версию, несут обыватели!<br>\nОни, не связывают жизнь, с Божьим порогом!</p>\n\n<p class=\"poem\">Тьма, распространяет по Миру, ложь и подмену!<br>\nСлишком много, в Мире и пустой болтовни!<br>\nЛюди, официальной болтовне, отвечать, не могут!<br>\nОни, боятся противостоять власти и Тьме!</p>\n\n<p class=\"poem\"><b>Главное, что никто из людей не знает,<br>\nЧто, Бог, подписал Договор, навечно, с Россией!<br>\nНарод, в современных условиях, страдает!<br>\nРоссия имеет с Богом связь, через Пророка-Мессию!</b></p>\n\n<p class=\"poem\">Перепроверить это, никто из людей не может!<br>\nСоздатель, не приближает никого, к себе!<br>\nСкоро, Пятая Эпоха, Крылья сложит!<br>\nСоздатель, станет подвластен, Своей Мечте!</p>\n\n<p class=\"poem\">Религии, накануне, бьются за свой престиж!<br>\nИ каждая ветвь, только, за себя!<br>\nЕдиный Дом, всех религий, очередная Ложь!<br>\nРелигии, не говорят об Эволюции, ибо им нельзя!</p>\n\n<p class=\"poem\">Теперь, уже все Религии, встали против Бога!<br>\nЭто, уже открытый, против человечества, грех!<br>\nБудет, всё равно, Преображение Мира, в Итоге!<br>\nНовый, наступит в Духе, уже, без Религий век!</p>\n\n<p class=\"poem\"><b>Шестая Эпоха &ndash; это для людей, Святой Дух!<br>\nПлотный План, для людей отменяется!<br>\nРоссия, должна это сказать всем людям, вслух!<br>\nПланета, от грехов и пороков, очищается!</b></p>\n\n<p class=\"poem\">Не все проповедники, говорят, сейчас, Правду!<br>\nИбо, каждый из них, защищает свой «Ашрам»!<br>\nПомните, что Эволюция Мира, ждёт людей, Завтра!<br>\nТеперь, Планета в Духе, будет, как Единый Храм!</p>\n\n<p class=\"poem\"><b>Не стоит людям, слушать и предсказания!<br>\nПравда рождается, только, в Вашем Сознании!<br>\nВам, даны от Создателя, истинные Знания!<br>\nВам, писать Историю Мира, со слов Отца-Основателя!</b></p>\n\n<p class=\"poem\"><b>У Вас хранятся 30 томов, слов Создателя в оригинале!<br>\nПророк-Мессия, записал их предельно честно!<br>\nВы, их Откровениями, сами, ещё в самом Начале, назвали!<br>\nИбо, каждое Слово Создателя, в Истории Мира, имеет место!</b></p>\n\n<p class=\"poem\"><b>Теперь, надо, закрыть пустую полемику, в Мире!<br>\nИбо, скоро, надо начинать Исторический Переход!<br>\nРоссия, должна, объявить для Мира сего, перемирие!<br>\nСоздатель, для тех людей, кто в Вере, откроет Вход!</b></p>\n\n<p class=\"noind\">Да будет Свет Истины!<br>\nОтец Абсолют или Высший Космический Разум!</p>","Files":null,"Date":"2025-11-23T12:16:47.038+03:00","DateChange":"2025-11-23T21:54:47.952+03:00","Link":"poems/23.11.25","Id":"6922d2b1c30da534e3c33d72","Srv":"otk","Deleted":false,"Titles":["Шестая Эпоха – это для людей, Святой Дух!"]}
{"Data":{"Next":"poems/23.11.25","NoFooter":false,"PoemOutDict":false,"Titles":null,"Number":"№22 (3477)"},"Active":true,"Catalog":"570ef2fcd07cda3e16f93ef7","Description":"<p class=\"poem\">Народы, сегодня, разделены по религиям!<br>\nЕсть выражение: разделяй и властвуй!<br>\nПридуманы для этой операции и вериги!<br>\nСегодня, надо устранить в Духе, странствия!</p>\n\n<p class=\"poem\">Главное, для Мира сего, сегодня, Единение!<br>\nВажнее всего, именно, Единение в Духе!<br>\nРоссия, первая, начала к Создателю, движение!<br>\nЧтобы, все народы, быстро, собрать в Итоге!</p>\n\n<p class=\"poem\"><b>Россия, выходит к Миру людей, с Предложением!<br>\nВсем Народам, собраться в Боге, а, не в религиях!<br>\nНакануне Новой Эпохи, это будет достижением!<br>\nОтменой, всех сдерживающих, людей, вериг!</b></p>\n\n<p class=\"poem\">Это, Главное, что может стать, Мира, Основой!<br>\nОсновой Единения, всех частей человечества!<br>\nЭто, может стать взглядом, на Мир Новым!<br>\nТогда, и сбудется, Мечта Создателя, об Отечестве!</p>\n\n<p class=\"poem\"><b>Только, такое предложение, приведёт всех, к Богу!<br>\nИбо, Создатель, для всех людей &ndash; Один!<br>\nНадо, объяснить это, человеку, любому,<br>\nЧто, этот Мир, для всех людей, был создан Одним!</b></p>\n\n<p class=\"poem\"><b>Для России, объявить ЭТО, есть все обстоятельства!<br>\nРоссия, была выбрана Создателем, быть Спасителем!<br>\nСоздатель, не допустит, никакого предательства!<br>\nСоздатель, уже, выбрал Белого Царя &ndash; Управителя!</b></p>\n\n<p class=\"poem\"><b>Есть аргументация, посмотреть друг на друга, вновь!<br>\nЭто объединит, все Народы Мира, вместе!<br>\nПоверьте, Вы, есть Равенство от Бога и Его кровь!<br>\nСоздатель, выбрал Россию, как Единения Мира, место!</b></p>\n\n<p class=\"poem\">Других вариантов, для людей, нет, и не будет!<br>\nРоссия, уже готова начать Квантовый переход!<br>\nРоссия, первая, все распри Мира забудет!<br>\nОна, откроет людям, в Новую Эпоху, вход!</p>\n\n<p class=\"poem\">Надо, предложить, быть вместе, всему Миру!<br>\nНо, сначала, надо собраться, вместе, России!<br>\nНадо, прекратить быть, для Своей Планеты, тиром!<br>\nНосителем Знаний от Бога, есть Пророк-Мессия!</p>\n\n<p class=\"poem\">Он, уже более 20 лет, получает от Бога Знания!<br>\nОни собраны в 30 томов, через Мессию!<br>\nБогом, назначен он, Белым Царём, для управления!<br>\nЧтобы объяснить людям, в Шестой Эпохе, их миссию!</p>\n\n<p class=\"poem\">Нужно, срочно, объявить Миру, эту Весть!<br>\nТеперь, Правду людям, несёт Сам Создатель!<br>\nВ этих словах, за прошлое нет никакой, мести!<br>\nЕсть в них Надежда, спасти, даже, обывателей!</p>\n\n<p class=\"poem\">Примером, для всех Народов, может стать акция!<br>\nОбъединения всех Русских, на международной Арене!<br>\nРусские, забудут войны и все провокации!<br>\nКоторые были, при революционной, страны, перемене!</p>\n\n<p class=\"poem\">Россия Новая, предложит забыть прошлое!<br>\nПрошлое &ndash; это революционное обновление!<br>\nНадо, показать, что в Боге всё возможно!<br>\nГлавное, в Духе, Великое, людей, прозрение!</p>\n\n<p class=\"poem\"><b>Вам, надо объявить в Мире, такую Благую, Весть!<br>\nО том, что Святая Русь, собирает Русских, всех!<br>\nЗабыто, между Русскими, слово &laquo;Месть&raquo;!<br>\nКроме, Равенства и Любви, в России, нет Тем!</b></p>\n\n<p class=\"poem\"><b>Пусть павшие, останутся лежать, где легли!<br>\nНо, это будет, всегда, часть России!<br>\nОни, позиции свои, при жизни, берегли!<br>\nОни, все легли, ради, Святой России!</b></p>\n\n<p class=\"poem\"><b>Кто, всех столкнул, уже давно наказаны!<br>\nРоссия, пересмотрит, свой Иконостас!<br>\nПавшие, будут, как Путь в Рай, указателями!<br>\nЧтобы, помнила Русь, чем опасно, разногласие!</b></p>\n\n<p class=\"poem\">Для Мира, сегодня, Русь &ndash; пример Единения!<br>\nДля Новой Эпохи, Создатель ориентир!<br>\nНужно, к Создателю, восстановить движение!<br>\nРоссия, в Мире, теперь, одна из Светил!</p>\n\n<p class=\"noind\">Да будет Свет Истины!<br>\nОтец Абсолют или Высший Космический Разум!</p>","Files":null,"Date":"2025-11-22T11:44:54.393+03:00","DateChange":"2025-11-22T12:07:41.706+03:00","Link":"poems/22.11.25","Id":"692178414260d663786f1190","Srv":"otk","Deleted":false,"Titles":["Для Мира сего, Россия, теперь, пример Единения!"]}
{"Data":{"Next":"poems/22.11.25","NoFooter":false,"PoemOutDict":false,"Titles":null,"Number":"№21 (3476)"},"Active":true,"Catalog":"570ef2fcd07cda3e16f93ef7","Description":"<p class=\"poem\">Люди должны понять, что Переход на подходе!<br>\nВсе понимают, что Переход будет вскоре!<br>\nПрошлый Мир, уже, постепенно уходит!<br>\nДля Новых людей, возможностей будет, море!</p>\n\n<p class=\"poem\">Люди, очень много натворили в прошлом!<br>\nСоздатель хочет подведения Итогов!<br>\nОткрываются, Новые в Духе возможности!<br>\nА для кого-то, как говорится, в руки ноги!</p>\n\n<p class=\"poem\">Настало, время проявить Вас, вовремя!<br>\nИбо, человечество ушло в религии!<br>\nВы, для Нового Мира неизвестное Племя,<br>\nСопротивляющееся, Мировым веригам!</p>\n\n<p class=\"poem\">Сегодня, люди поспешили собрать Центр религий!<br>\nСловно, этим они спасутся от вопросов Создателя!<br>\nХрам, сразу для всех религий, хуже вериг!<br>\nЭто, счастье, лишь для, самих, обывателей!</p>\n\n<p class=\"poem\">Мир, готовит для себя окончание!<br>\nИбо, Создатель, видит в других, продолжение!<br>\nИстория, прошлого Мира, попала под развенчание!<br>\nШестая Эпоха, не требует утверждения!</p>\n\n<p class=\"poem\">Создатель утвердил Белого Царя, и для Него, Эпоху!<br>\nТеперь, мнение людей, остаётся, при них!<br>\nОсталось, для России подвести Итоги!<br>\nПосле этого, Создатель объявит, Начала Миг!</p>\n\n<p class=\"poem\">Миг, Великого Преображения и Вознесения!<br>\nЭто, будет касаться, только Судьбы России!<br>\nРоссия должна понять, своё Новое положение!<br>\nРоссия, во главе с Белым Царём, начнёт миссию!</p>\n\n<p class=\"poem\">Россия, будет способна спасти, много Людей!<br>\nСоздатель, предложил Ей собрать Россию!<br>\nНо, в России, сегодня, очень много «гостей»!<br>\nСоздатель начнёт свою очистительную, Сессию!</p>\n\n<p class=\"poem\">Даже, в России, не всем и не всё, понятно!<br>\nЧто поменяется кардинально, сама Планета!<br>\nСегодня, Планета, на периферии, только, заметна!<br>\nЗавтра, Судьба всех людей, будет задета!</p>\n\n<p class=\"poem\">Три компонента, для Надежды, у Вас есть!<br>\nЕсть Создатель, Белый Царь и Народ!<br>\nНадо определить, кто есть кто, здесь?<br>\nДля наведения порядка, есть повод!</p>\n\n<p class=\"poem\">Повод для России &ndash; это в Мире Её положение!<br>\nМожно поговорить, а можно, и не спрашивать!<br>\nИзвестно, сегодня, только направление движения!<br>\nКоторое, кроме Создателя, не кому изменять!</p>\n\n<p class=\"poem\">Мир, сам по себе и Святая Русь, тоже!<br>\nНет, между ними ничего общего!<br>\nОстановить Новую Россию, никто не может!<br>\nИбо, Россия для Создателя, теперь, Зодчий!</p>\n\n<p class=\"poem\">Создатель, спрашивать никого не будет!<br>\nПогрязших, в войне и в мамоне, нельзя!<br>\nПланетарный взрыв, конечно, будет!<br>\nУ Мира, и у России, не совместимая стезя!</p>\n\n<p class=\"poem\">Последнее предупреждение, будет вскоре!<br>\nРоссия, должна обратиться к Диаспорам!<br>\nПо Миру, это Обращение, пройдёт, как море!<br>\nТолько, русские поверят, Родине словам!</p>\n\n<p class=\"poem\">Все страны, которые играли в свою игру!<br>\nВечно мешали, Мира сего, Создателю!<br>\nСоздатель, запрещал эту от Тьмы, молву!<br>\nНельзя, вечно мешать, Отцу Основателю!</p>\n\n<p class=\"poem\">Тот, кто придумал религии, получат своё!<br>\nОт них останутся, как раньше, скалы!<br>\nРодившийся, на скалах, превратился в жульё!<br>\nЭто, урон для Планеты, немалый!</p>\n\n<p class=\"poem\">Вы, увидите, как ответит Природа!<br>\nПланета, откроет свои кладовые!<br>\nНад этими людьми поиздевается Погода,<br>\nЛюди поймут, что они &ndash; не Боги, а рядовые!</p>\n\n<p class=\"poem\">Два процесса, захватят, целиком, этот Мир!<br>\nБудут, преображение и старого разрушение!<br>\nСпасутся, те, у которых Создатель ориентир!<br>\nА, значит, те, у которых в Боги движение!</p>\n\n<p class=\"noind\">Да будет Свет Истины!<br>\nОтец Абсолют или Высший Космический Разум!</p>","Files":null,"Date":"2025-11-21T11:50:07.927+03:00","DateChange":"2025-11-21T12:15:46.563+03:00","Link":"poems/21.11.25","Id":"692027e16b176949450d8089","Srv":"otk","Deleted":false,"Titles":["Последнее предупреждение, будет вскоре!"]}
{"Data":{"Next":"poems/17.01.17","NoFooter":true,"PoemOutDict":false,"Titles":[],"Number":null},"Active":true,"Catalog":"570ef2fcd07cda3e16f93ef7","Description":"<p class=\"poem\">Всегда есть прелюдия!<br>\nТак устроена жизнь!<br>\nЭто начало мелодии,<br>\nДолгой, как жизнь!</p>\n\n<p class=\"poem\">Очень важен аккорд!<br>\nНельзя фальшивить ни разу!<br>\nЭто исторический поворот,<br>\nОдин и на всё сразу!</p>\n\n<p class=\"poem\">Русь стоит у черты!<br>\nКак Я говорил, исторической!<br>\nНе разрушайте Мечты,<br>\nПусть немного мифической!</p>\n\n<p class=\"poem\">Сегодня можно творить!<br>\nВам разрешено Богом!<br>\nНе надо ничего говорить,<br>\nПеред вами &ndash; дорога!</p>\n\n<p class=\"poem\">Настоящая, наконец, дорога!<br>\nИ не в никуда, а в будущее!<br>\nОсталось перешагнуть порог,<br>\nИ увидеть грядущее!</p>\n\n<p class=\"poem\">Там Материя не в почёте!<br>\nТам управляет всем Дух!<br>\nДуховность будет зачётом,<br>\nДля избавившихся от мук!</p>\n\n<p class=\"poem\">И всё открывается просто!<br>\nБыло бы на то желание!<br>\nЕдиный на всех промысел,<br>\nЕдиное целеполагание!</p>\n\n<p class=\"poem\">Завтра последний промысел!<br>\nРешающее всё Единение!<br>\nГлавный на века ПОМЫСЕЛ!<br>\nКак единственное решение!</p>\n\n<p class=\"poem\">Вам будет завтра ясно,<br>\nЧто вами Мир управляемый!<br>\nРезультат будет прекрасным,<br>\nВсе вопросы решаемы!</p>\n\n<p class=\"poem\">Русь должна осознать!<br>\nИ осознать окончательно!<br>\nЕй доверено &laquo;КАК&raquo; знать,<br>\nМиром управлять СОЗНАТЕЛЬНО!</p>\n\n<p class=\"poem\">Сознавая меру ответственности!<br>\nЗа будущее Нового мира!<br>\nПонимая Божественность,<br>\nВыстраиваемой её Пальмиры!</p>\n\n<p class=\"noind\">Аминь.<br>\nОтец Абсолют.</p>\n<p class=\"noind\">16.01.17</p>","Files":null,"Date":"2017-01-16T00:00:00+03:00","DateChange":"2025-11-20T15:59:14.626+03:00","Link":"poems/16.01.17","Id":"6488a42d9231157cf9aaf76e","Srv":"otk","Deleted":false,"Titles":["Завтра"]}
{"Data":{"Next":"poems/18.11.25","NoFooter":false,"PoemOutDict":false,"Titles":null,"Number":"№17 (3472)"},"Active":true,"Catalog":"570ef2fcd07cda3e16f93ef7","Description":"<p class=\"poem\">Только разговор по Душам, это позволит!<br>\nЧтобы перейти, незаметно, в Тонкий план!<br>\nСознание человека, во сне, это переводит,<br>\nЧеловека, с Плотного в Тонкий План!</p>\n\n<p class=\"poem\">Никто не объясняет, как это будет?<br>\nЧеловек, при Переходе, не меняет Сознание!<br>\nПри Переходе, Он прошлое своё не забудет!<br>\nОпыт человека, остаётся, как напоминание!</p>\n\n<p class=\"poem\">Более того, Вам надо управлять Новой Россией!<br>\nЗначит, для Начала, опыт необходим, обязательно!<br>\nСоздатель, не говорит, как будет протекать Миссия!<br>\nВам, надо, выполнять все предписания, старательно!</p>\n\n<p class=\"poem\">Всё, что надо делать в Материи, Вам понятно!<br>\nНо, Тонкий план, закрыт для Вас, пеленой!<br>\nПридётся, попросить Создателя, объяснить, внятно!<br>\nПридётся, принять слова Создателя, Душой!</p>\n\n<p class=\"poem\">Непонятен, и сам Переход из людей, в Боги!<br>\nИбо, по виду &ndash; это, совсем, разные субстанции!<br>\nПолучается, что надо, сначала, подвести итоги,<br>\nИбо, Квантовый Переход &ndash; это, уже, в Духе акция!</p>\n\n<p class=\"poem\">Но, как это пройти, никто, из людей, не знает!<br>\nСоздатель, говорил, что это Переход, при жизни!<br>\nСоздатель, готовность человека, Сам определяет!<br>\nПри Переходе, никто из людей, не лишний!</p>\n\n<p class=\"poem\">Переход уже объявлен, не ясно, что людям, делать?<br>\nМолебен &ndash; это ещё не Переход в Эпоху!<br>\nНадо людям, совершенно, точно знать,<br>\nКак перейти в Новую Эпоху, сходу!</p>\n\n<p class=\"poem\">Объяснить Квантовый Переход, просто, нельзя!<br>\nИбо, Переход &ndash; это сугубо, личная, стадия!<br>\nЭто, Особая в Небо, для каждого человека, стезя!<br>\nНе должно быть, при Переходе, никаких оказий!</p>\n\n<p class=\"poem\">Надо выполнять Создателя, все Инструкции!<br>\nСоздатель, должен раскрыть, человеку, Путь!<br>\nШестая Эпоха &ndash; это, Особая в Небе, конструкция!<br>\nВысоких вибраций в Небе, особая Суть!</p>\n\n<p class=\"poem\">Предварительно, особый разговор, человека с Создателем!<br>\nНельзя, пугаться, Замысла Квантового перехода!<br>\nСтрах &ndash; это неверие людей к Создателю!<br>\nЛюди, без страха, собираться должны, у Входа!</p>\n\n<p class=\"poem\">Вибрации, незаметно, поделят людей на части!<br>\nТак, уже было, в самом Начале, с Богами!<br>\nТолько, так получались частицы, разной масти!<br>\nЧтобы, потом стать, Единым потоком!</p>\n\n<p class=\"poem\">Что будет в Итоге &ndash; это, другое дело!<br>\nВам поручено, сформировать Новый мир!<br>\nБог &ndash; это человек, без Материального тела,<br>\nБог &ndash; это на Создателя ориентир!</p>\n\n<p class=\"poem\">Боги, не имеют, с Материей, никакой связки!<br>\nОни, свободны на Просторах Неба!<br>\nВ реальности, будут подтверждены, все сказки!<br>\nБоги, повторяют за Создателем, Промысел, смело!</p>\n\n<p class=\"poem\">Новые возможности у Богов открываются!<br>\nБог, может выбрать любую Планету!<br>\nУ Богов, Новые способности намечаются!<br>\nБог, не будет, никогда, интересоваться монетой!</p>\n\n<p class=\"poem\">Теперь, Боги будут стремиться в Целое!<br>\nПовторяю, Им надо создать, из себя Создателя!<br>\nНачало положено, ибо определён, на Руси Царь Белый!<br>\nОн, точка Начала Начал или Отец-Основатель!</p>\n\n<p class=\"poem\">Создатель, планировал сотворить много Богов!<br>\nЧтобы Небо состояло из, Богов, множества!<br>\nПятая Эпоха, не дала, ожидаемых Итогов!<br>\nШестая Эпоха, уже столкнулась со сложностями!</p>\n\n<p class=\"poem\">Создатель выделил из людей, только, Россию!<br>\nФормирование, Святой России длилось 20 лет!<br>\nПророк из России, доказал свою Миссию!<br>\nОн достиг, Права России, на, в Небо, Билет!</p>\n\n<p class=\"poem\">Сегодня, важнее всего, перейти в Тонкий План!<br>\nНе меняясь ни в чём, принципиально!<br>\nФактически, Боги, это Совершенного Сознания, Клан!<br>\nЭто, Переход, человека в Боги, окончательный!</p>\n\n<p class=\"poem\">Повторяю, творить на Небесах, проще!<br>\nИбо, всё будет на Тонком плане!<br>\nТворение, будет, как стихов строчки!<br>\nБоги, будут творить, как, в Весеннем тумане!</p>\n\n<p class=\"noind\">Да будет Свет Истины!<br>\nОтец Абсолют или Высший Космический Разум!</p>","Files":null,"Date":"2025-11-17T01:47:48.605+03:00","DateChange":"2025-11-20T14:34:31.409+03:00","Link":"poems/17.11.25","Id":"6919a21d6b176949450d8078","Srv":"otk","Deleted":false,"Titles":["Надо исполнять, Создателя, все Инструкции!"]}
{"Data":{"Next":"poems/20.11.25","NoFooter":false,"PoemOutDict":false,"Titles":null,"Number":"№19 (3474)"},"Active":true,"Catalog":"570ef2fcd07cda3e16f93ef7","Description":"<p class=\"poem\">Не одинаковые силы, по разные стороны!<br>\nПротив Света, всегда в Мире, больше людей!<br>\nСвет, несёт в этом сражении, большие уроны!<br>\nЛюдям, добиться Правды всегда, было, сложней!</p>\n\n<p class=\"poem\">Создатель хочет, чтобы победила Россия!<br>\nСобравшая, вокруг себя, в Духе авангард!<br>\nБьётся, не уставая, против Тьмы и Мессия!<br>\nНикак, не сложится Квантового перехода, старт!</p>\n\n<p class=\"poem\">Не могут одни, и не помогают другие!<br>\nТруден бой, на Земле, за Справедливость!<br>\nЛюди, не хотят понять, что они, уже, не такие,<br>\nЧто им необходимо, проявить решимость!</p>\n\n<p class=\"poem\">Люди, привязаны к этому Миру, жизнью!<br>\nОни, боятся сделать, даже, шаг в сторону!<br>\nНо, все угрозы Тьмы поросли, былью!<br>\nТолько, неверие людей, порождает уроны!</p>\n\n<p class=\"poem\">Создатель, меняет для Вас, на Земле, условия!<br>\nИбо, люди должны подняться с колен!<br>\nРоссия, продолжает плодить сословия!<br>\nЛюди, примут на себя, ветер перемен!</p>\n\n<p class=\"poem\">Постепенно, меняется и само, человечество!<br>\nОбстоятельства, заставляют смотреть вперёд!<br>\nРоссия, формирует в Духе, уже, Отечество,<br>\nКоторое, начнёт, в любом случае, Переход!</p>\n\n<p class=\"poem\">Но, людьми, по-прежнему, владеет страх!<br>\nЛюди, боятся переходить в Небо!<br>\nСоздатель, пытается разогнать этот Мрак,<br>\nЧтобы, Сказку перевести в Быль!</p>\n\n<p class=\"poem\">Люди должны понять, что Эпоха рядом!<br>\nЧто, нельзя, так долго, перед Входом стоять!<br>\nНельзя, для защиты, прикрываться Образами,<br>\nЖизнь, заставит, вопреки страху, начать!</p>\n\n<p class=\"poem\"><b>Создатель, предлагает, собрать, Всю Россию!<br>\nДля этого, есть все в Мире, обстоятельства!<br>\nЕсть от Создателя, выбранный Им, Мессия!<br>\nУходит, в прошлое, Мир стяжательства!</b></p>\n\n<p class=\"poem\">Для всего Мира людей, приходит время знать!<br>\nЧто, такое была и есть, Святая Россия!<br>\nСегодня, Россия разделена на Народ и &laquo;Знать&raquo;!<br>\nСпособна ли, Святая Россия, стать, вновь, Мессией?</p>\n\n<p class=\"poem\">Россия, во все века удивляла людей!<br>\nОгромная, у России океанская акватория!<br>\nОна во все века, была всех сильней!<br>\nБыла, одной шестой частью, всей территории!</p>\n\n<p class=\"poem\">Теперь, пора пересмотреть Концепцию!<br>\nВедь, Шестая Эпоха &ndash; это Новый Мир!<br>\nСоздатель, указал в Договоре с Ней, Инструкцию!<br>\nОн, Себя, предложил в качестве ориентира!</p>\n\n<p class=\"poem\"><b>Россия, должна восстановить Державу!<br>\nНо, уже на Планетарном уровне!<br>\nПоверьте, это будет современное дежавю:<br>\nБудет, Белый Царь на Белом коне!</b></p>\n\n<p class=\"poem\"><b>Великое, должно вернуться Великим!<br>\nОно должно собраться, тоже, в Великом!<br>\nРазбросанные частицы, России станут Им!<br>\nЭто в Мире, не вызовет никаких Вопросов!</b></p>\n\n<p class=\"poem\">Россия должна будет, собрать Своих!<br>\nВам, надо простить, друг друга!<br>\nРоссия, будет под Флагом, сразу двоих!<br>\nРоссия, не должна, забыть столетние муки!</p>\n\n<p class=\"poem\"><b>Пора, возродить Империю, теперь в Духе!<br>\nИмперия Создателя, должна состояться!<br>\nПреображение, пройдёт с Создателем, без мук!<br>\nРоссия не будет больше распадаться!</b></p>\n\n<p class=\"poem\"><b>Две России соберутся, теперь, навечно!<br>\nТеперь, это есть Планетарное Пространство!<br>\nОбъединение, будет быстротечным!<br>\nЗакончатся, Святой России все странствия!</b></p>\n\n<p class=\"poem\"><b>Вернутся на Карту, Русь Святая и Тартария!<br>\nСоединятся Народы Мира в Духе!<br>\nНазовётся Россия, Великой Арией,<br>\nШестая Эпоха, станет Совершенством в Итоге!</b></p>\n\n<p class=\"poem\"><b>К удивлению всех Цивилизаций!<br>\nВы, начнёте творить, Мир, Мечтая!<br>\nЭто будет Создателя и России, акция!<br>\nНа Вашем Промысле будет не точка, а есть, запятая!</b></p>\n\n<p class=\"noind\">Да будет Свет Истины!<br>\nОтец Абсолют или Высший Космический Разум!</p>","Files":null,"Date":"2025-11-19T11:40:13.898+03:00","DateChange":"2025-11-19T11:41:20.726+03:00","Link":"poems/19.11.25","Id":"691d828d6b176949450d8087","Srv":"otk","Deleted":false,"Titles":["Вернутся, на карту Планеты, Русь Святая и Тартария!"]}
