{"Id":"62195b9e5d5a11c6eb22ae89","Deleted":false,"Active":false,"DateChange":"2025-02-17T12:10:02.497+03:00"}
{"Data":{"Next":null,"NoFooter":false,"PoemOutDict":false,"Titles":null,"Number":"№16 (3197)"},"Active":true,"Catalog":"570ef2fcd07cda3e16f93ef7","Description":"<p class=\"poem\">В этом Мире, есть Великая Пирамида жизни!<br>\r\nКаждый человек проходит, свой Путь, сам!<br>\r\nНикто, в этой Пирамиде, не бывает лишним!<br>\r\nДо какого уровня подняться, Бог разрешает Вам!</p>\r\n\r\n<p class=\"poem\">Жизнь людей началась, от Начала Начал!<br>\r\nВаша жизнь &ndash; это череда проявлений!<br>\r\nКаждая, взятая Вами, высота, есть Причал!<br>\r\nВаша жизнь &ndash; это вечное к Вершине, стремление!</p>\r\n\r\n<p class=\"poem\">Есть жизнь, каждого человека в отдельности!<br>\r\nНо, есть и общее движение людей, по Родству!<br>\r\nПирамида от Основания, есть жизни, мерность!<br>\r\nЭто Путь, от Начала, и к собственному Концу!</p>\r\n\r\n<p class=\"poem\">Только, Конец &ndash; это не Конец, а, Вершина!<br>\r\nВершина Совершенства Начала Начал!<br>\r\nРоссия, в этом отношении, весь Мир опередила!<br>\r\nРоссия, по Воле Бога, для Мира сего, уже есть Причал!</p>\r\n\r\n<p class=\"poem\">Пирамиду в Духе, люди не могут построить!<br>\r\nЛюди пытались, построить Её в Материи!<br>\r\nПирамида &ndash; это энергетическая в Духе, нить!<br>\r\nЭнергия, не позволяет случиться, потерям!</p>\r\n\r\n<p class=\"poem\">Люди на всех уровнях Пирамиды &ndash; это Энергия!<br>\r\nИсточник Энергии &ndash; это, прежде всего, Создатель!<br>\r\nНа каждом уровне Пирамиды, есть перелив Энергии!<br>\r\nПоэтому, человек на своём уровне, ещё и наблюдатель!</p>\r\n\r\n<p class=\"poem\">Люди, переплетаются на всех, Пирамиды, уровнях!<br>\r\nЭнергия передаётся от человека к человеку!<br>\r\nВы, передачу этой энергии, наблюдаете во снах!<br>\r\nЧеловек, является проводником Энергии, в любом веке!</p>\r\n\r\n<p class=\"poem\">Тело человека &ndash; это, просто, каркас из Материи!<br>\r\nНа уровне высоких вибраций, нет, никакого каркаса!<br>\r\nПоэтому, на низких уровнях Пирамиды, есть потери!<br>\r\nБестелесный человек, около Вершины, есть подобие Спаса!</p>\r\n\r\n<p class=\"poem\">Люди не понимают, что смерть &ndash; это не смерть!<br>\r\nЭто, необходимый переход, на другой уровень!<br>\r\nНельзя, в человеческую глупость, верить!<br>\r\nВ Материи бывает Ночь, в Тонком плане, лишь День!</p>\r\n\r\n<p class=\"poem\">Сегодня, в Мире, не война, а, сражение, за Переход!<br>\r\nОткрывается Новая Эпоха, для большинства!<br>\r\nКаждый человек, должен сделать, свой правильный ход!<br>\r\nЧтобы, подняться на более высокий уровень, совершенства!</p>\r\n\r\n<p class=\"poem\">Россия начинает такой Переход, Первой!<br>\r\nТьма Мировая, выстраивает для России, помехи!<br>\r\nВласть, перед Богом, отвечает за это головой!<br>\r\nТьма, обещает пропустить власть, за эти грехи!</p>\r\n\r\n<p class=\"poem\">Создатель, 20 лет назад прислал Пророка!<br>\r\nБог, начал через Пророка передавать Знания!<br>\r\nБог, хочет остановить власти влияние, у Порога!<br>\r\nБог, хочет открыть в людях, Его Идеи, понимание!</p>\r\n\r\n<p class=\"poem\">Сражение, идёт, сегодня, за каждого человека!<br>\r\nПогибель людей на войне &ndash; это Победа Тьмы!<br>\r\nНастоящее сражение, ещё, ждёт людей, в этом веке!<br>\r\nВласть, не напрасно, поднимает уровень кутерьмы!</p>\r\n\r\n<p class=\"poem\">Выборы властей, Тьмой, идут, сегодня, везде!<br>\r\nТьма, выбирает тех, кто получил награду!<br>\r\nЛюди, сегодня, служат пятиконечной Звезде!<br>\r\nОжидается двух Звёзд, США и России, парад!</p>\r\n\r\n<p class=\"poem\">Перемешаны для людей, все прошлые, представления!<br>\r\nПентакль &ndash; это, Главная Звезда, Люцифера!<br>\r\nПророк или Мессия &ndash; это Создателя проявление!<br>\r\nШестая Эпоха &ndash; это Равенства и Любви &ndash; Сфера!</p>\r\n\r\n<p class=\"poem\">Уже идёт сражение между, Плюсом и Минусом!<br>\r\nУ каждой стороны есть, только, свой интерес!<br>\r\nНо, Шестая Эпоха, будет, конечно, с Плюсом!<br>\r\nШестая Эпоха &ndash; это в Духе, для людей, прогресс!</p>\r\n\r\n<p class=\"poem\">Власти, распределились, между двумя Полюсами!<br>\r\nПока, представителей Плюса на Планете меньше!<br>\r\nЛюди не могут решить свою Судьбу, сами!<br>\r\nВ Школу Творца откроется приём, уже, внешний!</p>\r\n\r\n<p class=\"poem\">Кто за Завтра, должен помочь Пророку или Мессии!<br>\r\nНачалось людей, Историческое Единение!<br>\r\nРоссия и США объединятся, ради такой Миссии!<br>\r\nВ Школе Творца ожидается, уже, Новое пополнение!</p>\r\n\r\n<p class=\"noind\">Да будет Свет Истины!<br>\r\nОтец Абсолют или Высший Космический Разум!</p>\r\n","Files":null,"Date":"2025-02-16T12:10:39.656+03:00","DateChange":"2025-02-16T12:11:13.455+03:00","Link":"poems/16.02.25","Id":"67b1abb1514f6ef862e6f17c","Srv":"otk","Deleted":false,"Titles":["Сегодня, в Мире, не война, а, сражение, за Переход!"]}
{"Data":{"Next":"poems/16.02.25","NoFooter":false,"PoemOutDict":false,"Titles":null,"Number":"№15 (3196)"},"Active":true,"Catalog":"570ef2fcd07cda3e16f93ef7","Description":"<p class=\"poem\">Обстоятельства, в Мире, накаляются с каждым днём!<br />Каждый политик, видит Мир, только, на своём уровне!<br />Власти, тоже, настаивают, каждый, на своём!<br />Никто не понимает, что Мир, может оказаться в огне!</p>\n<p class=\"poem\">В каждой стране, на своём уровне, продолжается сражение!<br />Европа сражается с азиатским нашествием!<br />Тьма, активизировала, на Европу наступление!<br />Сегодня, в Европе началось, Мира разрушение!</p>\n<p class=\"poem\">Война Славян, тоже, обернулась для НАТО трагедией:<br />Помощь Украине и внутренняя война с Мусульманами!<br />Это, для НАТО, большие экономические потери,<br />Финансовые потери, тоже, оказались не малыми!</p>\n<p class=\"poem\">Трамп объявил, свободной Америки, иную политику!<br />Заигрывание с Россией ничего, хорошего, Ему не даёт!<br />На войне, никто и никогда, не соблюдал Этику!<br />Люди хотят Мира, но никто, кроме, Бога, к этому не подведёт!</p>\n<p class=\"poem\">Для Трампа, появилась возможность, принять Бога!<br />Религии никогда не помогали Америке!<br />Если Трамп услышит Мессию, будет США от Бога подмога!<br />Пока, все мировые политики, от Трампа в истерике!</p>\n<p class=\"poem\">Много разговоров, но нет реального к Миру, движения!<br />За один Миг, вмешательства, не получится ничего!<br />Проявление, в Мире Мессии &ndash; это Историческое явление!<br />Трампу, надо подумать, что получится, из этого всего?</p>\n<p class=\"poem\">Нужна комбинация в Шахматах, на несколько ходов, вперёд!<br />Из России, сегодня, шахматист плохой!<br />Надо обратить внимание, на Создателя, последний Ход!<br />Лучше подумать над этим ходом, своей головой!</p>\n<p class=\"poem\">Политика России, не имеет никаких, объяснений!<br />Украина, сегодня, давно не игрок!<br />У Трампа есть, хороший шанс с Россией Единения,<br />Подходит, для США и России, Исторический, для этого, срок!</p>\n<p class=\"poem\">Им надо проявить Мудрость и посмотреть, вперёд!<br />НАТО запуталось в своих распоряжениях!<br />Инициативу, сегодня перехватил от Неба Род!<br />Прошло время, пустых рассуждений!</p>\n<p class=\"poem\">Сегодня, инициатива, в руках Мессии от Бога!<br />Небу необходим переход, людей в Боги!<br />Этот Год, Небесами рассматривается в качестве, Итога!<br />Россия, во главе с Мессией, готова, уже, подвести Итоги!</p>\n<p class=\"poem\">Создатель открыл, подготовленный Им Спектакль!<br />Он, уже, распределил для Исполнителей, роли!<br />Израиль остаётся со своим Пентаклем!<br />Но, это оказалась, проигранная им, навсегда, роль!</p>\n<p class=\"poem\">Для Новой Эпохи, Создатель подбирает Команду!<br />Команду из тех, кто прошёл Школу Творца!<br />Команду, которая не позволит людям, пойти ко дну!<br />Которая, по себе, знает, что такое страна, идущая юзом!</p>\n<p class=\"poem\">Повторяю, команда проходит Школу Творца!<br />В Душе у неё, осталась практика жизни Союза!<br />Люди знают трагедию страны в лицах!<br />При воспоминании о Союзе, на их глазах слёзы!</p>\n<p class=\"poem\">Эту Память, Команда хранит в Душе!<br />Это то, что не позволит, России упасть!<br />Россия, теперь добровольно Создателю, служит!<br />Россия, точно знает, как надо слово держать!</p>\n<p class=\"poem\">Трудно в Школе Творца, идут занятия!<br />Власть старается остановить Сознание человека!<br />Но, нельзя в Великой стране, жить по понятиям!<br />Создатель, откроет для людей, Равенство века!</p>\n<p class=\"poem\">Не будет насилия, а, будет Воля Создателя!<br />Сознание людей поднимется до уровня Бога!<br />Россия очистится от обывателей и предателей!<br />Россия, вернётся к Началу начал, в Итоге!</p>\n<p class=\"poem\">Трудные времена ждут Америку!<br />Ей, помощь, как всегда, окажет Россия!<br />Трампу нужна поддержка, а не истерика!<br />Всемирный Собор соберут Ватикан и Мессия!</p>\n<p class=\"poem\"><strong>Планы все свёрстаны у Суверена!<br />Основные роли уже, давно, распределены!<br />Уже украшена цветами, Небесная Сцена!<br />Все дни, до Начала Начал, уже сочтены!</strong></p>\n<p class=\"noind\">Да будет Свет Истины!<br />Отец Абсолют или Высший Космический Разум!</p>","Files":null,"Date":"2025-02-15T12:28:46.051+03:00","DateChange":"2025-02-16T09:03:26.042+03:00","Link":"poems/15.02.25","Id":"67b05e7e0c5bf5cc97fe6d87","Srv":"otk","Deleted":false,"Titles":["Все Планы свёрстаны у Суверена!"]}
{"Data":{"Next":"poems/15.02.25","NoFooter":false,"PoemOutDict":false,"Titles":null,"Number":"№14 (3195)"},"Active":true,"Catalog":"570ef2fcd07cda3e16f93ef7","Description":"<p class=\"poem\"><b>Россию, в этом соревновании двух Миров, поддержал Бог!<br>\nНамечающееся перемирие, есть Главная в Мире Надежда!<br>\nСкоро, Россия с Америкой, предварительный, подведут Итог!<br>\nДух вражды на Планете будет ими, повержен!</b></p>\n\n<p class=\"poem\">Сценарий этого, был согласован Создателем с Россией!<br>\nРоссия, подкрепила Клятвой, это Соглашение!<br>\nСвою позицию, по этому вопросу, подтвердил и Мессия!<br>\nПредполагается в этом году, начать к Богу движение!</p>\n\n<p class=\"poem\"><b>Главное, что условия перемирия, определены на Небе!<br>\nРуководители, США и России, услышали Небес наставление!<br>\nТеперь перезагрузка на Планете станет Былью!<br>\nДва Лидера, по заданию Неба, правильное, примут решение!</b></p>\n\n<p class=\"poem\">Важно, для людей, что всё решено на Небе!<br>\nТеперь, Россия для Неба, будет играть Главную Роль!<br>\nБудет, постепенно выстраиваться, Нового Мира Быль,<br>\nЕсть Надежда, что две Державы договорятся и в этом соль!</p>\n\n<p class=\"poem\"><b>Сегодня, намечается общее направление, по существу!<br>\nРоссия и США &ndash; это два, противоположных Полюса!<br>\nНикто не помешает, этим двум странам по существу!<br>\nНа Небе загорелась, в Духе соревнования, Звезда!</b></p>\n\n<p class=\"poem\">Общий сценарий пока знает, только от Бога, Мессия!<br>\nИбо, Сценарий Создателя &ndash; это Его Миссия!<br>\nДавно, ещё в Древние времена, была решена Роль России!<br>\nКак, Спасителя Мира сего, в трудное время, миссия!</p>\n\n<p class=\"poem\"><b>На Сознание людей, начал, активно влиять, Создатель!<br>\nРоссия дала Ему Клятву, выполнить Сценарий Преображения!<br>\nСуверен или Высший Разум обладает Правом управления!<br>\nОпределил, для людей, сроки в Духе, перевоплощения!</b></p>\n\n<p class=\"poem\"><b>Главная задача, этого периода, пройти без проблем, Первый Этап!<br>\nПервый Этап &ndash; это Начало изменения людей Сознания!<br>\nДля выпускников Школы Творца, уже подготовлен Штамп!<br>\nУ Первых выпускников откроется, Богом себя, осознание!</b></p>\n\n<p class=\"poem\"><b>Ватикан, поможет, зарегистрировать, эту Высшую Школу!<br>\nНикто не снимает ответственности и с религий!<br>\nВсё будет зарегистрировано по Высшему протоколу!<br>\nБольше, не будет для Сознания человека, никаких вериг!</b></p>\n\n<p class=\"poem\">Сегодня, проведены Первые переговоры, Бог обозначил Цель!<br>\nСоздатель, дал месяц на подготовку условий!<br>\nНа этих переговорах, никто не должен сесть на мель!<br>\nВо время переговоров, не должно быть, никаких, сословий!</p>\n\n<p class=\"poem\"><b>Переговоры должны пройти в тишине, без прессы!<br>\nИбо, пресса &ndash; это, чаще всего, сторонники Тьмы!<br>\nПереговоры &ndash; это Тонкого плана для Завтра весы!<br>\nВ тишине, не бывает никакой кутерьмы!</b></p>\n\n<p class=\"poem\"><b>Нельзя допускать дискуссии людей и Создателя!<br>\nОт Создателя, за столом переговоров, будет Мессия!<br>\nОт Мировых религий будет, от Ватикана, Настоятель!<br>\nБудет проведена, закрытая от людей и прессы, Сессия!</b></p>\n\n<p class=\"poem\"><b>Будет объявлена, Воля Бога, только, в Конце!<br>\nГарантами выполнения Воли Бога, будут США и Россия!<br>\nТрампу будет поручено, возвести Пирамиду Духа, как Венец,<br>\nСогласительной, на тысячелетия, Сессии!</b></p>\n\n<p class=\"poem\"><b>Все Мировые религии войдут, через три двери!<br>\nВыход, из Пирамиды Духа, для всех будет Один!<br>\nЭто будет, Символом Единой, на Планете, Веры!<br>\nКосмос для человечества есть и будет Един!</b></p>\n\n<p class=\"poem\"><b>По Сценарию Неба, выбраны две страны и два Лидера!<br>\nОбе крайности или Два Полюса, соберутся вместе!<br>\nБудет на Планете, одна на всех людей, Вера!<br>\nЧукотка и Аляска будут Единым в Духе, местом!</b></p>\n\n<p class=\"poem\">Климат Планеты, скоро, претерпит изменения!<br>\nСибирь и Калифорния, будут Единым местом!<br>\nПроизойдут в Духе у людей глубокие изменения!<br>\nНа Планете люди-Боги станут жить вместе!</p>\n\n<p class=\"poem\">Первый Этап, долгого Пути – это Соглашение!<br>\nСоздатель, уже определил, Главных исполнителей!<br>\nНадо в этом году, согласовать Магистральное направление!<br>\nНе будет никаких территориальных делений!</p>\n\n<p class=\"poem\">Сойдутся, вместе, власти, религии и Создатель!<br>\nОни решат в Мире, все территориальные вопросы!<br>\nОни определят, Квантового перехода, даты!<br>\nЕсть План Создателя, и, нет у людей никаких вопросов!</p>\n\n<p class=\"poem\"><b>Сегодня, важнее всего, подготовка к встрече!<br>\nСоздатель подготовит Сознание людей к этому!<br>\nПоэтому, на Планете, сегодня, ещё не вечер!<br>\nСоздатель или Суверен решил, что быть тому!</b></p>\n\n<p class=\"noind\">Да будет Свет Истины!<br>\nОтец Абсолют или Высший Космический Разум!</p>\n","Files":null,"Date":"2025-02-14T13:18:21.944+03:00","DateChange":"2025-02-15T12:33:18.532+03:00","Link":"poems/14.02.25","Id":"67af18c82728209c59388cf7","Srv":"otk","Deleted":false,"Titles":["Соберутся вместе: власти, религии и Создатель!"]}
{"Data":{"Next":"poems/14.02.25","NoFooter":false,"PoemOutDict":false,"Titles":null,"Number":"№13 (3194)"},"Active":true,"Catalog":"570ef2fcd07cda3e16f93ef7","Description":"<p class=\"poem\">Бог требует от людей решения, ибо, нельзя, так больше жить!<br />Россия приняла, за такой Мир, на себя перед Богом, ответственность!<br />Россия, ещё приняла, вчера, решение, как людям в Боге быть!<br />Поэтому, отвечать за всё человечество Ей будет свойственно!</p>\n<p class=\"poem\">Теперь, всё на всех, без всякого различия, ибо люди в Боге!<br />Россия, дала Клятву, ради Равенства в Новой Эпохе!<br />Россия, определила для людей, наконец, в Небо дорогу!<br />Россия определила, Путь человечества, и это не слухи!</p>\n<p class=\"poem\">Теперь, для людей нет другого Мира, кроме этого!<br />Россия решила, вместе, стоять на своём, уже до конца!<br />Нет, для России никаких, других в борьбе, методов!<br />Этот Путь продолжится, до Победного уже, Венца!</p>\n<p class=\"poem\">Вы шли долго, по этому Пути, часто спотыкаясь!<br />Не всегда понимая, предначертанный Богом, Путь!<br />Вы прослушали слова Создателя, отвечая, заикаясь!<br />Только, через 20 лет поняли свои Задачи, и в этом, Суть!</p>\n<p class=\"poem\">Создатель собрал Вас, впервые, в начале века, давно!<br />Когда страна, стонала от предательства власти, вместе!<br />Мессия, неожиданно, встал между Вами и Богом, звеном!<br />Бог подтвердил, что Россия &ndash; это Спасителя Мира, место!</p>\n<p class=\"poem\">Много было людей, внутри Вас тех, кто был против!<br />А сколько ушло от Создателя в неверие!<br />Мессия, все эти годы, твердил, постоянно, о Боге мотив,<br />Он утверждал, что нет в жизни случаев, а, есть, Поверье!</p>\n<p class=\"poem\">Были и есть, среди людей, Ложь и неверие!<br />Мессия, ради России, прошёл очень трудный Путь!<br />Мессия, твёрдо верил Богу и верил в Поверье!<br />В этом упорстве и была Его от Создателя Суть!</p>\n<p class=\"poem\">Начало движения и положила Клятва Богу людей!<br />Впервые Клятва давалась, при всех, Богу!<br />Сегодня, стало это, только людям намного видней!<br />Вчера, Вы подошли, сами, к Эпохальному, уже, Итогу!</p>\n<p class=\"poem\">Мир людей, сегодня, стоит у пропасти края!<br />Видно, что спасения, уже больше, нет у людей!<br />Не увидеть больше никогда, людям Рая,<br />Люди, стоят около закрытых в Рай, дверей!</p>\n<p class=\"poem\">Теперь, спасение этого Мира в руках России!<br />Ей суждено протянуть руку помощи всему Миру!<br />Создатель, утвердил на Роль Спасителя, Мессию!<br />Будет, Божественная Монархия, ориентиром!</p>\n<p class=\"poem\">Что бы ни говорили люди, но, вчера, было принято решение!<br />Что люди, во главе с Россией, перейдут в Новый мир!<br />Перехода в Новый Мир, для неверия, закрыто движение!<br />Мессия от Бога &ndash; это в Будущее ориентир!</p>\n<p class=\"poem\">Уже, не важно, что творится в этом Мире!<br />Каждой личности, в этом Мире был дан шанс!<br />Конечно, Создатель обеспечит условия, для перемирия!<br />Многие могут упустить, дарованный Богом час!</p>\n<p class=\"poem\">Люди заняты, только своими, интересами!<br />Только, у России Сердце болит, сразу, за всех!<br />Люди ничего не смогут сделать сами!<br />Слишком много, в суждениях людей, помех!</p>\n<p class=\"poem\">В настоящей войне не будет, никаких, победителей!<br />Люди слишком глубоко забрались в тупик!<br />Люди к своему богатству, а не к Духу, бдительны!<br />Упущен, спасительный для всех людей, Миг!</p>\n<p class=\"poem\">Россия дала Клятву Богу, остановить войну!<br />Россия определила и, свою, в Мире позицию!<br />Создатель, для усмирения, не будет поднимать волну!<br />Бог остановит и религиозную инквизицию!</p>\n<p class=\"poem\">Россия, в этом году поставит по Миру, канву!<br />Она проведёт Границу, между, Верой и Неверием!<br />Люди, напрасно, подняли о поражении России, молву!<br />Россия, по Велению Создателя, будет стоять, впереди, с Верой!</p>\n<p class=\"poem\">Прозвучала Клятва Богу людей-Богов, а не людей!<br />Это, Высший уровень, общения России с Богом!<br />Теперь, даже Небесам, это стало видней,<br />Что 20 лет, стали для России, Победным Итогом!</p>\n<p class=\"noind\">Да будет Свет Истины!<br />Отец Абсолют или Высший Космический Разум!</p>","Files":null,"Date":"2025-02-13T12:09:50.193+03:00","DateChange":"2025-02-13T14:15:28.224+03:00","Link":"poems/13.02.25","Id":"67adb6fe2728209c59388cf4","Srv":"otk","Deleted":false,"Titles":["Прозвучала Клятва людей-Богов, а, не людей!"]}
{"Data":{"Next":"poems/13.02.25","NoFooter":false,"PoemOutDict":false,"Titles":null,"Number":"№12 (3193)"},"Active":true,"Catalog":"570ef2fcd07cda3e16f93ef7","Description":"<p class=\"poem\"><b>Не надо никаких Наград, нужна над Тьмой Победа!<br>\r\nМы поклялись постоять за Тебя, Спаситель!<br>\r\nНужно, чтобы отступила от Родины беда!<br>\r\nЧтобы, Вечно над Миром, была Твоя Обитель!</b></p>\r\n\r\n<p class=\"poem\">Нет у Нас никакой Задачи, кроме этой!<br>\r\nМы, пойдём до Конца, за тобой Создатель!<br>\r\nНет у Нас никакой, кроме этой Песни, Нами спетой!<br>\r\nБог, Ты Сознания людей на Планете обладатель!</p>\r\n\r\n<p class=\"poem\"><b>Мы даём, КЛЯТВУ Тебе, стоять, вместе с Тобой до Конца!<br>\r\nНет у Нас никакого для себя желания!<br>\r\nЭто Ты решаешь, достойны ли Мы, такого Венца?<br>\r\nМы хотим, подняться в Духе, до уровня Твоего Сознания!</b></p>\r\n\r\n<p class=\"poem\"><b>Накануне сражения, Мы даём Тебе Клятву,<br>\r\nЧто продержимся, вместе с Тобой до конца, своя!<br>\r\nМы, сегодня, от Сердца своего, говорим Тебе внятно,<br>\r\nЕсли оступимся, не будет в Вечности нам, никакого покоя!</b></p>\r\n\r\n<p class=\"poem\"><b>Одна просьба от Нас, помочь Нам собраться вместе!<br>\r\nНет у Нас никакого другого желания!<br>\r\nРоссия для Нас, единственное Святое место,<br>\r\nОт этой Точки, Мы начинаем Нового Мира стяжание!</b></p>\r\n\r\n<p class=\"poem\"><b>Помоги Нам Создатель, пройти этот Последний, шаг!<br>\r\nТвоя, помощь, Нам &ndash; это, Наша в Духе, сила!<br>\r\nТы для Нас есть сила и Ты для Нас Вечный Стяг!<br>\r\nНаша Вера в Тебя, Нас всех в Единое Целое сплотила!</b></p>\r\n\r\n<p class=\"poem\"><b>Мы, готовы принять на себя, Крест Служения!<br>\r\nМы, будем стоять до Конца, за Любовь и Равенство!<br>\r\nМы, никогда не остановимся в своём движении!<br>\r\nМы, стоим за Равенство и Любви Главенство!</b></p>\r\n\r\n<p class=\"poem\">Готовя Договор с Тобой, Мы осознали Свою меру!<br>\r\nМы, приняли Твою Идеологию, Сердцем и до Конца!<br>\r\nДля Нас, важнее всего, Тебе Вера!<br>\r\nМы, будем, до Победного стоять Венца!</p>\r\n\r\n<p class=\"poem\"><b>Создатель, Мы откроем, вместе с Тобой, Эпоху!<br>\r\nМы, силы свои рассчитали на тысячи лет!<br>\r\nМы, никому, из людей, не позволим остаться эхом!<br>\r\nМы, верим, что за преданность и отвагу, получим в Небо Билет!</b></p>\r\n\r\n<p class=\"poem\">Мы, готовы пройти этот, трудный, год, достойно!<br>\r\nЛюди-Боги, это люди с Открытой Душой!<br>\r\nМы, сделаем Матрицу, Нового Мира, стройной!<br>\r\nМир, Шестой Эпохи, станет, для людей, Единой страной!</p>\r\n\r\n<p class=\"poem\"><b>Мы, принимаем меру ответственности, сразу за всех!<br>\r\nРоссия, примет Крест Поводыря человечества!<br>\r\nРоссия, в Духе, очистит этот Мир от помех!<br>\r\nСтанет, Он для людей, примером в Духе Отечества!</b></p>\r\n\r\n<p class=\"poem\">Такого Мира, ещё не было на Планете!<br>\r\nМир людей, увидит в России, правильное направление!<br>\r\nЛюди забудут обо всех грехах и о монете!<br>\r\nРоссия, уже начала, своё, в Боги движение!</p>\r\n\r\n<p class=\"poem\">Этот, Путь не познан никем в Мире, доселе!<br>\r\nШестая Эпоха &ndash; это Эпоха людей-Богов!<br>\r\nЛюди &ndash; Боги больше никогда не сядут на мели!<br>\r\nВ Шестой Эпохе не будет никогда, подведения Итогов!</p>\r\n\r\n<p class=\"poem\"><b>Россия проходит Школу Творца, как своё Начало!<br>\r\nВпереди Горизонты, Новых для людей-Богов, Миров!<br>\r\nПовторяю, уйдут от людей-Богов все печали,<br>\r\nОни больше, никогда не вспомнят время людей-рабов!</b></p>\r\n\r\n<p class=\"poem\"><b>Россия, скоро, пройдёт этап, в Духе, Преображения!<br>\r\nСоздатель, поведёт этот Народ, в Дальнюю Даль!<br>\r\nЛюди-Боги, добровольно, начнут это перемещение!<br>\r\nОни вспомнят, как закалялась сталь!</b></p>\r\n\r\n<p class=\"poem\"><b>Теперь, Россия даёт Клятву, перед Богом и людьми!<br>\r\nЧто не остановится никогда, в Своём движении!<br>\r\nРоссия ляжет, ради Равенства и Любви, костьми!<br>\r\nНет, для России ничего важнее, чем в Духе, Преображения!</b></p>\r\n\r\n<p class=\"poem\"><b>Россия, начинает свой Путь, под Стягом Бога!<br>\r\nЭтот Стяг не только России, но, и всего человечества!<br>\r\nРоссия, закончит этот Год, с положительным Итогом!<br>\r\nБудет на Планете, Единое в Духе, Отечество!</b></p>\r\n\r\n<p class=\"poem\">Структура страны, уже согласована с Богом!<br>\r\nСуверен утвердил, человека, для Планетарного управления!<br>\r\nМонархом от Неба, будет Мессия, в Итоге!<br>\r\nВечные, впереди, для людей-Богов, жизнь и движение!</p>\r\n\r\n<p class=\"noind\">Да будет Свет Истины!<br>\r\nОтец Абсолют или Высший Космический Разум!</p>\r\n","Files":null,"Date":"2025-02-12T15:02:58.11+03:00","DateChange":"2025-02-12T15:05:15.143+03:00","Link":"poems/12.02.25","Id":"67ac8e7b2728209c59388cf0","Srv":"otk","Deleted":false,"Titles":["Россия, начинает свой Путь, под Стягом Бога!"]}
{"Data":{"Next":"poems/08.02.25","NoFooter":false,"PoemOutDict":false,"Titles":[],"Number":"№07 (3188)"},"Active":true,"Catalog":"570ef2fcd07cda3e16f93ef7","Description":"<p class=\"poem\">Люди и Мир на границе Эпох &ndash; это, значит, Преображение!<br />Россия, пока, не может ничего, людям, предложить!<br />Остановилось на Планете к Богу, всякое, передвижение!<br />Россия не может, из прошлого, Новую Идеологию сложить!</p>\n<p class=\"poem\">Начинается на Планете, перетягивание каната!<br />Только, никто из людей, не понимает в какую сторону!<br />Уже гремит, прощальная со всех сторон, канонада!<br />Разрозненные действия сторон, ведут Планету к урону!</p>\n<p class=\"poem\">Трамп, старается, как-то, поменять в Мире обстановку!<br />Но, для Него приемлемо, только силовое давление!<br />У Него не получится, изменить Спектакль или Постановку!<br />Не получится, превратить это, и в Небесное проявление!</p>\n<p class=\"poem\">Сегодня, Судьбу Мира хочет изменить Америка!<br />Но, не могут люди, в этом Мире, что-нибудь изменить!<br />Трамп, своей спешкой, навивает, только, истерику!<br />Создатель, Трампа, давно, своей меткой, смог пометить!</p>\n<p class=\"poem\">Сколько раз, Создатель предупреждал, что Трамп, спешит!<br />Предыдущий Президент, тоже, очень спешил!<br />Трамп, Плотный план, скоро, Сам его уничтожит!<br />Но, его действия Создатель, уже давно опередил!</p>\n<p class=\"poem\">Создатель, рассчитывал, на разум Трампа!<br />Но, команда Администрации, вокруг Него оказалась, слабее!<br />Для Него, лично, очень важна, Мировая рампа!<br />Личное благосостояние, для власти капитала, важней!</p>\n<p class=\"poem\">Зеленский показал, как надо тянуть из капитала, деньги!<br />Трамп, тоже, не готов деньгами, швырять!<br />Для Трампа, начинаются, уже, Исторические дни!<br />Трамп, хочет, свой, собственный Путь, обосновать!</p>\n<p class=\"poem\">Но, в Мире, никто не хочет такого Трампа, слушать!<br />Трамп, хочет поставить, на колени Славян!<br />Америка планирует, непокорных Славян, душить!<br />В ответ, Славяне не хотят, условия Трампа принять!</p>\n<p class=\"poem\">Мир не планирует, Президенту США, подчиниться!<br />У Трампа, нет понятной Миру позиции!<br />Президент России, тоже, пока не определился!<br />Трамп, на Россию, будет усиливать свою акцию!</p>\n<p class=\"poem\">Как, сказал Создатель, что есть ещё время до Марта!<br />Война, продолжается в Мире, пока, по-старому!<br />Трамп разрабатывает Сценарий, уже Нового старта!<br />Не получится, у Него решить эту Проблему, даром!</p>\n<p class=\"poem\">Трамп, хочет положить Славян, сразу, на лопатки!<br />Этот год, объявлен Богом, годом решающим!<br />У, Трампа, конечно, Мирового Лидера, есть задатки!<br />Но, этот Год, для Суверена, тоже определяющий!</p>\n<p class=\"poem\">У Суверена &ndash; это Год, определяющий, ибо ждёт Россия!<br />Она подписала Договор с Богом, навечно!<br />Отвечает за Дух России, от Бога Мессия!<br />Создатель, не позволит Западу, нанести Руси увечье!</p>\n<p class=\"poem\">Теперь, Создатель, усилит на Запад давление!<br />Бог услышал крик Сердца России!<br />Россия &ndash; это есть Создателя проявление!<br />Должен спасти людей, Планеты, Мессия!</p>\n<p class=\"poem\">Запад, не слышит, кроме Ватикана, от Создателя Вести!<br />Повторяю, согласно, Договора, Бог будет Русь защищать!<br />Поменяется управление на Руси, будет об этом Известие!<br />Россия не имеет, Права, Мир таким оставлять!</p>\n<p class=\"poem\">Создатель, обратил, на Трампа, своё внимание!<br />Но, у Него нет масштаба, такого, как у Мессии!<br />У Него нет Планетарного, на Мир, понимания!<br />Пока, Он ещё не понимает, свою, от Бога, Миссию!</p>\n<p class=\"poem\">К Марту, Трамп, должен будет созреть, в Духе!<br />Это, важно, ибо Трамп в Духе и по крови, есть Русский!<br />Разные о Трампе по Миру, ходят слухи,<br />Ибо, Он обладает Натурой широкой, а не узкой!</p>\n<p class=\"poem\">Создатель, даёт время, точнее Год, на всё!<br />Люди должны изменить своё мнение!<br />Трамп должен поддержать предложение, уже Моё!<br />Он должен Весной изменить сильно, своё поведение!</p>\n<p class=\"noind\">Да будет Свет Истины!<br />Отец Абсолют или Высший Космический Разум!</p>\n<p class=\"noind\">07.02.2025</p>\n\n<div class=\"next\"><a name=\"2\"></a>\n<h1><span class=\"date\">07.02.2025 </span>Катрен №07 (3188) &ldquo;Дополнение!&rdquo;</h1>\n</div>\n\n<p class=\"poem\">Слово Правды &ndash; это число!<br />Ложь не имеет, никакой, формы!<br />Разные слова в Духе &ndash; это Одно!<br />Существования, Создателя Норма!</p>\n<p class=\"poem\">Мысль &ndash; это число в Небе!<br />Число творит или уничтожает!<br />Мысль &ndash; всегда формирует Быль!<br />Лживая Мысль, жизнь, уменьшает!</p>\n<p class=\"poem\">Успех людей &ndash; это Матрица!<br />Число переходит в Форму!<br />Вы &ndash; Нового Мира страница!<br />Вы &ndash; людей-Богов, теперь, Норма!</p>\n<p class=\"noind\">Создатель!</p>","Files":null,"Date":"2025-02-07T13:00:37.233+03:00","DateChange":"2025-02-12T12:33:08.958+03:00","Link":"poems/07.02.25","Id":"67a5d9e52728209c59388cdc","Srv":"otk","Deleted":false,"Titles":["Создатель даёт время, точнее, год на всё!"]}
{"Data":{"Next":"poems/12.02.25","NoFooter":false,"PoemOutDict":false,"Titles":null,"Number":"№11 (3192)"},"Active":true,"Catalog":"570ef2fcd07cda3e16f93ef7","Description":"<p class=\"poem\">Жизнь человека на Свете &ndash; это выбор Пути!<br>\r\nДля человека, выбор должен быть, только один!<br>\r\nЧеловек, в жизни, должен к Богу прийти!<br>\r\nИ этот Путь для человека в жизни, только, Един!</p>\r\n\r\n<p class=\"poem\">Человек, идёт тем Путём, как указано!<br>\r\nОтклонение &ndash; это поиск для человека Истины!<br>\r\nС Совестью, этот Путь человека связан!<br>\r\nЧеловек, должен пройти Путь и через Тину!</p>\r\n\r\n<p class=\"poem\">Трудный Путь, такой, как у всех!<br>\r\nЛюди идут к Богу по бездорожью!<br>\r\nМного людей, значит, и много помех!<br>\r\nПройти сквозь ряды людей, сложно!</p>\r\n\r\n<p class=\"poem\">В жизни человек, встречает много людей!<br>\r\nОни проходят, перед ним, чередой!<br>\r\nЧеловек, не понимает, кто ему важней?<br>\r\nЧеловек выбирает не Душой, а, головой!</p>\r\n\r\n<p class=\"poem\">Создатель, навстречу, присылает много людей!<br>\r\nОни, как разные варианты, людей-Богов!<br>\r\nЧеловек должен выбрать, кто ему важней!<br>\r\nСуть выбора, это подведение человеком, итогов!</p>\r\n\r\n<p class=\"poem\">Человек, встречает людей по-разному!<br>\r\nОн не видит, сразу, пользы от человека!<br>\r\nВстречи бывают, просто, праздные!<br>\r\nБывают, также, один раз на века!</p>\r\n\r\n<p class=\"poem\">Человеку, надо понять встречи, значение!<br>\r\nИбо, человек один в Мире &ndash; это ничто!<br>\r\nБывают у человека и заблуждения!<br>\r\nНе остаётся, от встречи, никакое зерно!</p>\r\n\r\n<p class=\"poem\">В конце жизни, понятно, что прошёл!<br>\r\nВ памяти, часто, не остаётся встреч!<br>\r\nДо пустоты, такой человек дошёл!<br>\r\nПустой будет и с Богом встреча!</p>\r\n\r\n<p class=\"poem\">Каждый человек на Пути &ndash; это Бог!<br>\r\nОн в обличии встречного человека!<br>\r\nВстреча такая &ndash; это в жизни урок!<br>\r\nНеобходимая, отметка уже на века!</p>\r\n\r\n<p class=\"poem\">Все встречи даны, как проверка Пути!<br>\r\nМонета &ndash; это тоже урок на дороге!<br>\r\nЧеловек и через это должен пройти!<br>\r\nВ конце Пути, человека ждут Итоги!</p>\r\n\r\n<p class=\"poem\">Потери &ndash; это неудачи на Пути!<br>\r\nВедь, каждая встреча &ndash; Испытание!<br>\r\nЧеловек, не должен отступить от Сути!<br>\r\nПуть, нельзя менять на скитание!</p>\r\n\r\n<p class=\"poem\">Неудачи &ndash; это неверный Путь!<br>\r\nЧасто, Мечты человека, ведут не туда!<br>\r\nНужно правильно смотреть вглубь,<br>\r\nФантазии, без анализа, есть беда!</p>\r\n\r\n<p class=\"poem\">Надо жить Правдой, а не Мечтой!<br>\r\nЖизнь в Материи &ndash; это предтеча!<br>\r\nЖизни, для кого-то, остающейся за чертой!<br>\r\nМежду Богом и человеком встречи!</p>\r\n\r\n<p class=\"poem\">Надо помнить, что каждый, есть человек-Бог!<br>\r\nНельзя уподобляться, просто, человеку!<br>\r\nЧеловек &ndash; это, в итоге, есть Бог!<br>\r\nЧеловек-Бог, есть мгновение века!</p>\r\n\r\n<p class=\"poem\">Каждый Рассвет &ndash; это Начало!<br>\r\nНочь &ndash; это подведение Итогов!<br>\r\nНеправильный день &ndash; это печали!<br>\r\nНовый день &ndash; это продолжение урока!</p>\r\n\r\n<p class=\"poem\">Надо помнить, что жизнь человека &ndash; Школа!<br>\r\nДлина урока, для каждого своя!<br>\r\nОкончание Школы &ndash; это подведение Итога!<br>\r\nЧеловеком выбирается своя стезя!</p>\r\n\r\n<p class=\"poem\">Жизнь продолжает Испытания!<br>\r\nБывают испытания сразу на всех, людей!<br>\r\nИли, только, на одного, как скитание!<br>\r\nДля одного человека &ndash; это сложней!</p>\r\n\r\n<p class=\"poem\">Человек, один на один, с бедой,<br>\r\nЭто, очень, сложное испытание!<br>\r\nТакая встреча, заканчивается и войной!<br>\r\nКак Судьбы своей, непонимание!</p>\r\n\r\n<p class=\"poem\">В Момент Сомнения, нужна Вера,<br>\r\nЧто путь предначертан Богом!<br>\r\nЧто размер беды отвечает мере,<br>\r\nКоторая бывает твоим Итогом!</p>\r\n\r\n<p class=\"poem\">Нет проблемы или беды, выше нормы!<br>\r\nВсё отписано человеку Богом!<br>\r\nВ конце Пути, человека ждёт Новая форма,<br>\r\nФорма, человека-Бога в Итоге!</p>\r\n\r\n<p class=\"noind\">Да будет Свет Истины!<br>\r\nОтец Абсолют или Высший Космический Разум!</p>\r\n","Files":null,"Date":"2025-02-11T11:11:59.618+03:00","DateChange":"2025-02-11T11:12:30.137+03:00","Link":"poems/11.02.25","Id":"67ab066e2728209c59388ced","Srv":"otk","Deleted":false,"Titles":["В момент Сомнения, нужна Вера!"]}
{"Data":{"Next":"poems/11.02.25","NoFooter":false,"PoemOutDict":false,"Titles":null,"Number":"№10 (3191)"},"Active":true,"Catalog":"570ef2fcd07cda3e16f93ef7","Description":"<p class=\"poem\">Мир катится к пропасти, Эпоха будет, другая!<br>\r\nЛюди понимают, что намечается уже катастрофа!<br>\r\nОбстановка, в любом случае, будет не такая!<br>\r\nПотеряется этого Мира, для людей Основа!</p>\r\n\r\n<p class=\"poem\">Тысячи лет, всё было понятно людям!<br>\r\nСегодня, Сознание людей, вдруг, потерялось!<br>\r\nСегодня, Мировой катастрофы прелюдия!<br>\r\nДвижение людей к Богу, остановилось!</p>\r\n\r\n<p class=\"poem\">Создатель планирует остановить вакханалию!<br>\r\nНо, люди, продолжают, воевать за своё!<br>\r\nБессмысленная продолжается баталия!<br>\r\nКаждая из сторон, защищает, только своё!</p>\r\n\r\n<p class=\"poem\">Всё идёт к переделу Мира, по Правилам Тьмы!<br>\r\nНа стороне Тьмы, на этой войне, перевес!<br>\r\nИдёт, строительство Мировой тюрьмы,<br>\r\nЛюди ожидают, участия в этом, только, Небес!</p>\r\n\r\n<p class=\"poem\">На такую помощь, может рассчитывать Россия!<br>\r\nНо, власть страны, смотрит в другую сторону!<br>\r\nЕй наплевать, что есть в стране от Бога Мессия!<br>\r\nПо Её мнению, страна победит, даже при таком уроне!</p>\r\n\r\n<p class=\"poem\">Люди забывают, что подошла Эпоха Преображения!<br>\r\nЧеловечество, в большинстве, не пройдёт переход!<br>\r\nНет, на Руси, никакого к Богу движения!<br>\r\nОбращение России к Богу &ndash; это Её последний Ход!</p>\r\n\r\n<p class=\"poem\">Россия, поняла Смысл своего Обращения к Богу!<br>\r\nНужно уберечь людей, от Теневого Сознания!<br>\r\nТакое Обращение, привлечёт положительные, Итоги!<br>\r\nОбращение &ndash; это о Просьбе людей, напоминание!</p>\r\n\r\n<p class=\"poem\">Посмотрите, что будет с Вами, если будет Парад?<br>\r\nРоссия, просьбу должна, прокричать от Души!<br>\r\nДолжен быть, разрушен сопротивления каскад!<br>\r\nСоздатель хочет, это в Небе послушать!</p>\r\n\r\n<p class=\"poem\">Параллельно с Просьбой, люди должны меняться!<br>\r\nМеняться, значит, начать изменения в Духе!<br>\r\nЧеловеку, от Воли Создателя, не спрятаться!<br>\r\nЧеловек не зависит от Бога &ndash; это слухи!</p>\r\n\r\n<p class=\"poem\">России не на кого надеяться, в США шторм!<br>\r\nИдёт торг, за условия перемирия!<br>\r\nНет, никакой, понятной для всех нормы!<br>\r\nНе получается в Мире, без войны идиллии!</p>\r\n\r\n<p class=\"poem\">В этих спорах, каждая сторона за себя!<br>\r\nЕсли нет договорённости, то будет отстрел!<br>\r\nСША и Россию может погубить, неправильная стезя!<br>\r\nТогда, Создатель возьмётся за передел!</p>\r\n\r\n<p class=\"poem\">Повторяю, все говорят не о Мире, а, об условиях!<br>\r\nКаждая, из сторон, выбирают, для себя, выгоду!<br>\r\nКроме властей, ввязались  и Тайные сословия!<br>\r\nНо, ничего не получится у Тьмы, в этом году!</p>\r\n\r\n<p class=\"poem\"><b>Россия, год назад, подписала Договор с Богом!<br>\r\nДоговор, подписан на Тонком плане!<br>\r\nРоссия, будет спасена, Создателем в Итоге!<br>\r\nРазрушены будут все Тайные кланы!</b></p>\r\n\r\n<p class=\"poem\"><b>В Новой Эпохе, от прошлого, нет ничего!<br>\r\nВластей не будет и не будет религий!<br>\r\nВатикан, может подставить, религии России плечо!<br>\r\nУбрав прошлую Ложь и людей вериги!</b></p>\r\n\r\n<p class=\"poem\"><b>История Мира хранится у Ватикана в анналах!<br>\r\nОткрытие Истории перевернёт людей Сознания!<br>\r\nПравда, от Ватикана пройдёт, по всем каналам!<br>\r\nОткроется, перед людьми, Правды понимание!</b></p>\r\n\r\n<p class=\"poem\"><b>Теперь, Планете поможет Бог и, открытая, Правда!<br>\r\nВыстроенные властями, Законы Мира, разлетятся!<br>\r\nШестая Эпоха, во главе с Россией &ndash; это Завтра!<br>\r\nЛюди в Духе, неожиданно, соединятся!</b></p>\r\n\r\n<p class=\"poem\"><b>Ватикан должен собрать Вселенский Собор!<br>\r\nВатикан объявит в Мире Божественную Монархию!<br>\r\nВ конце этого года, прекратится людей отбор!<br>\r\nСуверен, назовёт Имя от Бога Монарха!</b></p>\r\n\r\n<p class=\"noind\">Да будет Свет Истины!<br>\r\nОтец Абсолют или Высший Космический Разум!</p>\r\n","Files":null,"Date":"2025-02-10T11:31:58.526+03:00","DateChange":"2025-02-10T11:32:30.358+03:00","Link":"poems/10.02.25","Id":"67a9b99e2728209c59388cec","Srv":"otk","Deleted":false,"Titles":["Теперь, Планете поможет Бог и, открытая, Правда!"]}
