{"Id":"62195b9e5d5a11c6eb22ae89","Deleted":false,"Active":false,"DateChange":"2025-05-07T18:48:54.19+03:00"}
{"Data":{"Next":null,"NoFooter":false,"PoemOutDict":false,"Titles":null,"Number":"№07 (3278)"},"Active":true,"Catalog":"570ef2fcd07cda3e16f93ef7","Description":"<p class=\"poem\">Кто-то должен Преображение начать!<br>\r\nЭто может тот, кто Создателю верит!<br>\r\nНа нём, должна стоять Создателя печать!<br>\r\nЭтот человек Свободой живёт и бредит!</p>\r\n\r\n<p class=\"poem\">Сегодня для России нет конкурентов!<br>\r\nРоссия, Договор с Богом, смогла подписать!<br>\r\nНет в этом отношении, никаких оппонентов!<br>\r\nРоссия предложила, значит, Ей и начинать!</p>\r\n\r\n<p class=\"poem\">В любом случае, Эпоха сменит Эпоху!<br>\r\nВсё дело в решении, как начать!<br>\r\nЛюдям придётся подводить Итоги,<br>\r\nЧтобы с нуля, вновь стартовать!</p>\r\n\r\n<p class=\"poem\">Новое не начинается со старого!<br>\r\nСтарая Эпоха &ndash; это накопленные грехи!<br>\r\nМатериальные представления &ndash; сор!<br>\r\nНовая Эпоха, предлагает смотреть верхи!</p>\r\n\r\n<p class=\"poem\">Всё зависит от Сознания человека!<br>\r\nЧеловек готов, если он не несёт долги!<br>\r\nНе могут с долгов начинаться века,<br>\r\nЕсли есть долги, то дела &ndash; плохи!</p>\r\n\r\n<p class=\"poem\">Люди не могут остановить сражение!<br>\r\nПеремирия нет и не ожидается!<br>\r\nНет никакого к Миру движения!<br>\r\nВ Миру никто из властей не старается!</p>\r\n\r\n<p class=\"poem\">Сколько можно говорить, просто, о Мире?<br>\r\nЗначит, есть чуждые интересы!<br>\r\nНикто не хочет признаться в своей вине!<br>\r\nВласти подчинились Тьме и регрессу!</p>\r\n\r\n<p class=\"poem\">Создатель, обозначил вчера срок!<br>\r\n7 месяцев &ndash; это время переговоров!<br>\r\nПрошлая война, не пошла людям впрок!<br>\r\nНе уменьшилось на Свете число воров!</p>\r\n\r\n<p class=\"poem\">Создатель, теперь, уменьшил срок!<br>\r\nЧтобы остановить на дно падение!<br>\r\nБог просит вспомнить, той войны, урок!<br>\r\nНужно, развернуть к Богу движение!</p>\r\n\r\n<p class=\"poem\">В прошлой Эпохе были религии!<br>\r\nПодготавливаемые, через 500 лет!<br>\r\nНо, продолжали угнетать вериги,<br>\r\nЛюди не поднялись в Духе, за столько лет!</p>\r\n\r\n<p class=\"poem\">Теперь поздно, рассуждать об этом!<br>\r\nПридётся отвечать за этот развал!<br>\r\nНо, самое главное, не в том,<br>\r\nА, что в Сознании человека, есть провал!</p>\r\n\r\n<p class=\"poem\">Создатель, через Пророка передал Знания!<br>\r\nЛюди должны знать, кто &ndash; Бог и кто &ndash; они?<br>\r\nЗа 20 лет пришло, наконец, понимание,<br>\r\nЧто в Небе, всех людей, корни!</p>\r\n\r\n<p class=\"poem\">К Началу Эпохи, Россия уже готова!<br>\r\nГотова принять на себя Крест Спасителя!<br>\r\nЕй нужны были Знания, а не подкова!<br>\r\nИ Сознание нужно было человека-аналитика!</p>\r\n\r\n<p class=\"poem\">Создатель определил сроки Начала!<br>\r\nНачала Перехода в Шестую Эпоху!<br>\r\nБог определил для России статус Причала!<br>\r\nРоссия, в начале 26 года, перейдёт сходу!</p>\r\n\r\n<p class=\"poem\">Создателю не интересна Судьба,<br>\r\nТех, кто, сегодня, на поле сражения!<br>\r\nЕсли погибнут, это их собственная вина!<br>\r\nНа войне нет смертям ограничений!</p>\r\n\r\n<p class=\"poem\">Вам надо дать Клятву в этом году!<br>\r\nПора принимать в руки управление!<br>\r\nНадо приучать людей к Духовному труду,<br>\r\nИ начинать в Новую Эпоху движение!</p>\r\n\r\n<p class=\"poem\">Создатель раскрыл Вам Сценарий!<br>\r\nВам, выбирать, что важнее всего!<br>\r\nВам, надо утвердить Новый Глоссарий!<br>\r\nВам, надо раскрыть Перехода Зерно!</p>\r\n\r\n<p class=\"noind\">Да будет Свет Истины!<br>\r\nОтец Абсолют или Высший Космический Разум!</p>\r\n","Files":null,"Date":"2025-05-07T18:46:39.776+03:00","DateChange":"2025-05-07T18:47:08.397+03:00","Link":"poems/07.05.25","Id":"681b807cc84c4afd5e587f21","Srv":"otk","Deleted":false,"Titles":["Создатель раскрыл Вам Сценарий!"]}
{"Data":{"Next":"poems/07.05.25","NoFooter":false,"PoemOutDict":false,"Titles":null,"Number":"№06 (3277)"},"Active":true,"Catalog":"570ef2fcd07cda3e16f93ef7","Description":"<p class=\"poem\">Всё переменно в этом Пространстве!<br>\r\nТакого разногласия ещё не было!<br>\r\nВ Духе начались людей странствия!<br>\r\nСпокойствие в Мире, совсем, смыло!</p>\r\n\r\n<p class=\"poem\">Власти пытаются укрепиться!<br>\r\nНо, внутренняя тревога, этого не даёт!<br>\r\nВласти не понимают, за что биться?<br>\r\nИ не понимают, что же, их Завтра, ждёт?</p>\r\n\r\n<p class=\"poem\">Скоро юбилей, Дня Победы!<br>\r\nНо, в Мире давно нет этого Праздника!<br>\r\nНаоборот, сегодня Мир, на грани беды!<br>\r\nВсе люди уже в роли беды узников!</p>\r\n\r\n<p class=\"poem\">Мир стоит, накануне, Новой Эпохи!<br>\r\nКоторая должна изменить Мир!<br>\r\nПридётся людям подвести Итоги!<br>\r\nТеперь, Создатель, будет ориентиром!</p>\r\n\r\n<p class=\"poem\">Страны, не могут никак, договориться!<br>\r\nВсе тянут выигрыши на себя!<br>\r\nЛюди не понимают, как Мир будет делиться,<br>\r\nИ останется ли, у человечества, своя стезя?</p>\r\n\r\n<p class=\"poem\">Пока страны решали, всё решил Бог!<br>\r\nНовая Эпоха, только, ускоряет события!<br>\r\nНесмотря на общий для Мира итог,<br>\r\nВ Новой Эпохе изменится бытие!</p>\r\n\r\n<p class=\"poem\">Новая Эпоха &ndash; это другие вибрации!<br>\r\nВибрации Небес коснутся Тверди!<br>\r\nЭто будет очистительная, Небес акция!<br>\r\nЛюдям Богу придётся поверить!</p>\r\n\r\n<p class=\"poem\">Всё ближе конец старого!<br>\r\nУ людей, остаётся мало шансов!<br>\r\nЗащититься нельзя от Нового!<br>\r\nСлишком много есть нюансов!</p>\r\n\r\n<p class=\"poem\">Чем больше времени, тем сложней!<br>\r\nТем меньше шансов, на спасение!<br>\r\nВоровство, в Мире, только видней!<br>\r\nНачинается людей уничтожение!</p>\r\n\r\n<p class=\"poem\">Власть не понимает, что времени нет!<br>\r\nОсталось прожить 7 месяцев!<br>\r\nПятая Эпоха просрочила свой билет,<br>\r\nПланета принимает пришельцев!</p>\r\n\r\n<p class=\"poem\">Пришельцы &ndash; это люди-Боги России!<br>\r\nНачинается, Планетарное перестроение!<br>\r\nЭто будет Историческая по силе Сессия!<br>\r\nБудет, в сторону Неба, людей движение!</p>\r\n\r\n<p class=\"poem\">Создатель, уже говорил про эти условия!<br>\r\nКлятву на Крови надо давать!<br>\r\nНе останется никаких сословий!<br>\r\nИзменится всех людей-Богов стать!</p>\r\n\r\n<p class=\"poem\">Повторяю, Россия, первая, переходит в Небо!<br>\r\nМир остаётся, пока, в прошлом!<br>\r\nДля России, впереди, Новая Быль!<br>\r\nДля людей Пятой Эпохи &ndash; это невозможно!</p>\r\n\r\n<p class=\"poem\">Разделение людей, на старых, и на Новых, скоро!<br>\r\nРоссию готовил Бог, к этому 20 лет!<br>\r\nНе нужны будут, уже никакие споры!<br>\r\nБог выписал для России, в Космос Билет!</p>\r\n\r\n<p class=\"poem\">Теперь, Мир будет разделён на половины!<br>\r\nРоссия идёт вперёд, самостоятельно!<br>\r\nВ этом нет никакой людей вины!<br>\r\nПросто, для людей неверия, проход закрыт в Небо!</p>\r\n\r\n<p class=\"poem\">Кто-то из людей задержится здесь!<br>\r\nКто-то перейдёт, на Планету другую!<br>\r\nНет для них в Лексиконе, слова &laquo;месть&raquo;!<br>\r\nСоздатель скажет, потом, на какую!</p>\r\n\r\n<p class=\"poem\">Россия пойдёт дальше уже в Духе!<br>\r\nУ Неё Путь в другое, совсем, состояние!<br>\r\nЭто связано с условиями в Шестой Эпохе!<br>\r\nРоссия – это уже Небес достояние!</p>\r\n\r\n<p class=\"poem\">За 7 месяцев, Вам надо сделать Шаг!<br>\r\nЕстественно, после Клятвы на Крови!<br>\r\nДля Пространства &ndash; это Новый акт!<br>\r\nИ этот Акт называется Прави!</p>\r\n\r\n<p class=\"poem\">Подберите сами время, лучше Май!<br>\r\nМай – это Весна и Победа!<br>\r\nПоймите, что Россия переходит в Рай!<br>\r\nЛюди-Боги забудут слово &laquo;беды&raquo;!</p>\r\n\r\n<p class=\"poem\">Прошу подумать, Я Вам подскажу!<br>\r\nГлавное, надо иметь Единодушие!<br>\r\nЯ за Вами внимательно слежу!<br>\r\nВажно, чтобы Вы, Меня слушали!</p>\r\n\r\n<p class=\"noind\">Да будет Свет Истины!<br>\r\nОтец Абсолют или Высший Космический Разум!</p>\r\n","Files":null,"Date":"2025-05-06T12:29:10.341+03:00","DateChange":"2025-05-06T12:29:43.962+03:00","Link":"poems/06.05.25","Id":"6819d687c84c4afd5e587f1e","Srv":"otk","Deleted":false,"Titles":["За 7 месяцев, Вам надо сделать шаг!"]}
{"Data":{"Next":"poems/06.05.25","NoFooter":false,"PoemOutDict":false,"Titles":null,"Number":"№05 (3276)"},"Active":true,"Catalog":"570ef2fcd07cda3e16f93ef7","Description":"<p class=\"poem\">Последний Парад для Вас &ndash; Клятва!<br>\r\nНадо давать, в один День и вместе!<br>\r\nДолжна быть одна на всех, Дата!<br>\r\nРоссия, должна быть, таким местом!</p>\r\n\r\n<p class=\"poem\">Это страна внутри трёх океанов!<br>\r\nВ Мире известная, как Русь!<br>\r\nНет в Мире никаких сигналов!<br>\r\nМир, завидует Ей, пусть!</p>\r\n\r\n<p class=\"poem\">Эта страна была Началом Начал!<br>\r\nСоздатель дал Ей Второе Начало!<br>\r\nОна становится Небесным Причалом!<br>\r\nВ стороне остаются печали!</p>\r\n\r\n<p class=\"poem\">Люди не понимают, кто Она!<br>\r\nИ что, эта страна несёт Мир!<br>\r\nУ Неё Историческая стезя!<br>\r\nОна Начало Начал &ndash; Мира!</p>\r\n\r\n<p class=\"poem\">Она только, сейчас, созрела!<br>\r\nБыло много ошибок и грехов!<br>\r\nМасштабами управляла неумело!<br>\r\nОна достигла мёртвых ветров!</p>\r\n\r\n<p class=\"poem\">Теперь, Она &ndash; символ Эпохи!<br>\r\nОна смогла перешагнуть быт!<br>\r\nОна встала с нужной ноги!<br>\r\nОна, знает, как Ей быть!</p>\r\n\r\n<p class=\"poem\">Она осознала Судьбу и Задачи!<br>\r\nНужно срочно вернуться в Боги!<br>\r\nНовые люди примут отдачу!<br>\r\nНовое обгонит старость, в Итоге!</p>\r\n\r\n<p class=\"poem\">Только, не будет соревнования!<br>\r\nИбо, это Начало уже без Конца!<br>\r\nНовое проявит старание!<br>\r\nПобедного дождётся Венца!</p>\r\n\r\n<p class=\"poem\">Теперь, эта страна, идёт в Небо!<br>\r\nТочнее, в Тонкие Миры!<br>\r\nРавенство Богов &ndash; это Быль!<br>\r\nНа Небе Боги видны!</p>\r\n\r\n<p class=\"poem\">Восстановлена будет Нейтральность!<br>\r\nИбо, это покой движения!<br>\r\nКвантовый переход &ndash; актуальность!<br>\r\nУправление у Пророка-Мессии!</p>\r\n\r\n<p class=\"poem\">Впереди Эпоха и Монархия!<br>\r\nУправление примут Боги!<br>\r\nПрекратится в Мире анархия!<br>\r\nБог подведёт Итоги!</p>\r\n\r\n<p class=\"poem\">Вы, при жизни, успех узнаете!<br>\r\nУспех &ndash; это возможности человека!<br>\r\nВы, Создателя, наконец, поймёте!<br>\r\nКосмический наступает век!</p>\r\n\r\n<p class=\"poem\">Вы, подошли к Успеху!<br>\r\nНужна ещё, концентрация!<br>\r\nВам люди устроят помехи!<br>\r\nБудет, и Создателя операция!</p>\r\n\r\n<p class=\"poem\">Вам надо объявить Клятву!<br>\r\nКлятву на Крови, в одно время!<br>\r\nЭто должно быть наяву!<br>\r\nПоверьте, Клятва &ndash; это не бремя!</p>\r\n\r\n<p class=\"poem\">Создатель проверит каждого!<br>\r\nОшибки недопустимы!<br>\r\nИскренность, будет, важна!<br>\r\nЛюди, в это время, все &ndash; побратимы!</p>\r\n\r\n<p class=\"poem\">Люди в это время, все видны!<br>\r\nВы должны знать, кто рядом!<br>\r\nБог покажет Вам, кто враги!<br>\r\nОни уйдут на дно, одним отрядом!</p>\r\n\r\n<p class=\"poem\">Главное, кто будет у руля!<br>\r\nНадо Вам взять управление!<br>\r\nУ Вас Небесная уже стезя!<br>\r\nВы – Новой Эпохи явление!</p>\r\n\r\n<p class=\"poem\">Создатель указал на Пирамиду!<br>\r\nФлаг: цвета Планеты, Неба и Мой!<br>\r\nВам, нельзя подавать и вида!<br>\r\nЧто Вселенная &ndash; это Новый Рай!</p>\r\n\r\n<p class=\"poem\">Я выстроил Вас, как надо!<br>\r\nВпереди Вас, Белый Царь!<br>\r\nНе будет для Вас преграды!<br>\r\nЭта страна будет, как встарь!</p>\r\n\r\n<p class=\"noind\">Да будет Свет Истины!<br>\r\nОтец Абсолют или Высший Космический Разум!</p>\r\n","Files":null,"Date":"2025-05-05T11:06:48.286+03:00","DateChange":"2025-05-05T11:07:14.999+03:00","Link":"poems/05.05.25","Id":"681871b3c84c4afd5e587f1d","Srv":"otk","Deleted":false,"Titles":["Создатель указал на Пирамиду!"]}
{"Data":{"Next":"poems/05.05.25","NoFooter":false,"PoemOutDict":false,"Titles":null,"Number":"№04 (3275)"},"Active":true,"Catalog":"570ef2fcd07cda3e16f93ef7","Description":"<p class=\"poem\">Постоянный разговор, людей, идёт о Новом Мире!<br>\r\nВсе понимают, что Преображение произойдёт!<br>\r\nТолько, не получается прелюдия Перемирия!<br>\r\nНовая Эпоха, неожиданно, в Мир войдёт!</p>\r\n\r\n<p class=\"poem\">Для этого, нужны слова, самого, человека!<br>\r\nЧеловека, как частицы, Создателя или Бога!<br>\r\nНужно, чтобы люди собрались, на века!<br>\r\nВы, это поймёте, только, в конце века!</p>\r\n\r\n<p class=\"poem\">Сегодня, весь Мир, опустился на дно!<br>\r\nНет, ни у кого стремления в Небо!<br>\r\nВ головах людей, только, богатство, одно!<br>\r\nДля Создателя &ndash; это Вечная боль!</p>\r\n\r\n<p class=\"poem\">Люди опустились, совсем, в Материю!<br>\r\nОни бредят о сильной власти!<br>\r\nХотя, на этой войне, большие потери!<br>\r\nНесправедливость, поднимает страсти!</p>\r\n\r\n<p class=\"poem\">Никто в Мире не говорит Правду!<br>\r\nКаждая сторона имеет свой интерес!<br>\r\nНет, у людей, фактически, Завтра!<br>\r\nЖизнь людей, сопровождает регресс!</p>\r\n\r\n<p class=\"poem\">Страны объединяются, временно!<br>\r\nИбо имеют, только, временный интерес!<br>\r\nНо, воюют все страны, одновременно!<br>\r\nЧеловечество, растеряло, прогресс!</p>\r\n\r\n<p class=\"poem\">Страны Запада под властью Тьмы!<br>\r\nИбо, управление в руках Тьмы!<br>\r\nЛюди сами накликали, себе, беды!<br>\r\nТеперь, у людей, жизнь &ndash; взаймы!</p>\r\n\r\n<p class=\"poem\">Центр Проблем, теперь, в России!<br>\r\nНо, половина Мира, хотят опустить Её!<br>\r\nНе помогает и присутствие Мессии!<br>\r\nПравит Миром, международное ворьё!</p>\r\n\r\n<p class=\"poem\"><b>Люди, простые, уже ничего не могут!<br>\r\nИх слова пропадают в Небе!<br>\r\nСлова Клятвы на Крови, помогут!<br>\r\nТолько, тогда, реализуется Небыль!</b></p>\r\n\r\n<p class=\"poem\"><b>Наступило время, для Вас, принять Клятву!<br>\r\nЧем дальше, тем будет, сложней!<br>\r\nВы не должны, тянуть за пяту!<br>\r\nЧтобы, дорога стала ясней!</b></p>\r\n\r\n<p class=\"poem\"><b>Просто, разговоры, ничего не дадут!<br>\r\nНужна, Ваша Клятва на Крови!<br>\r\nТолько, тогда Тёмные силы уйдут!<br>\r\nТолько, тогда Мир будет, на ином уровне!</b></p>\r\n\r\n<p class=\"poem\">Пора Вам, приступать к действию!<br>\r\nИбо, Тьма спешит остановить Мир!<br>\r\nПомните, что есть причины и следствия!<br>\r\nГлавное, Создатель, теперь, ориентир!</p>\r\n\r\n<p class=\"poem\"><b>Нужно, сложить Ваши Воли в Целое!<br>\r\nЭто делается, через Клятву на Крови!<br>\r\nГлавное, что Вы с Богом есть Белое!<br>\r\nЭто есть, удар в глаз, а не в бровь!</b></p>\r\n\r\n<p class=\"poem\"><b>Вы пребываете, всё время в дискуссиях!<br>\r\nМогу сказать, что у Вас получилось!<br>\r\nТеперь, нужно открыть уже Новый Курс!<br>\r\nЧтобы, всё, вместе, у Вас сложилось!</b></p>\r\n\r\n<p class=\"poem\"><b>Клятва на Крови &ndash; это последняя стадия!<br>\r\nКлятва сформирует Одно Целое!<br>\r\nКлятва на Крови, совсем не оказия!<br>\r\nА, это страна в Духе Белая!</b></p>\r\n\r\n<p class=\"poem\"><b>Вы, наконец, в Небе и вместе с Небом!<br>\r\nТьма остаётся на берегу!<br>\r\nВы идёте в Небо, со своим Светом!<br>\r\nЯ, Ваше движение, очень берегу!</b></p>\r\n\r\n<p class=\"poem\"><b>Теперь, Вы можете, одновременно,<br>\r\nМенять Небо и самих людей!<br>\r\nНичего, не бывает, временным!<br>\r\nВы, уже люди-Боги Высших Мастей!</b></p>\r\n\r\n<p class=\"noind\">Да будет Свет Истины!<br>\r\nОтец Абсолют или Высший Космический Разум!</p>\r\n","Files":null,"Date":"2025-05-04T18:07:41.639+03:00","DateChange":"2025-05-04T18:08:27.8+03:00","Link":"poems/04.05.25","Id":"681782ebc84c4afd5e587f1c","Srv":"otk","Deleted":false,"Titles":["Вы, наконец, в Небе и, вместе, с Небом!"]}
{"Data":{"Next":"poems/02.05.25","NoFooter":false,"PoemOutDict":false,"Titles":null,"Number":"№01 (3272)"},"Active":true,"Catalog":"570ef2fcd07cda3e16f93ef7","Description":"<p class=\"poem\">Люди не могут отказаться от Бога, ибо Он дал жизнь!<br>\nЛюди, уходящие от Бога, теряют с Ним связь!<br>\nЛюди не должны терять связь с Богом, или не будут жить!<br>\nСуществует, между всеми, на Небе, тонкая вязь!</p>\n\n<p class=\"poem\">Люди, сегодня, очень далеки от Неба и от Бога!<br>\nЖизнь человека, без этой связи, не может устроиться!<br>\nКаждый человек проходит, подведение Итогов!<br>\nЧеловек, с Судьбой своей, так и не может определиться!</p>\n\n<p class=\"poem\">Человек, определил, богатство, жизни своей, итогом!<br>\nНо, богатство, очень часто, не бывает промыслом Правды!<br>\nВласть, формирует для себя и страны, денежные потоки!<br>\nДеньги или золото, определяют для людей, Завтра!</p>\n\n<p class=\"poem\">Люди Пятой эпохи, не могут думать по-другому!<br>\nРелигии, тоже, грешат благами или деньгами!<br>\nЛюди, сами подошли к итогу или выводу, такому!<br>\nЛюди обманули себя, в этом отношении, сами!</p>\n\n<p class=\"poem\">Остановить эту вакханалию, уже никто не может!<br>\nЛюди продали Создателя и самих себя!<br>\nСоздатель, в конце этого года, все грехи людей, сложит!<br>\nУ человека к Создателю, разрушенная стезя!</p>\n\n<p class=\"poem\">Каждый Лидер страны, думает, только, о своём!<br>\nВсе мысли Его, конечно, не о простом человеке!<br>\n<b>Из всех стран, только, Россия, с Богом вдвоём!<br>\nРоссия останется одна, в Новой Эпохе или веке!</b></p>\n\n<p class=\"poem\">Европа воюет, только за свой интерес!<br>\nОна хочет ограничить России действия!<br>\nСо стороны Европы на Россию, огромный пресс!<br>\nЗабывая, что на все действия есть, всегда, следствия!</p>\n\n<p class=\"poem\">Украина, рвётся перебраться в Европу!<br>\nУкраина, мечтает получить от Европы, поддержку!<br>\nОна рассчитывает, на военную, из Европы, тропу!<br>\nУ Народа, бросившего Родину, нет, даже, выдержки!</p>\n\n<p class=\"poem\">Власть России, у Народа, тоже, не имеет поддержки!<br>\nНо, она считает, что Россию ожидает Победа!<br>\nУ Создателя Мира сего, на всё, хватает выдержки!<br>\nОн видит, что над Россией, спустилась беда!</p>\n\n<p class=\"poem\">Правда, у России есть свои преимущества!<br>\nРоссия, начала играть, по Правилам Создателя!<br>\nРоссия – это огромная страна и это - Бога имущество!<br>\nСоздатель предложит России, условия Победителя!</p>\n\n<p class=\"poem\">Россия, не должна говорить, конфиденциально!<br>\nСоздателем сохранён, Её военный потенциал!<br>\nСоздатель укрепил Россию в Духе, значительно!<br>\nРоссия, для человечества – Небесный, теперь, Астрал!</p>\n\n<p class=\"poem\"><b>Нельзя, ничего, сегодня, отложить в сторону!<br>\nОбъединенная с Богом, Россия - это Небесная сила!<br>\nЕвропа понесёт, в этом сражении, урон!<br>\nСоздатель возможности России, значительно, укрепил!</b></p>\n\n<p class=\"poem\">Силы Европы уже, насовсем, разделены!<br>\nАмерика, как всегда, расплачивается, валютой!<br>\nСуммы валютных взносов, уже, определены!<br>\nАмерика, сама себя, сильно, запутала!</p>\n\n<p class=\"poem\">Америке, всегда, необходимо первенство!<br>\nЕвропа мечтает о Победе над Россией, тоже!<br>\nАмерика, рассматривает только деньги, естественно!<br>\nНо, Создатель, остановить их, всех, сможет!</p>\n\n<p class=\"poem\"><b>Европа, первая, очень скоро, подойдёт к концу!<br>\nАмерика поймёт, что слишком много проблем!<br>\nУкраина, поклонится Идеологическому предательству!<br>\nВ Новой Эпохе, больше не будет таких Тем!</b></p>\n\n<p class=\"noind\">Да будет Свет Истины!<br>\nОтец Абсолют или Высший Космический Разум!</p>\n<p class=\"noind\">01.05.2025</p>\n\n<div class=\"next\"><a name=\"2\"></a>\n<h1><span class=\"date\">01.05.2025 </span></h1>\n</div>\n\n<p class=\"poem\">Мир тянет вглубь Меня, в утробу!<br>\nГде всё кипит, но, без огня!<br>\nЯ не хочу, такое пробовать!<br>\nВедь, в Небо ведёт Меня стезя!</p>\n\n<p class=\"poem\">Я так хочу подняться выше!<br>\nХочу увидеть чистоту Небес!<br>\nМне голос Бога уже слышен!<br>\nНо, человека караулит Бес!</p>\n\n<p class=\"poem\">Борьба внутри и вне меня!<br>\nЗа каждое мгновение такое!<br>\nЯ разрываю себя, ради себя!<br>\nМне невозможно быть в покое!</p>\n\n<p class=\"poem\">Нам быт и покой не снятся!<br>\nПокоя нет, во сне и наяву!<br>\nЛюбовь нам в Души просится!<br>\nНо, Я, в покое, не смогу!</p>\n\n<p class=\"poem\">Мне на Планете места нет!<br>\nГде, чистота с покоем, вечны!<br>\nПредложен Богом, в бой Билет!<br>\nЗа этот бой, поставлю свечи!</p>\n\n<p class=\"noind\">Создатель!</p>","Files":null,"Date":"2025-05-01T12:44:59.922+03:00","DateChange":"2025-05-04T16:16:22.041+03:00","Link":"poems/01.05.25","Id":"681342b9415b9c12ed98ddda","Srv":"otk","Deleted":false,"Titles":["Нельзя ничего, сегодня, отложить в сторону!"]}
{"Data":{"Next":"poems/04.05.25","NoFooter":false,"PoemOutDict":false,"Titles":null,"Number":"№03 (3274)"},"Active":true,"Catalog":"570ef2fcd07cda3e16f93ef7","Description":"<p class=\"poem\">Сегодня, наступает удивительный Миг прозрения!<br>\r\nИбо, теперь Россию от Мира не отличить!<br>\r\nТеперь, как и для всех стран, важен фактор везения!<br>\r\nТеперь, уже никого из всех, стран, нельзя выделить!</p>\r\n\r\n<p class=\"poem\">В Мире идёт уже Мировая война за территории!<br>\r\nУкраина, первая, выставила на продажу себя!<br>\r\nЕй очень хотелось поднять уровень своей категории!<br>\r\nИ, тем самым, возвысить, только, себя!</p>\r\n\r\n<p class=\"poem\">Ей очень хотелось, выгодно, продать территорию!<br>\r\nС учётом Крымского полуострова!<br>\r\nЗа счёт Израиля планировалось, поднять категорию!<br>\r\nНо, оказалось, что это, только, слова!</p>\r\n\r\n<p class=\"poem\">Забыли, что Украина &ndash; это часть Великой Руси!<br>\r\nНо, Запад думает об этом, по-своему!<br>\r\nУкраина решила, больше разрешения ни у кого, не просить!<br>\r\nЗахотела в Европу вступить, по-новому!</p>\r\n\r\n<p class=\"poem\">У страны денег нет, но есть территория!<br>\r\nКазалось, что Россия повлиять не сможет!<br>\r\nИз-за Крымской территории и акватории,<br>\r\nЕй Запад, с самостоятельностью, поможет!</p>\r\n\r\n<p class=\"poem\">У власти России не хватило Мудрости!<br>\r\nНужно было сделать, привлекательное предложение!<br>\r\nНе было внутри власти, никакой слаженности!<br>\r\nНадо было срочно вернуть, к Союзу движение!</p>\r\n\r\n<p class=\"poem\">Надо было объяснить, что вся сила, если Вместе!<br>\r\nНадо было вернуть Единый Фронт!<br>\r\nСоветский Союз был готовым для этого, местом!<br>\r\nНо, власти стали, вместо этого, наполнять свой рот!</p>\r\n\r\n<p class=\"poem\">Был брошен клич, давайте обогащать, свою спесь!<br>\r\nПонятно было, что за счёт Великой страны!<br>\r\nОт Гайдара и Чубайса пошла, в Народ, эта весть!<br>\r\nСтрана, мгновенно превратилась, в огрызок страны!</p>\r\n\r\n<p class=\"poem\">Известно, что страна без Идеологии &ndash; не страна!<br>\r\nИли, это такая страна, уже, как все!<br>\r\nСоюз был превращён в открытую рану!<br>\r\nГде правит Тьма, как и в Мире, везде!</p>\r\n\r\n<p class=\"poem\">За тридцать лет, Россия до дна, упала!<br>\r\nДо уровня примитивного рынка!<br>\r\nРоссия из Лидеров Мира, проблемой стала!<br>\r\nБез Идеологии, любая страна в убытке!</p>\r\n\r\n<p class=\"poem\">Власть страны проявила свои &laquo;способности&raquo;!<br>\r\nЧеловек, оказался ненужным, стране!<br>\r\nВ управлении силой нет никакой сложности!<br>\r\nСтрана потеряла свой путь в Небесной Пране!</p>\r\n\r\n<p class=\"poem\">Такой стране, как Россия, нужна Идеология!<br>\r\nНо, если Идеология, то Идеология Равенства!<br>\r\nСегодня, Россия на грани патологии!<br>\r\nНарод заслужил сам, для себя рабство!</p>\r\n\r\n<p class=\"poem\">Теперь, никто в Мире, не видит в Ней Лидера!<br>\r\nНет, в России, ничего особенного!<br>\r\nОстались, лишь, в Памяти Народа, боевые ордена!<br>\r\nОстались позади и страны возможности!</p>\r\n\r\n<p class=\"poem\"><b>Страна &ndash; это, теперь, чья-то собственность!<br>\r\nСобственность наворованная!<br>\r\nТеперь, и Народ тоже стал особенным!<br>\r\nА, Страна властью своей, проданная!</b></p>\r\n\r\n<p class=\"poem\"><b>Раньше Народ понимал, что всё это &ndash; своё!<br>\r\nТеперь страна в частных руках!<br>\r\nТеперь, страной руководит ворьё!<br>\r\nНарод страны, теперь проживает в муках!</b></p>\r\n\r\n<p class=\"poem\"><b>Так не должно быть и так не будет!<br>\r\nСотворить в стране Равенство прислан Мессия!<br>\r\nОн хорошо, свой от Бога, Путь знает!<br>\r\nУ России, от Бога, Спасителя Мира, Миссия!</b></p>\r\n\r\n<p class=\"poem\">Россия возродит Равенство, а, значит, Идеологию!<br>\r\nСоздатель поручил Ей вести Шестую Эпоху!<br>\r\nВесь Мир, из-за войны, уже на грани патологии!<br>\r\nРоссия, Союзом откроет, начало, Новой Эпохи!</p>\r\n\r\n<p class=\"poem\"><b>Идеология Союза была и есть Любовь и Равенство!<br>\r\nЭто, то, что нёс Собой Советский Союз!<br>\r\nЭтой Идеологии будет в Новой Эпохе Главенство!<br>\r\nБольше не будет никакой Юз!</b></p>\r\n\r\n<p class=\"poem\">Повторяю, людям нужна Единая Идеология!<br>\r\nТочнее, Единое направление движения!<br>\r\nВсех, кто против этого, коснётся патология!<br>\r\nЛюдям рынка грозит, полное, уничтожение!</p>\r\n\r\n<p class=\"poem\"><b>Россия объявит, всем, направление Пути!<br>\r\nСоздатель, поддержит, Россию, решительно!<br>\r\nРоссия &ndash; это будут люди-Боги, по Сути!<br>\r\nЭто будет Единая Раса в Мире, действительно!</b></p>\r\n\r\n<p class=\"noind\">Да будет Свет Истины!<br>\r\nОтец Абсолют или Высший Космический Разум!</p>\r\n","Files":null,"Date":"2025-05-03T00:00:00+03:00","DateChange":"2025-05-04T16:01:41.412+03:00","Link":"poems/03.05.25","Id":"68176535c84c4afd5e587f1b","Srv":"otk","Deleted":false,"Titles":["Россия объявит всем, направление пути!"]}
{"Data":{"Next":"poems/03.05.25","NoFooter":false,"PoemOutDict":false,"Titles":null,"Number":"№02 (3273)"},"Active":true,"Catalog":"570ef2fcd07cda3e16f93ef7","Description":"<p class=\"poem\">У каждого человека, есть своя жизнь!<br />Определяемая, конечно, Создателем!<br />Человек, выбирает, как ему быть!<br />Человек Судьбы своей, созидатель!</p>\n<p class=\"poem\">Человек по Судьбе живёт, среди людей!<br />Люди формируют страну по Богу!<br />Человек выбирает, что для него важней?<br />При подведении Судьбы в итоге!</p>\n<p class=\"poem\">Душу и Судьбу человека определяет Бог!<br />Он готовит для человека и родителей!<br />Это помогает человеку подвести Итог!<br />Человек Рода своего, устроитель!</p>\n<p class=\"poem\">Человек должен принять свою линию!<br />Не короткую, а длиной, в жизнь!<br />У человека в жизни, несколько линий!<br />Но, не бывает у него, много жизней!</p>\n<p class=\"poem\">Человеку, необходима Идеология!<br />Он выбирает, путь к Свету или в Тень?<br />Человека без Идеологии, ждёт патология!<br />Человек, при жизни должен, уничтожать Тень!</p>\n<p class=\"poem\">Человеку, трудно, жить, в одиночку!<br />Такой путь, для человека, сложен!<br />Человек, должен, на карте жизни, определить точку!<br />Достижение, которой для него, возможно!</p>\n<p class=\"poem\">Сегодня, как и вчера, путь человека сложен!<br />Государство пишет, для себя, Законы!<br />В Государстве путь человека, не заметен!<br />Человек, к сожалению, не знает Бога Каноны!</p>\n<p class=\"poem\">В Канонах описан Путь человека!<br />Человек в Боге, не ошибается никогда!<br />Скоро, наступает Новая Эпоха и века!<br />Без знаний Канонов, этот путь в никуда!</p>\n<p class=\"poem\"><strong>Нельзя, отменить этой жизни, Правила!<br />И нельзя, продолжать прошлый Путь!<br />У человека, есть в Вечность, Право!<br />Главное, для человека, человеком быть!</strong></p>\n<p class=\"poem\">Сегодня, этот грешный Мир на перепутье!<br />Ибо, нет, ещё, Правил для Новой жизни!<br />Перед человечеством не дорога, а распутье!<br />Вот, когда, человек может стать лишним!</p>\n<p class=\"poem\"><strong>Лишней, не может быть часть, Бога!<br />Каждый человек &ndash; это часть Сознания!<br />Пятая Эпоха заканчивается плохо,<br />Ибо, не было в жизни людей, Создателя!</strong></p>\n<p class=\"poem\">Бога подменили религиями, сами люди!<br />Придумавший религии, был врагом людей!<br />Окончание Пятой Эпохи, это Начала, прелюдия!<br />Сегодня, это человечеству, станет видней!</p>\n<p class=\"poem\">Война Славян &ndash; это отображение Эпохи конца!<br />Ибо, нет причин для этой войны!<br />Отделение от России, это влияние, от Тьмы Гонца!<br />И это, опаснее, для Мира вдвойне!</p>\n<p class=\"poem\">Был Великий и Единый Народ в Боге!<br />Была под Богом, одна шестая часть Мира!<br />Гордыня и глупость стали разлучниками в Итоге!<br />Создатель, не был в России, ориентиром!</p>\n<p class=\"poem\">Главное, что у власти люди, начали красть!<br />Это пагубное в Духе приобретение!<br />Организовалась в Народе воровская масть!<br />Началось внутреннее в стране, разложение!</p>\n<p class=\"poem\">Погибла Украина, находясь в Европе!<br />Россия, тоже, начала делиться на части!<br />Нет, никакого, даже, разговора о Духовном поле!<br />Люди забыли, что жить надо по Совести!</p>\n<p class=\"poem\">Теперь, России трудно устоять против Тьмы!<br />Россия, уже перешла в стан капитала!<br />Она, теперь, стоит у ворот тюрьмы!<br />Россия, уже почти, до дна падения, достала!</p>\n<p class=\"poem\">Спасти Россию, может теперь, только, человек!<br />Человек с Сознанием Отца Основателя!<br />Пророк-Мессия уже показал, главный разбег!<br />Разбег людей в Боги или в Создателя!</p>\n<p class=\"poem\"><strong>Нужно всё пропустить через Душу!<br />Нужно пройти очищение всех грехов!<br />Слышащий, Бога, всегда, услышит!<br />Человек должен жить в Духе, без оков!</strong></p>\n<p class=\"noind\">Да будет Свет Истины!<br />Отец Абсолют или Высший Космический Разум!</p>\n<p class=\"noind\">02.05.2025</p>\n<div class=\"next\"><a></a>\n<h1><span class=\"date\">02.05.2025 </span></h1>\n</div>\n<p class=\"poem\">Опять пурга, опять тревога!<br />Весь Мир объятый тишиной!<br />Ведь в человеке нет отваги!<br />Он в этом Мире, чуть живой!</p>\n<p class=\"poem\">Он вспоминает про пространство!<br />В нём нет Величия пути!<br />В нём нет Любви, одно мытарство!<br />В нём нет Сознания Души!</p>\n<p class=\"poem\">Он, словно, вне Пространства!<br />Он всё и его нигде нет!<br />Он постоянно в странствии!<br />Не может он найти ответ!</p>\n<p class=\"poem\">Он так живёт без Горизонта!<br />Весь горизонт &ndash; Его Судьба!<br />Он не имеет для себя Зонта!<br />И жизнь проходит по дуге!</p>\n<p class=\"poem\">Без цели, нет ученика!<br />Нет в жизни, никакой опоры!<br />Напрасна, такой жизни, река!<br />Жизнь сопровождают споры!</p>\n<p class=\"poem\">Человек оторван от Бога!<br />Но, Бог сотворил Мир!<br />Нет без Бога никакого Итога!<br />Жизнь &ndash; это счастливый Пир!</p>\n<p class=\"poem\">Бог, себя видит, как ориентир!<br />Человек &ndash; это пока, плоскость!<br />Из этого не получится Мир!<br />Вместо Любви есть жёсткость!</p>\n<p class=\"poem\">Человек, совсем, забыл Бога!<br />Он идёт, не имея Цели!<br />Жизнь &ndash; это смерть, в итоге!<br />Человек стоит на мели!</p>\n<p class=\"noind\">Создатель!</p>","Files":null,"Date":"2025-05-02T00:00:00+03:00","DateChange":"2025-05-04T15:54:11.272+03:00","Link":"poems/02.05.25","Id":"68175adec84c4afd5e587f1a","Srv":"otk","Deleted":false,"Titles":["Душу и Судьбу человека, определяет Бог!"]}
{"Data":{"Next":"poems/01.05.25","NoFooter":false,"PoemOutDict":false,"Titles":null,"Number":"№31 (3271)"},"Active":true,"Catalog":"570ef2fcd07cda3e16f93ef7","Description":"<p class=\"poem\">Людям не понятно, что Создатель сотворил, этот Мир!<br>\r\nИ, что люди тоже, есть Создателя произведение!<br>\r\nУ людей, по-прежнему, на разные религии, ориентир!<br>\r\nЛюди, продолжают жить, рассчитывая на везение!</p>\r\n\r\n<p class=\"poem\">Сегодня, накануне Новой, уже Шестой, Эпохи!<br>\r\nЛюди не знают, что в Новой Эпохе, им ожидать!<br>\r\nПо поводу будущего, раздаются напрасные вздохи!<br>\r\nЛюди планируют то, что Создатель не может принять!</p>\r\n\r\n<p class=\"poem\">Сегодня, во время войны Славян, людям не ясен, конец!<br>\r\nМир, без размышления, катится к разрушению!<br>\r\nТолько Россия, надеется получить от Бога Венец!<br>\r\nЗа попытку остановить, этой войны, распространение!</p>\r\n\r\n<p class=\"poem\">Люди не хотят понять, что Бог не приемлет войну!<br>\r\nИбо война &ndash; это разрушение старого и Нового!<br>\r\nНадо помнить, что Мир развивается по-разному!<br>\r\nНовая Эпоха &ndash; это развитие на 26000 лет, но, уже, другого!</p>\r\n\r\n<p class=\"poem\">Нечего людям взять из прошлого, ибо Там, нет ничего!<br>\r\nПредыдущая Эпоха, людям ничего не оставила!<br>\r\nСоздатель решил, России подставить своё плечо!<br>\r\nРоссия, теперь, на Новый Мир, свою жизнь, поставила!</p>\r\n\r\n<p class=\"poem\">Люди, в этой войне, не видят никакого конца!<br>\r\nКапитализм и неравенство, не нужны Богу!<br>\r\nЛюди неверия, победного не достигнут Венца!<br>\r\nДля них наступает время, подведения Итога!</p>\r\n\r\n<p class=\"poem\">Что бы ни хотели, Европа и США, Победы не будет!<br>\r\nЕсть Планы Создателя и, в Новый Мир, путь!<br>\r\nПро капитал, и рынок, люди будущего, забудут!<br>\r\nТолько, Россия подписала Договор с Богом &ndash; это Суть!</p>\r\n\r\n<p class=\"poem\">Поэтому все обсуждения, про сегодня, это уже старо!<br>\r\nИдеологии у человечества, для Завтра, никакой нет!<br>\r\nПопытка Европы победить Россию, это смешно!<br>\r\nУ стран, воюющих с Россией, будущего, тоже, нет!</p>\r\n\r\n<p class=\"poem\">Мир, не понял, предложение Союза, в начале века!<br>\r\nСоюз, без участия Бога, продержался 70 лет!<br>\r\nРоссия получила, через Мессию, Знания Завета!<br>\r\nОна через 30 лет, от Бога, в Космос, получила Билет!</p>\r\n\r\n<p class=\"poem\">Никто из людей, не понял, такой скачок России!<br>\r\nМногие люди, продолжают идти по-прежнему!<br>\r\nТеперь, роль Белого Царя, переходит к Мессии!<br>\r\nНо, люди относятся к этому, очень небрежно!</p>\r\n\r\n<p class=\"poem\">Эволюция Сознания &ndash; это Космоса закономерность!<br>\r\nКоторую, отменить никому нельзя!<br>\r\nРоссия предлагает Любви и Равенства, меру!<br>\r\nЭто будет, России с Создателем, направляющая стезя!</p>\r\n\r\n<p class=\"poem\">Мир не хочет знать, что Новая впереди Эпоха!<br>\r\nЭпоха, длительностью в 26000 лет!<br>\r\nНет у людей, никакого рычага против Новой Эпохи!<br>\r\nРоссия, от Бога получила в Космос Билет!</p>\r\n\r\n<p class=\"poem\">Прошлое человечество уже не вернётся!<br>\r\nЛюди неверия, не интересны Создателю!<br>\r\nШестая Эпоха, по-Новому раскроется!<br>\r\nЛюди, будут Новой Идеологии, почитателями!</p>\r\n\r\n<p class=\"poem\">Не будет больше обычных стран или конструкций!<br>\r\nИстория показала, что люди, не могут управлять!<br>\r\nЧерез Россию, Создатель передаст, Новую инструкцию!<br>\r\nРоссию, в Новом обличии, будет уже не узнать!</p>\r\n\r\n<p class=\"poem\">Сегодня, Россия спешит, со своим преображением!<br>\r\nИбо, Россию уже ожидает Квантовый переход!<br>\r\nЛюди начали, самостоятельно, в Боги, движение!<br>\r\nРоссия, в конце этого Года, сделает свой ход!</p>\r\n\r\n<p class=\"poem\">Шестая Эпоха &ndash; это время Божественной Монархии!<br>\r\nСоздатель подготовит в Духе Отечество!<br>\r\nНе будет, больше никогда рынка или анархии!<br>\r\nБудет в Духе, Белое уже человечество!</p>\r\n\r\n<p class=\"poem\">Прошлых религий, в Шестой Эпохе, не будет!<br>\r\nОт них, останется, только людей фантазия!<br>\r\nЛюди прошлый Мир, окончательно, позабудут!<br>\r\nПрошлое, останется, как историческая оказия!</p>\r\n\r\n<p class=\"noind\">Да будет Свет Истины!<br>\r\nОтец Абсолют или Высший Космический Разум!</p>\r\n","Files":null,"Date":"2025-04-30T12:35:39.362+03:00","DateChange":"2025-04-30T12:36:14.109+03:00","Link":"poems/30.04.25","Id":"6811ef0e415b9c12ed98ddd6","Srv":"otk","Deleted":false,"Titles":["Мир не хочет знать, что Новая впереди Эпоха!"]}
