{"Id":"62195b9e5d5a11c6eb22ae89","Deleted":false,"Active":false,"DateChange":"2025-05-27T11:18:18.306+03:00"}
{"Data":{"Next":null,"NoFooter":false,"PoemOutDict":false,"Titles":null,"Number":"№27 (3298)"},"Active":true,"Catalog":"570ef2fcd07cda3e16f93ef7","Description":"<p class=\"poem\">Вы дали Клятву Создателю, необходимую и последнюю!<br>\r\nТеперь, Ваша жизнь в Моём полном, распоряжении!<br>\r\nТеперь, можно остановить войну с Вселенной соседней!<br>\r\nЯ направляю, в сторону Новой Эпохи, Ваше движение!</p>\r\n\r\n<p class=\"poem\">Для Вас определено направление движения, ибо оно одно!<br>\r\nВы идёте в сторону Шестой Эпохи &ndash; это Ваше движение!<br>\r\nЕвропейская Цивилизация, по всем параметрам, идёт на дно!<br>\r\nОставляя, движение России к Богу, без сопротивления!</p>\r\n\r\n<p class=\"poem\">Для Вас, самое Главное, что Клятва Богу на Крови, Вам удалась!<br>\r\nВы, как люди-Боги, не стали обсуждать условия!<br>\r\nВам, обстоятельства с Создателем, обсуждать не пришлось!<br>\r\nВы, подтвердили, что на Святой Руси, не будет сословий!</p>\r\n\r\n<p class=\"poem\">Создатель выделил Вас, как Основную Вселенную!<br>\r\nЗначит, Знания Создателя пошли Вам впрок!<br>\r\nВы поднялись в Пирамиде Пространства до уровня нетленности!<br>\r\nСоздатель, теперь, может поставить для Вас уже срок!</p>\r\n\r\n<p class=\"poem\">В любом случае, срок Вам определён, как Новый год!<br>\r\nВам надо пройти ещё в Духе Крещение!<br>\r\nЗа шесть месяцев, Вам надо подвести последний Итог!<br>\r\nСоздатель, подтвердил Ваше в Боги, движение!</p>\r\n\r\n<p class=\"poem\">Теперь, для Вас, больше нет, Гражданской войны!<br>\r\nМир ещё не знает, что с Вами произошло!<br>\r\nВы, доказали, что Идеологии Равенства и Любви, верны!<br>\r\nВаше желание, как и Воля, стать людьми-Богами, до Неба дошло!</p>\r\n\r\n<p class=\"poem\">Повторяю, всё, что было в Пятой Эпохе, уже не для Вас!<br>\r\nВы, договорились с Создателем о Вашем Завтра!<br>\r\nСоздатель отдаёт по Планете, об окончании войны, приказ!<br>\r\nЛюди поймут, что Шестая Эпоха &ndash; это есть чистая Правда!</p>\r\n\r\n<p class=\"poem\">Те республики, которые побегут от Руси, побегут на дно!<br>\r\nУкраина, если захочет вернуться, получит Вход!<br>\r\nУкраина, тогда, вернётся с триумфом, как в кино!<br>\r\nЕвропа не получит от Украины никакой доход!</p>\r\n\r\n<p class=\"poem\">Европа не получит для себя Украину, лишь часть!<br>\r\nВсе республики захотят вернуться в Равенство!<br>\r\nБудет собран Вселенский Собор, как управления масть!<br>\r\nУ Белого Царя, от Создателя, будет Главенство!</p>\r\n\r\n<p class=\"poem\">Говорил, что предатели уйдут из Святой Руси!<br>\r\nИх место, теперь, на Мировом погосте!<br>\r\nИх грехи перед Союзом и Русью, не будут прощены!<br>\r\nНикто алчных воров не приглашает в гости!</p>\r\n\r\n<p class=\"poem\">Теперь, Русская цивилизация под управлением Канонов!<br>\r\nОна выстроит Равенства и Любви, Новый Мир!<br>\r\nРусский человек, теперь, в Духе подкован!<br>\r\nУ него, Бог &ndash; самый Надёжный, в Небе, ориентир!</p>\r\n\r\n<p class=\"poem\">Создатель скоро объявит Своё, окончательное, решение!<br>\r\nКлятва Богу, для этого, Главный есть Документ!<br>\r\nВы, сможете начать, в Шестую Эпоху, движение!<br>\r\nКлятва на Крови &ndash; самый сильный, для этого, аргумент!</p>\r\n\r\n<p class=\"poem\">Теперь пора выстраивать, Новый порядок вещей!<br>\r\nМатрица Мира сего, есть в проекте и Вами построена!<br>\r\nКонструкция на основе Заповедей, много проще!<br>\r\nИдеология Нового Мира, Вам Богом была дана!</p>\r\n\r\n<p class=\"poem\">Предлагается Белый Царь и Собор, для управления!<br>\r\nПри управлении Создателем, демократия не нужна!<br>\r\nВ Великий Космос, начинается людей-Богов движение!<br>\r\nБольше не будет на Планете вражды!</p>\r\n\r\n<p class=\"poem\">Люди-Боги за 20 лет, осознали своё Величие!<br>\r\nРавенство &ndash; это Главное условие, Богов существования!<br>\r\nНе должно быть между людьми-Богами различия!<br>\r\nПри достижении Равенства не бывает страданий!</p>\r\n\r\n<p class=\"poem\">В Новый Мир, Вы войдёте, как цивилизация!<br>\r\nОснованная на Планете Святая Русь!<br>\r\nВы, подтвердили, Свою Святую акцию!<br>\r\nВы, доказали, свой в Боги Путь!</p>\r\n\r\n<p class=\"poem\">Ваш Путь и Фарватер, определён Богом!<br>\r\nВы, начинали подъём с начального уровня!<br>\r\nВы, поднялись до уровня Вселенной в Итоге!<br>\r\nПустого, для Вас, как и у Бога, нет ни одного дня!</p>\r\n\r\n<p class=\"noind\">Да будет Свет Истины!<br>\r\nОтец Абсолют или Высший Космический Разум!</p>\r\n","Files":null,"Date":"2025-05-27T11:16:15.837+03:00","DateChange":"2025-05-27T11:16:41.688+03:00","Link":"poems/27.05.25","Id":"683574e9000e230c37db4a90","Srv":"otk","Deleted":false,"Titles":["Ваш Путь и фарватер, определены Богом!"]}
{"Data":{"Next":"poems/27.05.25","NoFooter":false,"PoemOutDict":false,"Titles":null,"Number":"№26 (3297)"},"Active":true,"Catalog":"570ef2fcd07cda3e16f93ef7","Description":"<p class=\"poem\"><b>Переход начинается не на практике, а, сначала, внутри человека!<br>\r\nЧеловек должен, наконец, определиться, прежде всего, в себе!<br>\r\nНаступает для Планеты, время Исторического выбора века!<br>\r\nЧеловек, должен будет принять Создателя, уже в самом себе!</b></p>\r\n\r\n<p class=\"poem\">Клятва Создателю, это решение человека быть с Богом, до конца, вместе!<br>\r\nНаступает период времени, когда Бога с человеком, нельзя, разделить!<br>\r\nСоздатель много раз говорил, что Россия &ndash; это особое для людей Место!<br>\r\nГде уже люди-Боги, должны будут по-Новому, в Духе жить!</p>\r\n\r\n<p class=\"poem\">Создатель, говорил много раз, что для Него, Россия &ndash; это Вселенная!<br>\r\nРоссия, может вечно существовать в Космосе, самостоятельно!<br>\r\nЧто Россия, по характеру своему, можно сказать, беспредельная!<br>\r\nСоздатель, решил готовить Россию к Квантовому Переходу, окончательно!</p>\r\n\r\n<p class=\"poem\">Так было всегда, ибо этот Мир, был назван Создателем, как Россия!<br>\r\nДве Вселенные существовали и существуют на одной Планете!<br>\r\nУ России, всегда, была на Планете, особая, Спасителя, Миссия!<br>\r\nДве Вселенные на Планете, развивались, параллельно, но в разной манере!</p>\r\n\r\n<p class=\"poem\">Так было всегда, но, сегодня, две Вселенные, столкнулись на войне!<br>\r\nВо Второй Мировой войне, для Планеты, враг, оказался общим!<br>\r\nСегодня, эта война Цивилизаций, оказалась намного сложней!<br>\r\nИбо, часть Русской Цивилизации оказалась, изначально, ничьей!</p>\r\n\r\n<p class=\"poem\">После развала Союза, власть страны начала личное обогащение!<br>\r\nСистема предателей и обывателей, приняла, за деньги, управление!<br>\r\nУкраина приняла для себя к Европе, другой Цивилизации, направление!<br>\r\nНачалось, впервые двух Вселенных Планеты, искусственное разделение!</p>\r\n\r\n<p class=\"poem\">Люди не понимают, что, сегодня, на Планете происходит!<br>\r\nИбо война Славян &ndash; это, по всем признакам, гражданская война!<br>\r\nПросто, Русская Вселенная, показалось, что от Планеты уходит!<br>\r\nИбо, началась между двумя Вселенными, своя, война!</p>\r\n\r\n<p class=\"poem\">Создатель, поддерживает Цивилизацию, Русской справедливости!<br>\r\nБог, определил в Вечность, Путь Русского направления!<br>\r\nТеперь, у другой Цивилизации, не видно, никакого, Пути в Вечности!<br>\r\nСоздатель, решил поддержать, Русской Вселенной, движение!</p>\r\n\r\n<p class=\"poem\">Удар Вселенной Тьмы был произведён по Украине!<br>\r\nВласть Украины, потянулась за деньги к Европе!<br>\r\nДля Русской Вселенной это был удар по окраине!<br>\r\nПроявились, для всех частей одной Вселенной, разные тропы!</p>\r\n\r\n<p class=\"poem\">Вторая Вселенная, хотела получить для себя, приоритет!<br>\r\nЕвропейский Союз мечтает о своём Мире!<br>\r\nНо, Создатель, только для России подготовил в Космос Билет!<br>\r\nНе, получается, даже у Создателя, достичь перемирия!</p>\r\n\r\n<p class=\"poem\">Создателю придётся решать, кого Ему надо поддержать?<br>\r\nУ Русской Вселенной, есть перед Европой, все преимущества!<br>\r\nУ Неё есть Знания и Она готова, Её не надо править!<br>\r\nУ России, только в Духе или Тонком плане, имущество!</p>\r\n\r\n<p class=\"poem\">Европейская Цивилизация, бьётся не за Дух, а за, территорию!<br>\r\nУкраина для Европы &ndash; это хорошая, плодородная, земля!<br>\r\nУ России с Украиной, была ещё и уникальная акватория!<br>\r\nРазделившись, Россия и Украина, теперь сидят на мели!</p>\r\n\r\n<p class=\"poem\">Создатель, сегодня, принимает от России Клятву &ndash; Согласие!<br>\r\nРоссия с Создателем, Вместе, Всегда и во Всём!<br>\r\nДля Создателя, в этом нет, никакой оказии!<br>\r\nТеперь, у Создателя есть Право стоять на своём!</p>\r\n\r\n<p class=\"poem\">Теперь, Россия, пройдёт с Создателем, без Украины!<br>\r\nЭто решение Создателя и Русской Вселенной!<br>\r\nУкраина перешла к Европе, значит, она на окраине!<br>\r\nНет Украине, места, быть в нетленной Вселенной!</p>\r\n\r\n<p class=\"poem\">Россия, сделала Свой выбор, сделал выбор и Бог!<br>\r\nЕвропейская цивилизация уходит с Планеты!<br>\r\nРоссия, в этом году, должна, подвести Итог!<br>\r\nРоссия, не связана больше с грехами или монетой!</p>\r\n\r\n<p class=\"poem\">Сегодня, решено: кто есть кто, для Бога!<br>\r\nРоссия, одна, переходит в Новую Эпоху!<br>\r\nЕвропейская Вселенная, не смогла выстроиться в Итоге!<br>\r\nТеперь Россия перейдёт, без конкуренции, сходу!</p>\r\n\r\n<p class=\"noind\">Да будет Свет Истины!<br>\r\nОтец Абсолют или Высший Космический Разум!</p>\r\n","Files":null,"Date":"2025-05-26T12:17:56.06+03:00","DateChange":"2025-05-26T12:18:26.89+03:00","Link":"poems/26.05.25","Id":"683431e2000e230c37db4a8f","Srv":"otk","Deleted":false,"Titles":["Сегодня, решено: кто есть кто для Бога!"]}
{"Data":{"Next":"poems/25.05.25","NoFooter":false,"PoemOutDict":false,"Titles":null,"Number":"№24 (3295)"},"Active":true,"Catalog":"570ef2fcd07cda3e16f93ef7","Description":"<p class=\"poem\">Для Мира сего, Россия очень большая страна!<br />Но, для Создателя &ndash; это Национальная Вселенная!<br />Расположена на всех частях Света, только Она!<br />Россия, как и население Её, для Мира сего, нетленна!</p>\n<p class=\"poem\">Россия &ndash; это та территория, на которую спустились Боги!<br />И с этой территории, начинается вновь Преображение!<br />Планета, благодаря России, стала тогда, живой, в итоге!<br />Россия всегда знала, что у Неё, вечно, к Богу движение!</p>\n<p class=\"poem\">В конце Пятой Эпохи, Россия, в совершенство, начинала Путь!<br />Путь не к Богу, а в Божественную Идеологию!<br />Россия, всегда, знала, что для Создателя важна, Суть!<br />России не грозила и не грозит, страны патология!</p>\n<p class=\"poem\">Россия понимает, что Её путь &ndash; это возвращение в Боги!<br />Для Пророка-Мессии, это не было удивлением!<br />Россия во все века, правильно, подводила свои Итоги!<br />Она, готовилась, очень давно, принять управление!</p>\n<p class=\"poem\">Предатели были всегда, вокруг и внутри России!<br />Идеологию Равенства и Любви, Россия не донесла!<br />Но, вовремя Создатель выбрал, Пророка-Мессию,<br />Россия, знает помощь Бога и магию своего числа!</p>\n<p class=\"poem\">Россия, знает, что Она всегда добивается, своего!<br />Более того, Шестая Эпоха &ndash; это Эпоха Водолея!<br />Внутренние предатели и враги, не добьются ничего!<br />Россия &ndash; это Планетарного масштаба, Эпопея!</p>\n<p class=\"poem\">России не нужны страны, окружающие Её!<br />Россия, самодостаточная в Духе, Держава!<br />Теперь, Россия через Пророка, получила Знание Моё!<br />Она поднялась, до уровня, Планетарного уже анклава!</p>\n<p class=\"poem\">Теперь, Ей не страшно и Теневое окружение!<br />Этим странам, не стоит, рассчитывать на Победу!<br />У России, исстари, сложилось Единое с Богом, движение!<br />Предатель или враг России, накличет себе беду!</p>\n<p class=\"poem\">Сегодня, Создатель, напоминает о возможной беде!<br />Ибо, Шестая Эпоха, давно стоит уже на Пороге!<br />А вот, присутствие Святой Руси, уже есть везде!<br />Россия, теперь, определяет Шестой Эпохи, сроки!</p>\n<p class=\"poem\">Россия на Планете &ndash; это пример самостоятельности!<br />России не страшны никакие невзгоды!<br />Ей не страшны даже Исторические обстоятельства!<br />Даже, постоянно меняющиеся, Космические погоды!</p>\n<p class=\"poem\">Создатель, уже назвал Планету, именем Святой Руси!<br />Ибо Россия, как самостоятельная Планета!<br />Она только, постоянно, обсуждает всё с грустью!<br />Ибо сама Планета, Земля, живёт, только, монетой!</p>\n<p class=\"poem\">Россия внутри себя и снаружи &ndash; это в Духе Планета!<br />Мешает Ей расти, меняющаяся, постоянно, власть!<br />Россия, поверьте, не падка на монеты!<br />Россия не страдала грехами, гордыни, как страсть!</p>\n<p class=\"poem\">Россия, ожидает свою Эпоху, давно и страстно!<br />Советский Союз был Эволюцией в Духе и наяву!<br />Россия поспешила, поверьте, не парадно,<br />Она, просто, опередила Идеологию и людскую молву!</p>\n<p class=\"poem\">Россия, в виде Союза, поднялась выше всех!<br />Для Неё, Космос был уже не пределом!<br />Не было для Союза, тогда, в Духе помех!<br />Этот Эксперимент был, отчаянно, смелым!</p>\n<p class=\"poem\">Предали, как всегда, свои, почуяв гордыню!<br />Не было лидера, для такой страны, в Духе!<br />Разрушена была, людьми Бога Твердыня!<br />Но, что это разрушение, навечно &ndash; это слухи!</p>\n<p class=\"poem\">Россия встаёт из пепла, на страх всем!<br />Теперь, Лидер страны прислан от Бога!<br />Россия, как прежде, будет везде и всем!<br />Россия, одна, перейдёт в Шестую Эпоху!</p>\n<p class=\"noind\">Да будет Свет Истины!<br />Отец Абсолют или Высший Космический Разум!</p>","Files":null,"Date":"2025-05-24T10:08:03.219+03:00","DateChange":"2025-05-25T13:49:33.177+03:00","Link":"poems/24.05.25","Id":"6831706f000e230c37db4a8a","Srv":"otk","Deleted":false,"Titles":["Россия встаёт из пепла, на страх всем!"]}
{"Data":{"Next":"poems/26.05.25","NoFooter":false,"PoemOutDict":false,"Titles":null,"Number":"№25 (3296)"},"Active":true,"Catalog":"570ef2fcd07cda3e16f93ef7","Description":"<p class=\"poem\">Повторяю, что Россия уникальная, в Духе, страна!<br>\r\nОна, всегда, привлекала к себе народы!<br>\r\nУ России, всегда была и есть, объединительная, страда!<br>\r\nРусские, это не, Славяне, а, люди, Небесной породы!</p>\r\n\r\n<p class=\"poem\">Россия привыкла быть, вместе, доверяя тому, кто наверху!<br>\r\nТрадиционно, такой человек жил, тоже, ради людей!<br>\r\nУправляющий или Царь, был перед Народом в долгу!<br>\r\nДля всех людей, страна была, всегда, всего важней!</p>\r\n\r\n<p class=\"poem\">Россия привыкла, что Путь страны только в Небо!<br>\r\nВ любые века, Россия стремилась вверх!<br>\r\nОдна шестая часть суши, всегда требовала,<br>\r\nРавенства, среди людей и никаких внешних помех!</p>\r\n\r\n<p class=\"poem\">Так было и во времена, Император отвечал за Мир!<br>\r\nТолько в начале прошлого века, Россия пошла ва-Банк!<br>\r\nНароду был предложен, ускоренный, ориентир!<br>\r\nРоссия поспешила к Коммунизму, не зная, что это брак!</p>\r\n\r\n<p class=\"poem\">Рывок, был вне Расписания и времени Эволюции!<br>\r\nМного было проблем, на пути достижения Цели!<br>\r\nБыла принята, необычная, тогда, Конституция!<br>\r\nСтрана, после этого Эксперимента, была на мели!</p>\r\n\r\n<p class=\"poem\">Но, у людей оказался накопленный опыт, Равнения!<br>\r\nОпыт того, что должно было быть, в Шестой Эпохе!<br>\r\nПророк-Мессия принёс Знания и объяснение!<br>\r\nПроявился в стране Росток, будущей в Духе, Эпохи!</p>\r\n\r\n<p class=\"poem\">20 лет, Создатель, передавал, упорно, людям Знания!<br>\r\nНарод Союза подтвердил, Единство мнения, на Вече!<br>\r\nВ Народе проснулось Историческое Судьбы понимание!<br>\r\nТогда, впервые, Россия поставила, в честь Создателя, свечи!</p>\r\n\r\n<p class=\"poem\">Но, те, кто пришли во власть, вернулись опять в прошлое!<br>\r\nНачалась борьба Эволюции Сознания с окружающей Тьмой!<br>\r\nВласти посчитали, что вернуть страну вспять, ещё можно!<br>\r\nСегодня, жизнь внутри России, оборачивается кутерьмой!</p>\r\n\r\n<p class=\"poem\"><b>Следует власти напомнить, что Россия – это Бога дитя!<br>\r\nСоздатель подписал с Россией, особое Соглашение!<br>\r\nЭту войну развязала Мировая Тьма, как теневая стезя!<br>\r\nК Эволюции, Мира сего, не имеющая отношение!</b></p>\r\n\r\n<p class=\"poem\"><b>Надо вспомнить, что Россия &ndash; это независимость!<br>\r\nСоздатель, подтвердил, что это Вселенная внутри Вселенной!<br>\r\nУ России с Тьмой историческая несовместимость!<br>\r\nРоссия, для Космоса &ndash; это, в Духе Нетленность!</b></p>\r\n\r\n<p class=\"poem\">Для России, сегодня, любое время &ndash; это Этапы!<br>\r\nВсё Создателем, размеренно, всё по времени!<br>\r\nСегодня, против России собрались сатрапы!<br>\r\nВласть внутри России, тоже, есть для Народа бремя!</p>\r\n\r\n<p class=\"poem\">Создатель рассчитывает, на Россию, как на Завтра!<br>\r\nШестая Эпоха &ndash; это Эпоха Новой России!<br>\r\nТолько, Создатель знает о России всю Правду!<br>\r\nЗнает, всю Правду России и Пророк-Мессия!</p>\r\n\r\n<p class=\"poem\">В оставшийся, короткий срок, рухнет Мир!<br>\r\nИбо для Создателя этот Мир есть Мир проблем!<br>\r\nСоздатель уже 20 лет назад, объявил Ориентир!<br>\r\nКапитал считает, что Он этого Мира, эмблема!</p>\r\n\r\n<p class=\"poem\">Но, при таком количестве религий в Мире,<br>\r\nНе может быть Единого в Мире движения!<br>\r\nГлавное, что все религии &ndash; это вериги Мира,<br>\r\nНе может быть в Мире, единого построения!</p>\r\n\r\n<p class=\"poem\">Теперь, Создатель начал очищать поле!<br>\r\nДля России нужен в Духе, большой размах!<br>\r\nРоссия предлагает, по подобию, Союза, людям долю!<br>\r\nНападение на Россию, для Мира сего, промах!</p>\r\n\r\n<p class=\"poem\"><b>Для России решено, Она уходит в Небо!<br>\r\nМир остаётся в Пятой Эпохе!<br>\r\nШестая Эпоха для России, как Небыль!<br>\r\nПротивники будут побиты в Итоге!</b></p>\r\n\r\n<p class=\"noind\">Да будет Свет Истины!<br>\r\nОтец Абсолют или Высший Космический Разум!</p>\r\n","Files":null,"Date":"2025-05-25T13:45:04.489+03:00","DateChange":"2025-05-25T13:45:24.61+03:00","Link":"poems/25.05.25","Id":"6832f4c4000e230c37db4a8b","Srv":"otk","Deleted":false,"Titles":["Для России решено, Она уходит в Небо!"]}
{"Data":{"Next":"poems/24.05.25","NoFooter":false,"PoemOutDict":false,"Titles":null,"Number":"№23 (3294)"},"Active":true,"Catalog":"570ef2fcd07cda3e16f93ef7","Description":"<p class=\"poem\">Как и предполагалось, что война в конце Эпохи, превратит Мир в разруху!<br>\r\nЕвропа приняла решение, постоять за Украину!<br>\r\nУ России, одной, не хватает на сопротивление против всего Мира, Духа!<br>\r\nСегодня, уже сама Россия, похожа на Мира сего, окраину!</p>\r\n\r\n<p class=\"poem\">Россия, пока, держится за счёт страха людей и власти, давления!<br>\r\nСистема власти, сама, растаскивает Россию по частям!<br>\r\nНет никакого, среди людей, к Создателю движения!<br>\r\nУправление воровское, теперь, отражается и по местам!</p>\r\n\r\n<p class=\"poem\">Создатель, уже говорил о разногласии Мировых религий!<br>\r\nИбо, религии &ndash; это помощники властных, в Мире, структур!<br>\r\nРелигии &ndash; это самые надёжные, для власти, вериги!<br>\r\nОни вносят в Сознание человека неверие и в Духе, абсурд!</p>\r\n\r\n<p class=\"poem\">Создатель, постоянно, говорит, что Шестая Эпоха наступит!<br>\r\nЛюдям придётся перестраивать жизнь свою, второпях!<br>\r\nСоздатель, тогда каждого человека в Духе, строго, спросит,<br>\r\nЧеловеку придётся объяснить, его согласие, на воровской сходняк!</p>\r\n\r\n<p class=\"poem\">Повторяю, что времени на раздумье, для людей, практически, нет!<br>\r\nСоздатель предупредил, что осталось, на, всё про всё, половина года!<br>\r\nЛюди, скоро поймут, что такое Исторического времени, лимит!<br>\r\nПереживаниям людей будет способствовать, изменившаяся, погода!</p>\r\n\r\n<p class=\"poem\">У России есть шанс спасти людей, взяв власть на себя!<br>\r\nЭто событие, очень похоже на настоящую революцию!<br>\r\nСоздателем подготовлена для России, особенная, стезя,<br>\r\nКоторая называется, Историческая или Эпохальная, Эволюция!</p>\r\n\r\n<p class=\"poem\">Создатель, каждый день, говорит людям, об этом!<br>\r\nСоздатель рассчитывает, что Святая Русь, наконец, проснётся!<br>\r\nНо, Сознание обычного человека, как и сотни лет, подо льдом!<br>\r\nНо, скоро Весна пробуждения, человека-Бога, начнётся!</p>\r\n\r\n<p class=\"poem\">Россия, через Пророка, говорит об этом уже 20 лет, проводя Вече!<br>\r\nНо, люди остаются безразличными к этому!<br>\r\nЛюди зажигают, каждый Новый год, во Славу Создателя, свечи!<br>\r\nТрудности преображения человека в Духе, Пророку видны одному!</p>\r\n\r\n<p class=\"poem\">Создатель, действительно, усиливает на людей, в Духе, давление!<br>\r\nНо, страх перед властью, парализовал все человеческие возможности!<br>\r\nЛюди боятся против власти, начать Мировое движение!<br>\r\nВласть Мировая, через войну, увеличивает для людей сложности!</p>\r\n\r\n<p class=\"poem\">Сегодня, люди во всех странах, смирились с технологией властей!<br>\r\nВластям, очень нужна долгая, но, победная, война!<br>\r\nЗа ожидаемую Победу, уже разгорелись в Мире, страсти!<br>\r\nОказалось, что для многих людей, такая силовая власть, нужна!</p>\r\n\r\n<p class=\"poem\">Пропали, у людей простых, рассудок и Судьбы понимание!<br>\r\nСтаршие поколения уже не имеют никаких, к сопротивлению, сил!<br>\r\nНа младшее поколение, власть оказывает, повышенное, внимание!<br>\r\nДля них, власть, подготовила между реальностью и планами, настил!</p>\r\n\r\n<p class=\"poem\">Теперь молодёжь занята играми в Великое Завтра!<br>\r\nИх устраивает, уже эта власть и эта система!<br>\r\nНикто из властей не говорит, какая молодёжь ждёт, Правда?<br>\r\nРоссией, как и всем Миром, успешно управляет Тьма!</p>\r\n\r\n<p class=\"poem\"><b>Теперь, спасение людей, только, в Руках Бога!<br>\r\nСоздатель, вынужден переписать все страницы Истории!<br>\r\nЕсли не получится до конца года, подведения Итога,<br>\r\nСоздатель, Шестой Эпохой, изменит жизнь на другую категорию!</b></p>\r\n\r\n<p class=\"poem\">Война в Плотном плане, может закончиться поражением России!<br>\r\nВласть России уже получила, свой личный доход!<br>\r\nНе получилась у России, Спасителя людей, Миссия!<br>\r\nТьма, к сердцу властей, нашла свой подход!</p>\r\n\r\n<p class=\"poem\">Эта война, как и всё в этом Мире, идёт за монеты!<br>\r\nРодина, теперь продаётся и защищается за гроши!<br>\r\nНо, меняется, уже, состояние всей этой грешной, Планеты!<br>\r\nНужны, нечеловеческие усилия, чтобы вернуть всё хорошее!</p>\r\n\r\n<p class=\"poem\">Были тысячи сторонников Союза, 20 лет назад!<br>\r\nУ людей был, настоящий, в Духе подъём!<br>\r\nВселенский Собор был, словно, в Духе Парад!<br>\r\nСегодня, жизнь человека на Планете, взаём!</p>\r\n\r\n<p class=\"poem\"><b>Всё зависит от человека, ибо ему надо жить!<br>\r\nШестая Эпоха всё равно, в сроки, состоится!<br>\r\nЧеловеку, как всегда, надо решить: Быть или не Быть?<br>\r\nСудьба человека, к человеку в Душу стучится!</b></p>\r\n\r\n<p class=\"noind\">Да будет Свет Истины!<br>\r\nОтец Абсолют или Высший Космический Разум!</p>\r\n","Files":null,"Date":"2025-05-23T10:52:38.99+03:00","DateChange":"2025-05-23T10:53:14.394+03:00","Link":"poems/23.05.25","Id":"6830296a000e230c37db4a89","Srv":"otk","Deleted":false,"Titles":["Всё зависит от человека, ибо ему надо жить!"]}
{"Data":{"Next":"poems/23.05.25","NoFooter":false,"PoemOutDict":false,"Titles":null,"Number":"№22 (3293)"},"Active":true,"Catalog":"570ef2fcd07cda3e16f93ef7","Description":"<p class=\"poem\"><b>Эволюция &ndash; это закономерность развития Пространства!<br>\r\nПространство – это многоуровневый Мир Творящей Энергии!<br>\r\nЧеловек, как часть этой Энергии, сначала просто странствует!<br>\r\nЧеловек начинается, на Первом Этаже Пирамиды, без потери!</b></p>\r\n\r\n<p class=\"poem\">Люди подошли по своему графику, сегодня, к Шестой Эпохе!<br>\r\nЭнергия Шестой Эпохи &ndash; это Энергия Высших Миров!<br>\r\nЧеловек, переходящий этот Этап, должен стать Богом в итоге!<br>\r\nЧеловек перед Шестой Эпохой, должен очиститься от грехов!</p>\r\n\r\n<p class=\"poem\">Процесс Эволюции этого Мира, не остановить никому и никак!<br>\r\nЭтот процесс открывает, следующий уровень возможностей!<br>\r\nДля человека возвышение, очередное в Духе, совсем не пустяк!<br>\r\nМир открывается для человека в этой Эпохе, парадом сложностей!</p>\r\n\r\n<p class=\"poem\"><b>Не все люди готовы, подняться в Небо, уже на другой уровень!<br>\r\nНо, это есть природные ступени совершенства человека в Духе!<br>\r\nПоверьте, человек-Бог в Шестой Эпохе &ndash; это, как в Науке, степень!<br>\r\nКоторая, приближает человека-Бога к Создателю в Итоге!</b></p>\r\n\r\n<p class=\"poem\">Сегодня, очень сложный период времени, ибо война мешает думать!<br>\r\nЛюди, не понимают, что в этом случае, срочно делать?<br>\r\nЛюди, не понимают, что им надо в такой ситуации предпринять?<br>\r\nСоздатель считает, что человек Пятой Эпохи, должен сам это знать!</p>\r\n\r\n<p class=\"poem\">Но, люди Пятой Эпохи, не могут найти никакого объяснения в Материи!<br>\r\nПятая Эпоха &ndash; это привычный для человека, Мир!<br>\r\nВ Пятой Эпохе, огромное количество разных религий, принесли потери!<br>\r\nОни были для людей неправильными ориентирами!</p>\r\n\r\n<p class=\"poem\">Религий очень много, для одного Мира, ибо их больше тысячи!<br>\r\nКаждая религия имеет, свои Правила, для людей, поведения!<br>\r\nСогласно, этим религиям, Создателя Знания &ndash; это неправда и мелочи!<br>\r\nНет, в этих религиях о Создателе правдивых сведений!</p>\r\n\r\n<p class=\"poem\">Создатель, в самом конце Пятой Эпохи, выбрал Пророка-Мессию!<br>\r\nСоздатель выбирал Пророка-Мессию, по многим параметрам!<br>\r\nПророк, вот уже 20 лет, осуществляет, на подсознании, от Бога, Миссию!<br>\r\nПророк чувствует этот Мир энергиями, а не в Материи, метрами!</p>\r\n\r\n<p class=\"poem\">Пророк проводит занятия с людьми, вот уже 20 лет, каждый день!<br>\r\nПрошли через Пророка, уже тысячи в России сограждан!<br>\r\nЭти Знания – это для людей-Богов, в Шестую Эпоху, входной Билет!<br>\r\nЭта Школа Знаний есть от Создателя Мира сего, личный Дар!</p>\r\n\r\n<p class=\"poem\">Создатель привёл Пророка-Мессию, через тернии, к Входу!<br>\r\nК Входу в Шестую Эпоху и к управлению!<br>\r\nПророк-Мессия должен стать Белым Царём по ходу!<br>\r\nИбо, только, Он знает хорошо, направление людей-Богов, движение!</p>\r\n\r\n<p class=\"poem\">Пророк-Мессия поднялся по Пирамиде Духа, уже, высоко!<br>\r\nВ прошлых Эпохах никто, так высоко, ещё не поднимался!<br>\r\nПророк-Мессия должен собрать в Одно Целое все Мои осколки!<br>\r\nТак, чтобы Целому, уже быть навечно, и нельзя было им, расстаться!</p>\r\n\r\n<p class=\"poem\">Война и власти стран тормозят людей-Богов возвышение!<br>\r\nГордыня, и грехи людей, тормозят общий рост!<br>\r\nДолжно быть, только, к Богу в Шестой Эпохе, движение!<br>\r\nЧеловечество должно видеть Будущее, а не погост!</p>\r\n\r\n<p class=\"poem\">Люди, в полной растерянности, ибо Плотный план тормозит!<br>\r\nЧеловек в Духе, не поднялся до уровня Бога!<br>\r\nНесовершенство человека, это на ногах человека, монолит!<br>\r\nСоздатель, хочет срочно подвести Итоги!</p>\r\n\r\n<p class=\"poem\">Создателю нужны, в Новой Эпохе, люди-Боги!<br>\r\nОжидается бестелесное людей-Богов существование!<br>\r\nШестая Эпоха, должна Кардинально изменить этот Мир в итоге!<br>\r\nЭто, в некотором смысле, между Эпохами в Духе, соревнование!</p>\r\n\r\n<p class=\"poem\">Сотворена из людей-Богов, уже Мира сего, Матрица!<br>\r\nЛюди-Боги повторяют Путь самого Создателя!<br>\r\nШестая Эпоха &ndash; это человека-Бога страница!<br>\r\nЛюди-Боги будут доказывать, что Они Бога Созидатели!</p>\r\n\r\n<p class=\"poem\">Создатель хочет доказать, со своей стороны, что они &ndash; Целое!<br>\r\nИ что Целое состоит из активных Богов-частиц!<br>\r\nЧто люди-Боги &ndash; это Творящее Пространство Белое!<br>\r\nИ что Тьма опустилась до уровня ниц!</p>\r\n\r\n<p class=\"poem\"><b>Шестая Эпоха начнётся, по-Новому, от людей-Богов!<br>\r\nУже не от Создателя, а Богов-внучат!<br>\r\nЛюди-Боги прошли очищение от всех оков!<br>\r\nМир, совершенный, людьми-Богами уже зачат!</b></p>\r\n\r\n<p class=\"noind\">Да будет Свет Истины!<br>\r\nОтец Абсолют или Высший Космический Разум!</p>\r\n","Files":null,"Date":"2025-05-22T12:25:29.742+03:00","DateChange":"2025-05-22T12:26:03.264+03:00","Link":"poems/22.05.25","Id":"682eedabae1131fa65fb73ee","Srv":"otk","Deleted":false,"Titles":["Шестая Эпоха начнётся по-Новому, от людей-Богов!"]}
{"Data":{"Next":"poems/22.05.25","NoFooter":false,"PoemOutDict":false,"Titles":null,"Number":"№21 (3292)"},"Active":true,"Catalog":"570ef2fcd07cda3e16f93ef7","Description":"<p class=\"poem\">Из восьми миллиардов людей, не найти признаков Единения!<br>\r\nКаждый Народ или страна, видят впереди, только своё!<br>\r\nНет, у людей Единого, на будущее человечества, мнения!<br>\r\nКаждый из народов, считает, что, важнее всего, только, моё!</p>\r\n\r\n<p class=\"poem\">Разногласия между народами переходят, всегда, в войны!<br>\r\nВойны, всегда сопровождали жизнь человечества!<br>\r\nПятая Эпоха сохранила эту, неприятную, тайну!<br>\r\nЛюди, за тысячи лет, так и не поднялись, до творчества!</p>\r\n\r\n<p class=\"poem\">Шестая Эпоха &ndash; это уже другие вибрации Неба!<br>\r\nНе все люди устоят, против высоких Энергий!<br>\r\nУ Создателя, есть в людях-Богах, острая потребность!<br>\r\nЛюди, должны знать, что в Шестой Эпохе не будет Материи!</p>\r\n\r\n<p class=\"poem\">Люди, заканчивают, присутствие в Материи, последний раз!<br>\r\nИбо, требования Неба, на этом уровне Энергии, ужесточаются сильно!<br>\r\nПерестанет быть для человека, в этой Эпохе, материальный каркас!<br>\r\nЧеловек, в поле высоких вибрации будет, как энергетическое ядро!</p>\r\n\r\n<p class=\"poem\">Пространство Космоса, как Пирамида разных энергий!<br>\r\nВы переходите на другой уровень, но не уходите, из Неё навсегда!<br>\r\nЗа Вами остаётся Сознание и возможность творения,<br>\r\nПросто, для Вас открывается Мудрость Бога и Его Высота!</p>\r\n\r\n<p class=\"poem\">Ваша, начатая 20 лет назад, Школа Знаний, не прерывается!<br>\r\nВы, переходите, благодаря Знаниям, на более высокий уровень!<br>\r\nВаши, личные возможности Творчества, открываются!<br>\r\nДля Вас открывается в Вечности Творчества, постоянный день!</p>\r\n\r\n<p class=\"poem\">Вам нельзя переходить на этот Высокий уровень, с грехами!<br>\r\nСоздатель, выделил Вам время на внутреннее очищение!<br>\r\nНо, война Славян захватила всех людей, с потрохами!<br>\r\nВойна, отрицательное, оказало на людей, значение!</p>\r\n\r\n<p class=\"poem\">Теперь, обсуждение результатов войны &ndash; это только помехи!<br>\r\nУ людей не осталось времени, пройти преображение!<br>\r\nНужно, срочно, остановить эту войну и войны потехи!<br>\r\nНужно, начинать всем людям, в Духе очищение!</p>\r\n\r\n<p class=\"poem\">Создатель выделил, для людей необходимое для этого, время!<br>\r\nНо, в Плотном плане, надо срочно остановить войну!<br>\r\nНо, никто из людей, не хочет верить, что война &ndash; это бремя!<br>\r\nСоздателю, проще поднять океаническую волну!</p>\r\n\r\n<p class=\"poem\">За 20 лет передачи Знаний, люди не обратили внимания!<br>\r\nЛюди, привычно живут настоящим, без Завтра!<br>\r\nВласть России, не приняла от Создателя Задания!<br>\r\nИ закрыла от Народа своего, всю Правду!</p>\r\n\r\n<p class=\"poem\">Создатель напомнил про Союз, как про необходимость!<br>\r\nУ России есть 70-летний опыт Равенства среди людей!<br>\r\nПри переходе в Шестую Эпоху важнее всего, совместимость!<br>\r\nРавенство между людьми для Новой Эпохи, одна из Целей!</p>\r\n\r\n<p class=\"poem\">Страны Мира не успеют подготовиться к Переходу!<br>\r\nРоссия, одна из всех, сможет это сделать!<br>\r\nНе готовые люди к Переходу, пойдут к Выходу!<br>\r\nЧеловеку в этих условиях, никогда человеком-Богом не стать!</p>\r\n\r\n<p class=\"poem\">Во всём виновата война, идущая, на Планете, уже 3 года!<br>\r\nВласть России не хотела, по-другому, договориться!<br>\r\nНавечно, испортилась между Славянами, внутренняя погода!<br>\r\nУкраина мечтает, от России в Европе раствориться!</p>\r\n\r\n<p class=\"poem\">Создатель принял решение, эту войну остановить!<br>\r\nСоюз должен, как пример, быть восстановлен!<br>\r\nВраги Создателя, в Новой Эпохе не должны быть!<br>\r\nКапитализм будет Создателем остановлен!</p>\r\n\r\n<p class=\"poem\">СССР играл раньше ключевую роль, как США!<br>\r\nСША осталось на своём месте!<br>\r\nРоссия, теперь разворованная, своими, страна!<br>\r\nСоздатель, рассматривает этих стран, вариант, вместе!</p>\r\n\r\n<p class=\"poem\">Но, такое управление не годится для Новой Эпохи!<br>\r\nСистема власти должна быть, как в СССР!<br>\r\nНужны, как раньше, Равные энергетические потоки!<br>\r\nСоюз, должен быть для Новой Эпохи, примером!</p>\r\n\r\n<p class=\"poem\">Создатель, объявил вслух, для всех об этом!<br>\r\nСистема власти России не дрогнула, никак!<br>\r\nМессия, в России, будет защищать Бога Заветы!<br>\r\nНарод в Новой Эпохе, разрушит Тьмы мрак!</p>\r\n\r\n<p class=\"poem\"><b>Создатель, предупредил, пока, сразу всех!<br>\r\nЭто относится, ко всем сразу, включая Европу!<br>\r\nСоздатель не допустит для Перехода, никаких помех!<br>\r\nБог перетряхнёт, у человечества в Духе, утробу!</b></p>\r\n\r\n<p class=\"noind\">Да будет Свет Истины!<br>\r\nОтец Абсолют или Высший Космический Разум!</p>\r\n","Files":null,"Date":"2025-05-21T11:48:11.754+03:00","DateChange":"2025-05-21T11:48:37.31+03:00","Link":"poems/21.05.25","Id":"682d9365ae1131fa65fb73ea","Srv":"otk","Deleted":false,"Titles":["Создатель, предупредил, пока, сразу всех!"]}
{"Data":{"Next":"poems/21.05.25","NoFooter":false,"PoemOutDict":false,"Titles":null,"Number":"№20 (3291)"},"Active":true,"Catalog":"570ef2fcd07cda3e16f93ef7","Description":"<p class=\"poem\">Люди очеловечили Создателя и потеряли страх!<br>\r\nСоздатель или Космический Разум &ndash; это, есть Энергия!<br>\r\nЭта Энергия везде и, конечно, в каждом из Вас!<br>\r\nЧеловек, поверьте, есть проявление Небес Энергии!</p>\r\n\r\n<p class=\"poem\">Все люди на Планете есть проявление Воли Создателя!<br>\r\nКаждому человеку, отведено Богом, время на развитие!<br>\r\nЛюди, к сожалению, в основном, играют роль, обывателя!<br>\r\nОни проживают жизнь, по программе единого бытия!</p>\r\n\r\n<p class=\"poem\">Сегодня, накануне Шестой Эпохи, на Планете начался хаос!<br>\r\nНарушился баланс, запланированного развития, человечества!<br>\r\nРазрушен, людьми между Небом и Твердью, Небесный мост!<br>\r\nСоздатель, для Новой Эпохи, начал творить Отечество!</p>\r\n\r\n<p class=\"poem\">Сегодня, Создатель планирует изменить этот Мир!<br>\r\nШестая Эпоха &ndash; это, уже, другие вибрации и другие поля!<br>\r\nСоздатель, для Новой Эпохи, предложил Себя ориентиром!<br>\r\nЧтобы уменьшить на людей, влияние религиозной доли!</p>\r\n\r\n<p class=\"poem\">Ещё в начале этого века, Создатель выбрал Пророка из России!<br>\r\nБыл выбран человек, прошедший за века, Всё!<br>\r\nВыбранный учёный, подошёл на роль Пророка-Мессии,<br>\r\nОн начал передавать Мои Знания, пропуская, через Сердце своё!</p>\r\n\r\n<p class=\"poem\">20 лет продолжались от Создателя, для людей, лекции!<br>\r\nСоздатель давал обоснование Равенства, среди всех людей!<br>\r\nНо, властью России, была прервана, эта Небес акция!<br>\r\nСоздатель, тогда перешёл, на другой уровень, подачи Вестей!</p>\r\n\r\n<p class=\"poem\">Союз был разрушен, развитие России было остановлено!<br>\r\nНеожиданно, к власти в России прорвались воры!<br>\r\nСистемой управления, развитие России было обусловлено!<br>\r\nОткликнулись на эти обстоятельства, западные, уже, воры!</p>\r\n\r\n<p class=\"poem\">Создатель, давно выбрал Россию, как Духовного Лидера!<br>\r\nБог, предложил, от себя Пророка-Мессию!<br>\r\nСоздатель знает, какие эту Планету, ждут Эпохи или века!<br>\r\nНужно, чтобы, сегодня, Россия знала, свою Спасителя Миссию!</p>\r\n\r\n<p class=\"poem\">Война России с Украиной помешала, в этом, Создателю!<br>\r\nВласть в России, перешла, недопустимые границы!<br>\r\nТеневое правительство, на Планете, стало власти обладателем!<br>\r\nОно решило переписать в Мире, Исторические страницы!</p>\r\n\r\n<p class=\"poem\"><b>Создатель, уже объявил, что Победа будет за Россией!<br>\r\nУкраина должна будет вернуться Домой!<br>\r\nУправление на Планете, возьмёт на себя Мессия!<br>\r\nРеспублики Союза вернутся на Родину, все до одной!</b></p>\r\n\r\n<p class=\"poem\">Повторяю, что Создатель &ndash; это не человек, а управляющая Энергия!<br>\r\nВсе люди, тоже, часть этой Энергии, в Плотном поле!<br>\r\nСоздатель, в состоянии уменьшить, по жизни, все Ваши потери,<br>\r\nСоздатель, может кардинально изменить и Вашу долю!</p>\r\n\r\n<p class=\"poem\">Люди, начали войну Славян, без какого-либо, обоснования!<br>\r\nНарушив, Основное Правило, Божественного Пространства!<br>\r\nЛюдей, живущих в России, власти не спросили основание,<br>\r\nЛюди были обречены на пустые странствия!</p>\r\n\r\n<p class=\"poem\">Европе показалось, что она может Мир изменить!<br>\r\nАмерика оплатила такое преступление!<br>\r\nНо, никто, кроме Бога, эту войну не может остановить!<br>\r\nЭта война, рассматривается, как на Бога, людей наступление!</p>\r\n\r\n<p class=\"poem\">Накануне Новой Эпохи, все войны, Создателем запрещены!<br>\r\nНикто из людей, не может в дела Бога, сегодня, вмешиваться!<br>\r\nЭти преступления, должны быть, предотвращены!<br>\r\nЛюбым противникам этого, придётся с жизнью расстаться!</p>\r\n\r\n<p class=\"poem\">Власти, вдруг, решили, что им всё можно!<br>\r\nНа уровне человека или, даже, стран, может быть, Да!<br>\r\nНо, на Планетарном уровне &ndash; это уже невозможно!<br>\r\nПланета, а, тем более, Вселенная, это другая среда!</p>\r\n\r\n<p class=\"poem\">Создателю придётся доказать людям, что это &ndash; нарушение!<br>\r\nПричём, нарушение, на уровне, Историческом!<br>\r\nЗначит, это действие людей есть, на Бога, покушение!<br>\r\nИз-за людей, Планета в положении критическом!</p>\r\n\r\n<p class=\"poem\">Тот, кто, сегодня, попытался обрушить Мир, поплатится!<br>\r\nНикто не давал людям Право, Планетой управлять!<br>\r\nТолько, России дано Право, до Начала Эпохи, исправить всё!<br>\r\nВ Новой Эпохе, Россия, будет всем Миром управлять!</p>\r\n\r\n<p class=\"noind\">Да будет Свет Истины!<br>\r\nОтец Абсолют или Высший Космический Разум!</p>\r\n","Files":null,"Date":"2025-05-20T11:41:51.391+03:00","DateChange":"2025-05-20T11:42:29.188+03:00","Link":"poems/20.05.25","Id":"682c4075f279c26177bcb74e","Srv":"otk","Deleted":false,"Titles":["Сегодня, Создатель планирует изменить Мир!"]}
