{"Id":"62195b9e5d5a11c6eb22ae89","Deleted":false,"Active":false,"DateChange":"2025-03-27T11:47:26.196+03:00"}
{"Data":{"Next":"poems/27.03.25","NoFooter":false,"PoemOutDict":false,"Titles":null,"Number":"№26 (3235)"},"Active":true,"Catalog":"570ef2fcd07cda3e16f93ef7","Description":"<p class=\"poem\">Обстановка в Мире, продолжает накаляться!<br />Но, ситуация, при этом, не становится ясней!<br />Люди боятся, в открытую, определяться,<br />Запуганные властью люди, не стали смелей!</p>\n<p class=\"poem\">Кризис на Планете, подходит к вершине!<br />Люди сломались в Духе, окончательно!<br />Продолжается игра в Свободу, при плохой мине!<br />Люди, должны решить свою Судьбу, обязательно!</p>\n<p class=\"poem\">Люди подошли к тупиковой отметке!<br />Интриги властей достигли уже максимума!<br />Создатель, на Мировую власть, поставил метку!<br />Бог объявил властям, Небесный ультиматум!</p>\n<p class=\"poem\">Нельзя Тьме, так долго обманывать людей!<br />Власти пользуются своей безнаказанностью!<br />Людям это непонятно, а Богу видней!<br />Мировые грехи, одной цепью, связаны!</p>\n<p class=\"poem\">Мир остановился, перед точкой отсчёта!<br />Америке и НАТО, кажется, что они впереди!<br />Но, никто не получит, на этой войне, почёта!<br />Теперь этот Мир уже не впереди, а позади!</p>\n<p class=\"poem\">Мир, позади, а Россия, смотрит вперёд!<br />Россия обсуждает, что скоро Ей надо начать!<br />На войне, любое решение &ndash; это, совсем, не мёд!<br />Россия, о Новом мире, продолжает мечтать!</p>\n<p class=\"poem\"><strong>Понятно, что система власти, против Свободы!<br />Правительство приняло для себя рынок!<br />Но, Шестая Эпоха &ndash; это хороший повод,<br />Чтобы, в сторону Эволюции, совершить рывок!</strong></p>\n<p class=\"poem\"><strong>Вам, надо вновь, обратиться к Богу за Помощью!<br />Система власти не даст Вам Свободы!<br />Создатель, должен направить всю Свою Мощь!<br />Чтобы, остановить развитие внутри страны, беды!</strong></p>\n<p class=\"poem\"><strong>Вам уже Бог, подготовил Новое Задание!<br />Ибо у страны не хватает запаса Энергии!<br />Попросите Создателя, скорректировать движение!<br />Чтобы Создатель убрал в Духе тернии!</strong></p>\n<p class=\"poem\"><strong>Вам надо подтвердить своё намерение!<br />Примите на себя Крест Советского Союза!<br />Подтвердите, в Совершенство, Ваше движение!<br />И что Вы не допустите, никакого, впредь, юза!</strong></p>\n<p class=\"poem\"><strong>Главное, Вы, должны людям объяснить, Вашу Цель!<br />Великую Цель в Далёкое Завтра!<br />Что, Вы никогда на наступите на мель!<br />И что Цель Вашей жизни, есть Правда!</strong></p>\n<p class=\"poem\"><strong>Что Вы построите то, что никто не смог!<br />Равенство и Любовь будут, теперь, навечно!<br />Нельзя никому уступать, в Пути этот Порог!<br />Ваша Мечта &ndash; это с Создателем встреча!</strong></p>\n<p class=\"poem\">Переходный период &ndash; это Ваше предложение!<br />Вы должны спасти большую часть людей!<br />Будет встречное к Вам, людей движение!<br />Это, сегодня, накануне Шестой Эпохи, всего важней!</p>\n<p class=\"poem\">Есть, Главная задача, перейти в Боги, но Завтра!<br />Сегодня, повторяю, надо спасать людей!<br />Вам, надо, рассказать людям, всю Правду!<br />Надо очистить, Вам, Русь до корней!</p>\n<p class=\"poem\">У Вас есть Договор России с Богом!<br />Это, для Вас лучшее обоснование!<br />Вам, придётся в конце года, подвести Итоги!<br />И обосновать, Квантового перехода, основание!</p>\n<p class=\"poem\">Люди согласятся на Союз, как на альтернативу!<br />Из прошлого, Новое не слепить!<br />Люди поверят Равенству и Любви, как мотиву!<br />Новый Союз, должен под Создателем, быть!</p>\n<p class=\"poem\"><strong>Теперь, Историческое решение за Вами!<br />Надо Богу отправить Новый Посыл!<br />Бог Вам Идеологию Нового Мира направил!<br />Это для Переходного времени, Замысел!</strong></p>\n<p class=\"noind\">Да будет Свет Истины!<br />Отец Абсолют или Высший Космический Разум!</p>","Files":null,"Date":"2025-03-26T12:08:51.166+03:00","DateChange":"2025-03-27T10:47:03.899+03:00","Link":"poems/26.03.25","Id":"67e3c44de85fb33da6f02425","Srv":"otk","Deleted":false,"Titles":["Теперь, Историческое решение, за Вами!"]}
{"Data":{"Next":null,"NoFooter":false,"PoemOutDict":false,"Titles":null,"Number":"№27 (3236)"},"Active":true,"Catalog":"570ef2fcd07cda3e16f93ef7","Description":"<p class=\"poem\">Одна Надежда у людей, сегодня, на Бога!<br>\r\nНе на религию, а, именно, на Создателя!<br>\r\nЛюди, готовы ждать, сколько надо, в Итоге!<br>\r\nЛюди, не могут жить, в роли наблюдателя!</p>\r\n\r\n<p class=\"poem\"><b>Создатель, Мы верим тебе, как Истине!<br>\r\nНет никаких Надежд на помощь извне!<br>\r\nПротив Нас выступает вся Мировая Тьма!<br>\r\nМы верим Тебе, как своей, Вечной, Мечте!</b></p>\r\n\r\n<p class=\"poem\">Которую, реализовать, до сих пор, не можем!<br>\r\nИбо, Нам необходима в Себе уверенность!<br>\r\nМы, рассчитываем, что в этом, Ты поможешь,<br>\r\nМы просим Тебя, подтвердить Нам Доверенность!</p>\r\n\r\n<p class=\"poem\">Власть, любая, против Нас, имеет силу!<br>\r\nЗа эти годы, люди, во многом, потеряли себя!<br>\r\nСмешно в этом состоянии, помнить про вилы!<br>\r\nОчень трудна для Нас, сегодняшняя, стезя!</p>\r\n\r\n<p class=\"poem\">Мы, конечно, готовы перейти рубеж!<br>\r\nНо, для этого, нужна поддержка!<br>\r\nНам, необходим ветер, Неба свежий!<br>\r\nКоторый усилит Нашу выдержку!</p>\r\n\r\n<p class=\"poem\">Сегодня, наконец, люди Тебе поверили!<br>\r\nШкола Творца открыла Сознание!<br>\r\nЛюди, поверить и в себя посмели!<br>\r\nПрорвалось в людях, собственное, осознание!</p>\r\n\r\n<p class=\"poem\">Мы готовы выстроить Новый Союз!<br>\r\nВ Сознаниях людей тлеет Свет!<br>\r\nМы больше не допустим юза,<br>\r\nВнутри людей обосновался Божий Завет!</p>\r\n\r\n<p class=\"poem\">Теперь, люди готовы сделать шаг!<br>\r\nШаг в Небо над пропастью!<br>\r\nЛюди уже подняли Небесный Стяг!<br>\r\nВ соответствии со своей Совестью!</p>\r\n\r\n<p class=\"poem\">Теперь, никто из Нас, не сойдёт с пути!<br>\r\nМы согласились на две Мировые части!<br>\r\nНужно вернуть всем людям Надежду, по сути!<br>\r\nЭто и будет, первым шагом, к Счастью!</p>\r\n\r\n<p class=\"poem\">Осталось услышать от Тебя одобрение!<br>\r\nПоверь, Мы, теперь, не сойдём с Пути!<br>\r\nМы, понимаем, что такое ускорение!<br>\r\nИ как Нам надо измениться, по сути!</p>\r\n\r\n<p class=\"poem\">Мы, готовы не тратить время, на переход!<br>\r\nМы, сделаем всё, что надо!<br>\r\nМы, объявим Небу Квантовый переход!<br>\r\nМы, преодолеем все на Пути, преграды!</p>\r\n\r\n<p class=\"poem\">Нужен для Нас, только, от Тебя Знак!<br>\r\nМы, ускорим, тогда, Наше движение!<br>\r\nБудет Национальный Союз, а не призрак!<br>\r\nБудет в Боги Наше направление!</p>\r\n\r\n<p class=\"poem\">Школа Творца стала Основой!<br>\r\nНе религии, а Нового Сознания!<br>\r\nЧеловек, после Школы станет Новым!<br>\r\nПридёт к людям Судьбы осознание!</p>\r\n\r\n<p class=\"poem\">Проиграли Советский Союз, по глупости!<br>\r\nИдеология без Создателя есть ничто!<br>\r\nКто-то продался богатству и подлости!<br>\r\nЛюди не подставили друг другу плечо!</p>\r\n\r\n<p class=\"poem\">Такое не должно, никогда, повторяться!<br>\r\nНас, уже, перевоспитал Создатель!<br>\r\nБогами, невозможно, притворяться!<br>\r\nВы, тоже, для Меня &ndash; Созидатели!</p>\r\n\r\n<p class=\"poem\">Создатель рассчитывает на Вас!<br>\r\nНовые люди в Духе &ndash; это Неба акция!<br>\r\nДля Вас наступает Исторический час!<br>\r\nВы, теперь, Основа Новой цивилизации!</p>\r\n\r\n<p class=\"poem\">Этот Катрен &ndash; есть Ваша, Мне Заповедь!<br>\r\nТочнее, Ваше с Богом Соглашение!<br>\r\nЭто Ваша, навечно, Исповедь!<br>\r\nБыть Богами &ndash; это Историческое людей достижение!</p>\r\n\r\n<p class=\"noind\">Да будет Свет Истины!<br>\r\nОтец Абсолют или Высший Космический Разум!</p>\r\n","Files":null,"Date":"2025-03-27T10:44:43.613+03:00","DateChange":"2025-03-27T10:45:13.876+03:00","Link":"poems/27.03.25","Id":"67e502092323939088a174df","Srv":"otk","Deleted":false,"Titles":["Этот Катрен, есть Ваша Заповедь Богу!"]}
{"Data":{"Next":"poems/26.03.25","NoFooter":false,"PoemOutDict":false,"Titles":null,"Number":"№25 (3234)"},"Active":true,"Catalog":"570ef2fcd07cda3e16f93ef7","Description":"<p class=\"poem\"><b>Два события в этом Мире столкнулись!<br>\r\nС одной стороны, продолжается война!<br>\r\nС другой стороны, силы Неба определились!<br>\r\nЭнергетическая, с Неба, уже готова, волна!</b></p>\r\n\r\n<p class=\"poem\">Война, как событие уже затихает!<br>\r\nДругое, событие, начинает, формироваться!<br>\r\nМировая власть Тьмы, об этом не знает!<br>\r\nСоздатель начал, определяться!</p>\r\n\r\n<p class=\"poem\">По существу, люди столкнулись с Богом!<br>\r\nТолько площадки, по масштабам, разные!<br>\r\nВойна переходит, в подведение, Итогов!<br>\r\nУ людей, и у Бога, возможности несуразные!</p>\r\n\r\n<p class=\"poem\">Июль, разделит театр действий!<br>\r\nВойну, торопится остановить Америка!<br>\r\nВойна, всегда имеет, следствия!<br>\r\nВ рядах Тьмы, началась истерика!</p>\r\n\r\n<p class=\"poem\"><b>Неожиданно, для всех, Русь выходит вперёд!<br>\r\nСоздатель начинает убирать Тьму!<br>\r\nРоссия начинает Квантовый переход!<br>\r\nОна использует, свою от Бога, стезю!</b></p>\r\n\r\n<p class=\"poem\">Теперь, война уже не имеет смысла!<br>\r\nАмерика хочет остаться, как есть!<br>\r\nПроявляется Создателя Замысел!<br>\r\nРоссия, вдруг, вспомнила слово &laquo;месть&raquo;!</p>\r\n\r\n<p class=\"poem\">Создатель, в Июле уберёт власть!<br>\r\nГруппа предателей покинет Мир!<br>\r\nУ России, проявится на Союз, страсть!<br>\r\nРусь перестроится на другой ориентир!</p>\r\n\r\n<p class=\"poem\">Поверьте, для России, уже престижно!<br>\r\nСоздатель, обратил на это, Её внимание!<br>\r\nТеперь, все Мечты для Вас достижимы!<br>\r\nНаконец, пришло Судьбы понимание!</p>\r\n\r\n<p class=\"poem\">Создатель, хочет убрать, эту власть!<br>\r\nРухнет порочная система управления!<br>\r\nВнутри России, вспыхнет Свободы страсть!<br>\r\nБудет против власти, людей движение!</p>\r\n\r\n<p class=\"poem\">Никакой революции, только движение к Миру!<br>\r\nЭволюция &ndash; это перестройка Сознания!<br>\r\nПереходный период &ndash; это увертюра Мира!<br>\r\nОткроются людям, Создателя Знания!</p>\r\n\r\n<p class=\"poem\">Создателю не мешают, ни США и ни НАТО!<br>\r\nОни заняты, только своим спасением!<br>\r\nОни потерялись для России, как дружеские пенаты!<br>\r\nВажнее, для них, вопросы переселения!</p>\r\n\r\n<p class=\"poem\"><b>Россия с Создателем, выходят вперёд!<br>\r\nНа Первом Плане, мечта Создателя!<br>\r\nРоссия, начинает в Шестую Эпоху, Переход!<br>\r\nУйдут со Сцены Истории, воры и обыватели!</b></p>\r\n\r\n<p class=\"poem\">Россия объявит вновь Советский Союз!<br>\r\nМного стран захотят в Него войти!<br>\r\nРасширятся разносторонние узы!<br>\r\nЧеловечество будет знать, куда идти!</p>\r\n\r\n<p class=\"poem\">К концу этого года, всем будет ясно!<br>\r\nЧто Создатель собирает людей в России!<br>\r\nНа переходный период всё будет прекрасно,<br>\r\nБудут соревноваться, как раньше, США и Союз России!</p>\r\n\r\n<p class=\"poem\">Создатель, храня людей, продлил время!<br>\r\nБог даёт для Перехода, несколько лет!<br>\r\nСоюз в Духе не был, тяжёлым бременем!<br>\r\nУ Нового Союза будет в Космос Билет!</p>\r\n\r\n<p class=\"poem\">Россия начнёт Новую цивилизацию!<br>\r\nУ которой будет сотворчество с Богом!<br>\r\nСвобода творчества в Духе &ndash; это Новая акция!<br>\r\nПланета, станет Новой цивилизацией, в Итоге!</p>\r\n\r\n<p class=\"poem\">Мечта, людей-Богов и Создателя, будет воплощена!<br>\r\nЧеловек докажет, что он, есть тоже, Бог!<br>\r\nЗагорится над Планетой сотворчества Звезда!<br>\r\nЭто будет Исторический, в Пространстве, Итог!</p>\r\n\r\n<p class=\"noind\">Да будет Свет Истины!<br>\r\nОтец Абсолют или Высший Космический Разум!</p>\r\n","Files":null,"Date":"2025-03-25T12:12:04.547+03:00","DateChange":"2025-03-25T12:12:41.385+03:00","Link":"poems/25.03.25","Id":"67e273891514256756361bae","Srv":"otk","Deleted":false,"Titles":["Мечта людей-Богов и Создателя, будет воплощена!"]}
{"Data":{"Next":"poems/25.03.25","NoFooter":false,"PoemOutDict":false,"Titles":null,"Number":"№24 (3233)"},"Active":true,"Catalog":"570ef2fcd07cda3e16f93ef7","Description":"<p class=\"poem\">Эпоха, начала ускорять приближение Перехода!<br>\r\nЧеловечество продолжает быть, в неведении!<br>\r\nСоздатель, уже открыл дверь для Входа!<br>\r\nНе меняется ни в чём, людей, поведение!</p>\r\n\r\n<p class=\"poem\">Мир, очень скоро, должен измениться!<br>\r\nИбо Создателю, как никогда, нужен Мир!<br>\r\nГлавное, нужно, чтобы Народ определился!<br>\r\nОн должен выбрать, Создателя, как ориентир!</p>\r\n\r\n<p class=\"poem\">Люди, по всем Предсказаниям, ожидают Царя!<br>\r\nСоздатель должен известить, пришествие Его!<br>\r\nЛюдям неясно, когда же взойдёт, эта Заря?<br>\r\nИзбранный Богом Царь, придёт для чего?</p>\r\n\r\n<p class=\"poem\">Религии ветхих времён, чаще всего &ndash; сказки!<br>\r\nНет никакого в Духе, обоснования, Царя!<br>\r\nСегодня, Бог продиктовал 30 томов подсказки,<br>\r\nСоздатель объяснил, что такое, в Боги, стезя!</p>\r\n\r\n<p class=\"poem\">Людям непонятно, что их ждёт, непременно?<br>\r\nКак, Мир изменится за 26000 лет?<br>\r\nКакая, ожидает людей, Историческая перемена?<br>\r\nОжидает ли, падшего в грехах, Народ, взлёт?</p>\r\n\r\n<p class=\"poem\">Война Славян, есть, как тормозное, устройство!<br>\r\nНо, война сложилась в Пятой Эпохе!<br>\r\nС высоких Энергий, начнётся Мира, переустройство!<br>\r\nВ этом нет, никакого, подвоха!</p>\r\n\r\n<p class=\"poem\">Небо, протрубит Второе Предупреждение!<br>\r\nВсадник проскачет на Белом коне!<br>\r\nЭнергетическая волна, пройдёт, как Бога движение!<br>\r\nМир может, вдруг, превратиться в пустое поле!</p>\r\n\r\n<p class=\"poem\">Все постройки Мира, могут быть разрушены!<br>\r\nОни не имеют ценности, для Нового в Духе, Мира!<br>\r\nГлавное, люди, должны быть Богу, послушными!<br>\r\nЧтобы, были сохранены, для людей, в Духе, ориентиры!</p>\r\n\r\n<p class=\"poem\">Проявляя, Свою Волю, Русь должна Богу поклониться!<br>\r\nРоссии, начинать, Новый Отсчёт времени!<br>\r\nРоссии, нельзя, от Перемен в Духе, устраниться!<br>\r\nСоздатель обеспечит Ей счастье, а не бремя!</p>\r\n\r\n<p class=\"poem\">Россия, должна объявить, возвращение Равенства!<br>\r\nСоюз, под Знаменем Бога, объявит Возвращение!<br>\r\nЛюди отменят Конституцию, как неравенство!<br>\r\nСоюз объявит, в Новую Эпоху, движение!</p>\r\n\r\n<p class=\"poem\">Высокие вибрации, уберут, неправильную власть!<br>\r\nТочнее, не власть, а воров-предателей!<br>\r\nПроявятся в Народе, к Свободе и Равенству, страсти!<br>\r\nУйдут из России, все богачи-обыватели!</p>\r\n\r\n<p class=\"poem\">Вселенский ветер &ndash; это ветер, не только, погоды!<br>\r\nЭто будет ветер, уже, Шестой Эпохи!<br>\r\nУ Создателя, есть на это, Свои доводы!<br>\r\nЛюди, должны собраться в потоки!</p>\r\n\r\n<p class=\"poem\">Человечество, перестроится в Октаэдры!<br>\r\nЭто будет Новая Матрица, уже Нового Мира!<br>\r\nНе будет больше биологической толпы!<br>\r\nБудет Божественное, у людей-Богов, ориентирование!</p>\r\n\r\n<p class=\"poem\">Россия, объявит в Прессе, План Бога!<br>\r\nРоссия, озвучит Смысл Договора с Богом!<br>\r\nРоссия, должна поспешить с подведением Итогов!<br>\r\nСоветский Союз, станет Главным Итогом!</p>\r\n\r\n<p class=\"poem\">Только, Правила в Союзе, будут от Бога!<br>\r\nДля этого, есть 10 Канонов Вечности!<br>\r\nРавенство и Любовь будут править в Итоге!<br>\r\nСоздатель, не допустит, никакой беспечности!</p>\r\n\r\n<p class=\"poem\">Переломный год &ndash; это год очищения людей в Духе!<br>\r\nШкола Творца &ndash; это проходной в Эпоху, билет!<br>\r\nЛюдям надо понять, как вести себя, при Переходе!<br>\r\nНадо, в Начале Перехода, Богу дать Клятву или Завет!</p>\r\n\r\n<p class=\"poem\">Выпускники Школы &ndash; это Новое управление!<br>\r\nОни точно, знают цену Свободы в Духе и жизни!<br>\r\nЭто они, будут руководить в Духе людей, движением!<br>\r\nПоверьте, никто в Новой Эпохе не будет лишним!</p>\r\n\r\n<p class=\"poem\">В Апреле, Свобода выбора, изменит Мир!<br>\r\nЛюди от власти, покинут эту Планету!<br>\r\nТеперь, Равенство и Любовь будут ориентиром!<br>\r\nНовые люди-Боги, забудут уже про монеты!</p>\r\n\r\n<p class=\"noind\">Да будет Свет Истины!<br>\r\nОтец Абсолют или Высший Космический Разум!</p>\r\n","Files":null,"Date":"2025-03-24T12:26:06.762+03:00","DateChange":"2025-03-24T12:26:35.951+03:00","Link":"poems/24.03.25","Id":"67e1254b770c0a00e0fe2748","Srv":"otk","Deleted":false,"Titles":["В Апреле, Свобода выбора, изменит Мир!"]}
{"Data":{"Next":"poems/24.03.25","NoFooter":false,"PoemOutDict":false,"Titles":null,"Number":"№23 (3232)"},"Active":true,"Catalog":"570ef2fcd07cda3e16f93ef7","Description":"<p class=\"poem\">Создатель сказал, что Его Мечта &ndash; это Равенство и Любовь!<br>\r\nМечта Святой России, повторяет Мечту Бога!<br>\r\nФлагом Советского Союза, было Равенство и Красная кровь!<br>\r\nРоссия, хочет вернуться к этому Началу, в Итоге!</p>\r\n\r\n<p class=\"poem\">Разрушение Союза, было делом, в Духе предателей!<br>\r\nОни, теперь, из Ада не поднимутся никогда!<br>\r\nПосмотрите, на их Судьбы, очень внимательно!<br>\r\nОни есть пример, предательства Бога всегда!</p>\r\n\r\n<p class=\"poem\">Россия помнит Советский Союз, но опустилась на дно!<br>\r\nТеперь дорвались до власти, очередные враги!<br>\r\nДля России, есть сегодня только одно,<br>\r\nНадо Воли своей, проявить, вершину отваги!</p>\r\n\r\n<p class=\"poem\">У России должна быть, Одна для всех Мечта, навечно!<br>\r\nРавенство и Любовь: критерий для Неба и для Неё!<br>\r\nНельзя никому, к жизни относиться беспечно!<br>\r\nНельзя взращивать внутри страны, зверьё!</p>\r\n\r\n<p class=\"poem\">Россия поднимала себя все эти годы!<br>\r\nПосле предателей, пришла команда воров!<br>\r\nНачались разворовывания России, невзгоды!<br>\r\nТеперь, только Создатель, освободит людей, от оков!</p>\r\n\r\n<p class=\"poem\">Люди, окончательно, опустились в грехи!<br>\r\nРазрушение России &ndash; это Мечта Мировой Тьмы!<br>\r\nДля НАТО, разрушение России есть потеха!<br>\r\nЕвропе показалось, что вместо Союза, будет Мир Тьмы!</p>\r\n\r\n<p class=\"poem\">Это были Великие планы Мировой инквизиции!<br>\r\nНАТО против России &ndash; это уже, почти, успех!<br>\r\nНо, у каждого члена НАТО, свои позиции!<br>\r\nОни, сами, для себя, создали, очень много помех!</p>\r\n\r\n<p class=\"poem\">Россию нельзя согнуть силой, ибо Она с Богом!<br>\r\nРоссия &ndash; это Первые на Планете, люди-Боги!<br>\r\nВозвращение Советского Союза, должно стать Итогом!<br>\r\nТочнее, людей-Богов в Духе потоком!</p>\r\n\r\n<p class=\"poem\">Тьма ударила, по самой в стране, вершине!<br>\r\nБез Идеологии Создателя, Союз не был Союзом!<br>\r\nПервые Лидеры, не сдали экзамены, Тьме!<br>\r\nЭкономика Великой Державы, пошла юзом!</p>\r\n\r\n<p class=\"poem\">За нарушение Гармонии в этом Мире,<br>\r\nОтветили самые Идеологически Первые!<br>\r\nКрасный террор был, как стрельба в тире!<br>\r\nСпасал страну человек, Богу Верный!</p>\r\n\r\n<p class=\"poem\">Эта война показала, что остались предатели!<br>\r\nДля них богатство, важнее всего!<br>\r\nСоюз породил много вредителей и наблюдателей!<br>\r\nОт Тьмы, в Союзе, без Бога, проросло Зерно!</p>\r\n\r\n<p class=\"poem\">Но, страна Россия помнит, своё Начало!<br>\r\nНарод хочет вернуться к Создателю!<br>\r\nЕсть, сегодня, Пророк и есть печали!<br>\r\nОсталось, очистить Русь от обывателей!</p>\r\n\r\n<p class=\"poem\">В любом случае, наступает Шестая Эпоха!<br>\r\nРоссии, вновь, как всегда, повезло!<br>\r\nСформировалось за 20 лет, Начало потока!<br>\r\nРуководство страны, скоро, уйдёт на дно!</p>\r\n\r\n<p class=\"poem\">Собраны были у Святого руля, не те люди!<br>\r\nЭто люди, совсем, не от Создателя!<br>\r\nОни, типичные, из прошлого, нелюди!<br>\r\nОни беспринципные, есть воры-обыватели!</p>\r\n\r\n<p class=\"poem\">Россия вернулась, сегодня, к своей Мечте!<br>\r\nК Мечте Создателя и тысячелетий!<br>\r\nТеперь, Россия с Создателем, навсегда, вместе!<br>\r\nСоздатель поддержит Россиян, без исключения!</p>\r\n\r\n<p class=\"poem\">Создатель определил этот год, как переломный!<br>\r\nЧеловечество, за Россией, шагнёт в Шестую Эпоху!<br>\r\nЗная, характер России неуёмный,<br>\r\nСоздатель, решил, что Русь готова к Переходу!</p>\r\n\r\n<p class=\"poem\">Теперь, вместе, Мечта Создателя и Мечта России!<br>\r\nЭти две Мечты, объединятся в Одну!<br>\r\nУ руля встать, заслужил Пророк-Мессия!<br>\r\nПолучилось то, к чему, Я Вас, много веков веду!</p>\r\n\r\n<p class=\"noind\">Да будет Свет Истины!<br>\r\nОтец Абсолют или Высший Космический Разум!</p>\r\n","Files":null,"Date":"2025-03-23T11:16:31.081+03:00","DateChange":"2025-03-23T11:17:33.55+03:00","Link":"poems/23.03.25","Id":"67dfc39db51242b7feb36724","Srv":"otk","Deleted":false,"Titles":["Теперь, есть вместе: Мечта Создателя и Мечта России!"]}
{"Data":{"Next":"poems/23.03.25","NoFooter":false,"PoemOutDict":false,"Titles":null,"Number":"№22 (3231)"},"Active":true,"Catalog":"570ef2fcd07cda3e16f93ef7","Description":"<p class=\"poem\">Главное, чтобы люди поняли, что выхода нет!<br>\r\nКанону Эволюции придётся всем, подчиниться!<br>\r\nДля всех людей остался, последний, в Небо билет!<br>\r\nНадо с условиями Перехода, людям определиться!</p>\r\n\r\n<p class=\"poem\">Эволюция Мира, неумолимо, приближается!<br>\r\nЧто будет, после Перехода, для России известно!<br>\r\nЯщик Пандоры для человечества открывается!<br>\r\nБез Эволюции Сознания, людям будет жить, неуместно!</p>\r\n\r\n<p class=\"poem\">Пусть, даже, если никто, не замечает этого!<br>\r\nНо, время, постепенно, подходит к Концу!<br>\r\nВойна, для выравнивания сил &ndash; это не, метод!<br>\r\nПространство, всё равно, спешит к Своему Венцу!</p>\r\n\r\n<p class=\"poem\">Теперь, за Россией последнее, для всех, Слово!<br>\r\nРоссия, должна показать, Путь спасения!<br>\r\nПрогремит, последнее Предупреждение, снова!<br>\r\nВ этом году начнётся, людей Вознесение!</p>\r\n\r\n<p class=\"poem\">Повторяю, Россия должна открыть Правду!<br>\r\nЛюди должны понять, что война &ndash; это Конец!<br>\r\nСчитайте, что Эволюция Сознания, начнётся, Завтра!<br>\r\nРоссия, от Создателя, заслуженно, получит Венец!</p>\r\n\r\n<p class=\"poem\">Россия, должна рассказать, что с людьми будет?<br>\r\nТогда, люди примут, переход в другое, совсем, Поле!<br>\r\nЧеловек прошлое своё, навечно, забудет!<br>\r\nШестая Эпоха &ndash; это проявление Россией, Воли!</p>\r\n\r\n<p class=\"poem\"><b>Люди, должны будут принять, условия Бога!<br>\r\nРоссия, для Мира сего, теперь Управляющее звено!<br>\r\nСогласно, Договору с Богом, за Россией, подведение Итогов!<br>\r\nРоссия, предстанет, как объединяющее всех, Зерно!</b></p>\r\n\r\n<p class=\"poem\"><b>Шестая эпоха, повысит Поля вибрации!<br>\r\nВысокие вибрации разрушат, людей оболочки!<br>\r\nЭто, называется, Вознесение в Духе, акция!<br>\r\nЛюди испытают, концентрацию Энергии, в точке!</b></p>\r\n\r\n<p class=\"poem\"><b>Переходный период &ndash; это очищение в Духе!<br>\r\nПо-старому, это есть Крестный ход!<br>\r\nОчень трудными, для людей, будут Итоги!<br>\r\nЭто и есть, Квантовый переход!</b></p>\r\n\r\n<p class=\"poem\"><b>Россия, уже имеет от Бога Сценарий!<br>\r\nЛюди, настроенные против Бога, уйдут!<br>\r\nЛюди, должны будут, принять, Новый Глоссарий!<br>\r\nДля людей, начинается в Боги Путь!</b></p>\r\n\r\n<p class=\"poem\"><b>Это будет сотворено, без предупреждения!<br>\r\nПуть людей, определён Создателем!<br>\r\nСоздатель запретил все Ваши скитания!<br>\r\nПервыми уйдут со Сцены, обыватели!</b></p>\r\n\r\n<p class=\"poem\">Теперь спорить нечего, ибо пришло время!<br>\r\n<b>Наступает</b> <b>время</b> <b>Шестой</b> <b>Эпохи!</b><br>\r\nЛюдям придётся испытать, это бремя!<br>\r\nНачинается подведение Пятой Эпохи, Итогов!</p>\r\n\r\n<p class=\"poem\">Теперь, война Славян, не имеет значения!<br>\r\nВсё остаётся в Мире, на своих местах!<br>\r\nРоссия возвращается в Союз, по предназначению!<br>\r\nСША и Европа, останутся при своих козырях!</p>\r\n\r\n<p class=\"poem\">Им показалось, что они решают Историю!<br>\r\nЛюдям дали, только Миг, на размышление!<br>\r\nНо, Эволюция Мира &ndash; это другая уже категория!<br>\r\nБудет, по Плану Бога, Историческое Преображение!</p>\r\n\r\n<p class=\"poem\"><b>Россия в Духе, успела начать движение!<br>\r\nВ этом году ещё возможна коррекция!<br>\r\nНо, есть Исторический, план Преображения!<br>\r\nГлавное, Сознания человека, Эволюция!</b></p>\r\n\r\n<p class=\"poem\">Повторяю, начинается в Боги, людей движение!<br>\r\nЕщё, есть время, подумать, для всех!<br>\r\nУ России, Первой, сменится строй и направление!<br>\r\n<b>Для</b> <b>восстановления</b> <b>Союза,</b> <b>не</b> <b>будет</b> <b>больше,</b> <b>помех!</b></p>\r\n\r\n<p class=\"noind\">Да будет Свет Истины!<br>\r\nОтец Абсолют или Высший Космический Разум!</p>\r\n","Files":null,"Date":"2025-03-22T12:45:53.705+03:00","DateChange":"2025-03-22T12:46:30.778+03:00","Link":"poems/22.03.25","Id":"67de86f6b51242b7feb36723","Srv":"otk","Deleted":false,"Titles":["Россия в Духе, успела начать движение!"]}
{"Data":{"Next":"poems/22.03.25","NoFooter":false,"PoemOutDict":false,"Titles":null,"Number":"№21 (3230)"},"Active":true,"Catalog":"570ef2fcd07cda3e16f93ef7","Description":"<p class=\"poem\">Началом всему, было не Слово, а Мысль!<br>\r\nСначала была Моя Мысль, потом Желание!<br>\r\nНачался Сотворения Пространства Промысел!<br>\r\nПотом проявилось, Воли Моей старание!</p>\r\n\r\n<p class=\"poem\">Проявив желание, Я понял, что всё могу!<br>\r\nЭто было, настоящее Прозрение!<br>\r\nЯ не ожидал ни от кого, подмоги!<br>\r\nПервое, Я понял, что жизнь &ndash; это движение!</p>\r\n\r\n<p class=\"poem\">Не было никакого взрыва, а был Полёт!<br>\r\nБыла фантазия Свободы Пространства!<br>\r\nНачало – это в Вечности первый взлёт!<br>\r\nНе было для Меня никакого странствия!</p>\r\n\r\n<p class=\"poem\">Были пробы &laquo;пера&raquo; в Пространстве!<br>\r\nБыл принят Первый Канон Эволюции!<br>\r\nНа всех направлениях было Равенство!<br>\r\nБыло творчество свободной конструкции!</p>\r\n\r\n<p class=\"poem\">Была Идея творить Миры в границах!<br>\r\nНельзя было творить до Бесконечности!<br>\r\nЯ записал первые, для себя страницы!<br>\r\nЯ разделил Бесконечность от Вечности!</p>\r\n\r\n<p class=\"poem\">Я пробовал различные сочетания!<br>\r\nТочкой отсчёта был принят Разум!<br>\r\nЯ ограничил сроки пребывания,<br>\r\nИ разделил между собой Разум и Ум!</p>\r\n\r\n<p class=\"poem\">Миллионы лет ушли на Учёбу!<br>\r\nВыбирал разные формы существования!<br>\r\nПодходящую выбрал, наконец, стезю,<br>\r\nДля Судьбы своей понимания!</p>\r\n\r\n<p class=\"poem\">Время Эволюции &ndash; это год Солнца!<br>\r\nПервой Эпохой, была Эпоха Разума!<br>\r\nС Ветхих времён есть первая страница!<br>\r\nВторая Эпоха &ndash; Эпоха человеческого Ума!</p>\r\n\r\n<p class=\"poem\">Сегодня, для Вас, конец Пятой Эпохи!<br>\r\nИ как было всегда, на пороге война!<br>\r\nШестая Эпоха &ndash; это Энергетические потоки!<br>\r\nЛюди пройдут изменение в Итоге!</p>\r\n\r\n<p class=\"poem\">Моя Мечта близка к реализации!<br>\r\nЛюди должны почувствовать себя Творцами!<br>\r\nТворец &ndash; это начало Бога акции,<br>\r\nКоторая, заканчивается нужным Концом!</p>\r\n\r\n<p class=\"poem\">Не буду повторять, что, сегодня, в Мире!<br>\r\nИдёт война за передел Пространства!<br>\r\nЛюди, опять, чувствуют себя в тире!<br>\r\nЛюди, сколько тысячелетий, странствуют!</p>\r\n\r\n<p class=\"poem\">Из всех Народов, Я обратил внимание на Русь!<br>\r\nДавно выделил этот Народ из других!<br>\r\nЭтот Народ несёт в себе Вечную грусть!<br>\r\nТолько этот Народ, может поменять Жизнь за Миг!</p>\r\n\r\n<p class=\"poem\">Эта странность понятна, только Создателю!<br>\r\nИбо Творчество сродни безумству!<br>\r\nЧеловек в Момент Творчества может отдать себя,<br>\r\nВеликому в Духе буйству!</p>\r\n\r\n<p class=\"poem\">Первый раз, Я, сам, творил растворяясь!<br>\r\nЯ концентрировал себя в Точке!<br>\r\nВ Духе ядром Мира оставаясь!<br>\r\nНе имея никакой оболочки!</p>\r\n\r\n<p class=\"poem\">Вы, единственные, кто смогли понять это!<br>\r\nНельзя творить, оставаясь в себе!<br>\r\nЧеловек на себя должен наложить Вето!<br>\r\nНадо отдать свою жизнь Мечте!</p>\r\n\r\n<p class=\"poem\">Вы уже подошли к этому состоянию!<br>\r\nПора раскрыть людям Ваш Сценарий!<br>\r\nВы должны раскрыть в людях понимание!<br>\r\nЧто только Мечта и никаких скитаний!</p>\r\n\r\n<p class=\"poem\">Есть Сценарий Создателя и есть Ваша Мечта!<br>\r\nДве позиции решат в этом Мире, всё!<br>\r\nУ людей, создать Бога, впервые задача!<br>\r\nУ Вас, как и у Меня, в Духе открылось чутьё!</p>\r\n\r\n<p class=\"poem\">Вы уже готовы Сотворить Новый Мир!<br>\r\nПосле Меня, вы, сегодня, Первые!<br>\r\nЭто для Вас помощь и ориентир!<br>\r\nВы должны Мечте своей, доказать Верность!</p>\r\n\r\n<p class=\"noind\">Да будет Свет Истины!<br>\r\nОтец Абсолют или Высший Космический Разум!</p>\r\n","Files":null,"Date":"2025-03-21T11:42:41.773+03:00","DateChange":"2025-03-21T11:43:07.63+03:00","Link":"poems/21.03.25","Id":"67dd269bb51242b7feb3671f","Srv":"otk","Deleted":false,"Titles":["Есть Сценарий Создателя, и есть Ваша Мечта!"]}
{"Data":{"Next":"poems/21.03.25","NoFooter":false,"PoemOutDict":false,"Titles":null,"Number":"№20 (3229)"},"Active":true,"Catalog":"570ef2fcd07cda3e16f93ef7","Description":"<p class=\"poem\">Главное, надо понять, что меняется этот Мир!<br>\r\nНе уйти никому от Эволюции Пространства!<br>\r\nДля Вас должен быть, круг Солнца, ориентиром!<br>\r\nПрекращаются пустые людей, странствия!</p>\r\n\r\n<p class=\"poem\">Не важно для Эволюции: Мир или война!<br>\r\nЭто Вечная закономерность для Мира!<br>\r\nЛюди не понимают, что это только волна!<br>\r\nНет в людях понимания ориентира!</p>\r\n\r\n<p class=\"poem\">Создатель предупредил, что скоро Начало!<br>\r\nЛюдям не уйти от предупреждения Бога!<br>\r\nЛюдей ожидают, из-за войны, печали!<br>\r\nЕщё опаснее, результаты Итогов!</p>\r\n\r\n<p class=\"poem\">Никто не думает, что год этот &ndash; последний!<br>\r\nОн же, Первый, в череде Грядущих, событий!<br>\r\nБудут Квантового Перехода последствия!<br>\r\nСамое главное, поменяется людей бытие!</p>\r\n\r\n<p class=\"poem\">В течение Года, люди шагнут в Вечность!<br>\r\nИзменится этот Мир, пусть, не сразу!<br>\r\nМатерия всегда была, конечной!<br>\r\nЭнергии снимут с людей, прошлого, проказу!</p>\r\n\r\n<p class=\"poem\">Эти изменения коснутся сразу всех людей!<br>\r\nИ не важно, кто есть кто, перед Богом!<br>\r\nНе будет для Бога никаких личностей!<br>\r\nДля всех, Квантовый переход, будет Итогом!</p>\r\n\r\n<p class=\"poem\">Всё, что хотели люди, останется в прошлом!<br>\r\nВ прошлом, значит, в Пятой Эпохе!<br>\r\nНе для всех Переход будет возможным!<br>\r\nДля кого-то, это будет последним вздохом!</p>\r\n\r\n<p class=\"poem\">Людей, могло бы спасти, Единение в Духе!<br>\r\nНо, война Славян, исказила Пространство!<br>\r\nСоздатель не хочет оказывать Вам услуги!<br>\r\nИбо, люди забыли про Дух, странствуя!</p>\r\n\r\n<p class=\"poem\">Сегодня, никто из людей не думает о Завтра!<br>\r\nВсе мысли о Мире, после войны!<br>\r\nСоздатель, собирается открыть Правду,<br>\r\nОн хочет открыть, уровень Вашей вины!</p>\r\n\r\n<p class=\"poem\">Для Перемирия нужна договорённость!<br>\r\nЛюди выставили друг другу условия!<br>\r\nПока, в Душах людей есть скованность,<br>\r\nМешают договориться, Тьмы сословия!</p>\r\n\r\n<p class=\"poem\">Создатель, дал время, до конца года!<br>\r\nНикто не обратил на это внимания!<br>\r\nОт Создателя зависит в Мире погода!<br>\r\nНе хватает людям Истины понимания!</p>\r\n\r\n<p class=\"poem\">Пока, остановилось в Мире движение!<br>\r\nОщущение Перемирия это не даст!<br>\r\nНеправильные, у людей рассуждения!<br>\r\nПеремирию мешает грехов балласт!</p>\r\n\r\n<p class=\"poem\">Люди не знают, что они в списке!<br>\r\nВ списке тех, кто против Бога!<br>\r\nКатрены &ndash; это людям записки!<br>\r\nОпубликованные сразу, в этом году!</p>\r\n\r\n<p class=\"poem\">Для Неба важно, что есть информация!<br>\r\nИ не важно, кто её прочитал!<br>\r\nС Неба пришло описание акции:<br>\r\nСоблюдены условия Небесного Портала!</p>\r\n\r\n<p class=\"poem\">Когда придёт время Отчёта, то Бог спросит!<br>\r\nНельзя, будет людям, уйти от ответа!<br>\r\nЧеловека без ответа, ветер, всегда, уносит!<br>\r\nЭто Основа, Главного от Бога, Завета!</p>\r\n\r\n<p class=\"poem\">Создатель должен предупредить, об этом, всех!<br>\r\nЕсть Правило: &laquo;слово не вырубишь топором&raquo;!<br>\r\nВсе предупреждения есть в интернете!<br>\r\nЗначит тот, кого это касается, ответит потом!</p>\r\n\r\n<p class=\"poem\">Создатель, уже раскрыл условия этой войны!<br>\r\nБыла раскрыта Роль Мировой Тьмы!<br>\r\nНе стоит ждать Цунами или волны!<br>\r\nНикто не застрахован, и от тюрьмы!</p>\r\n\r\n<p class=\"poem\">Помните, наказание достаёт, всегда, всех!<br>\r\nИ неважно для Истины, мнение населения!<br>\r\nЛюди сами виноваты, в создании помех!<br>\r\nТолько, одна Россия начала, в Боги движение!</p>\r\n\r\n<p class=\"poem\">Теперь, отсчёт времени, ведёт Создатель!<br>\r\nОн заинтересован сохранить человечество!<br>\r\nУйдут со Сцены только обыватели!<br>\r\nРоссия начинает творить в Духе Отечество!</p>\r\n\r\n<p class=\"noind\">Да будет Свет Истины!<br>\r\nОтец Абсолют или Высший Космический Разум!</p>\r\n","Files":null,"Date":"2025-03-20T16:13:37.645+03:00","DateChange":"2025-03-20T16:14:08.145+03:00","Link":"poems/20.03.25","Id":"67dc14a0b51242b7feb3671e","Srv":"otk","Deleted":false,"Titles":["Теперь, отсчёт времени, ведёт Создатель!"]}
