{"Data":{"Next":null,"NoFooter":false,"PoemOutDict":false,"Titles":null,"Number":"№16 (3166)"},"Active":true,"Catalog":"570ef2fcd07cda3e16f93ef7","Description":"<p class=\"poem\">Ещё не началась инаугурация, и Трамп ещё не стал Президентом!<br>\r\nА Мир уже начинает делить не своё, а Мировое Наследство!<br>\r\nХотя, для этого действия не сложилось, ещё никакого, преимущества!<br>\r\nМир скоро поймёт, что эта ситуация есть ошибок людей следствие!</p>\r\n\r\n<p class=\"poem\">Ещё нет в Америке Нового Президента, а в стране начался передел!<br>\r\nСлова, брошенные Трампом, не дают покоя никому в Мире!<br>\r\nПоэтому, у Президента Америки есть действий его временной предел!<br>\r\nНе стоит, даже надеяться, что за эти годы будет достигнуто перемирие!</p>\r\n\r\n<p class=\"poem\">Волна разногласий покатилась по Планете, словно, огромное Цунами!<br>\r\nТеперь поднимается над Миром океаническая уже волна!<br>\r\nВолновые, среди людей разногласия, распространяются уже сами!<br>\r\nЕщё хуже, когда между государствами возникает, непреодолимая стена!</p>\r\n\r\n<p class=\"poem\">Все страны, и все Народы ждут с напряжением 20 января, как Начала!<br>\r\nЛюди не знают, что будет Началом, а хуже того, не знают Конец!<br>\r\nПройдут по Планете, для людей, все немыслимые Печали!<br>\r\nЭто будет глупости человеческой, в Мире, Венец!</p>\r\n\r\n<p class=\"poem\">Никто не может понять, что будет Началом Новой Эпохи!<br>\r\nЛюди позабыли, своих предков, Исторический опыт!<br>\r\nОт порядка в Советском Союзе, остались лишь людей вздохи!<br>\r\nШагнул в пропасть и Советских людей быт!</p>\r\n\r\n<p class=\"poem\">Никто не задаёт вопрос, зачем все эти изменения людям?<br>\r\nСвои воюют, сегодня, бросаясь друг на друга, словно, враги!<br>\r\nИнтернет, сегодня, как Третьей Мировой войны, прелюдия!<br>\r\nВоевать против своих, не надо иметь никакой, отваги!</p>\r\n\r\n<p class=\"poem\">Никто в Мире не говорит Правду, о том, сколько погибло!<br>\r\nЗа убийство своих, нельзя, давать, ордена!<br>\r\nПоругались люди в своей стране, по глупости и погибли!<br>\r\nВеликая, прежде страна, опустилась в Духе до дна!</p>\r\n\r\n<p class=\"poem\">Не стоит, даже, обсуждать: конец войны или перемирие?<br>\r\nИбо, эта война не кончится Миром, уже никогда!<br>\r\nВ Душах людей вновь накопились вериги!<br>\r\nВ стране сформировалась, уже Великой Лжи среда!</p>\r\n\r\n<p class=\"poem\">Создатель, видя всё это, не хочет помогать никому!<br>\r\nКаждая сторона на этой войне, уже Богом обречена!<br>\r\nПовторяю, все активные участники войны, дружно пойдут ко дну!<br>\r\nГибель людей, сегодня, в Мире уже обеспечена!</p>\r\n\r\n<p class=\"poem\">Россия спешит передать Знания Новому поколению!<br>\r\nК сожалению, большая часть населения, тоже уйдёт!<br>\r\nНовое, на волне Знаний, придёт пополнение!<br>\r\nБольшинство Населения Планеты, из реального Мира, уйдёт!</p>\r\n\r\n<p class=\"poem\">Раньше, был прямой переход в Небо, для большинства!<br>\r\nТеперь, для людей прямого перехода, больше нет!<br>\r\nТеперь, переход только через Анализ, даже, для меньшинства!<br>\r\nВсем людям, перед Великим Советом, придётся держать ответ!</p>\r\n\r\n<p class=\"poem\">Подумайте сами, кто из таких людей, нужен Богу?<br>\r\nВечная Программа для человека &ndash; это совершенство!<br>\r\nВойна &ndash; это, самый плохой, для людей Итог!<br>\r\nБессмысленная жизнь и такая же смерть &ndash; это убожество!</p>\r\n\r\n<p class=\"poem\">Люди, сражаются на войне, ради глупой цели!<br>\r\nСлавяне для Европейцев &ndash; есть очень хорошая Цель!<br>\r\nЛюди объясниться, друг с другом, так и не сумели!<br>\r\nСчитайте, что на пути человечества, есть огромная мель!</p>\r\n\r\n<p class=\"poem\">У Трампа есть возможность вмешаться в драку!<br>\r\nНо, Ему надо видеть Дальнюю перспективу!<br>\r\nСегодня, эта война есть на весь Мир атака!<br>\r\nВойна, никогда не приносила большие активы!</p>\r\n\r\n<p class=\"poem\">Главное в этой войне, есть потухшее человечество!<br>\r\nВесь Мир замкнулся в себе и в быте!<br>\r\nТолько, Россия мечтает о Духовном Отечестве!<br>\r\nИдеология Равенства и Любви Союза, совсем забыта!</p>\r\n\r\n<p class=\"poem\">Теперь вернуться к точке Начала Начал, уже нельзя!<br>\r\nКапитал распространился уже по всей Планет!<br>\r\nСегодня, в Мире нечеловеческая, совсем, стезя!<br>\r\nЛюди от Идеологии Равенства, ушли все вместе, опять к монете!</p>\r\n\r\n<p class=\"poem\">Создатель готов сопровождать Россию!<br>\r\nЕсть для этого Договор и прислан с Неба Мессия!<br>\r\nУ России есть от Бога, Спасителя Мира Миссия!<br>\r\nНачалась, в Школе Творца, успешно, учебная Сессия!</p>\r\n\r\n<p class=\"poem\">Создатель примет, против власти людей, меры!<br>\r\nВеликий Народ не должен опуститься на дно!<br>\r\nШкола Творца &ndash; это есть доказательство Веры!<br>\r\nРоссия, не может отступить, Ей Право Воли Творцом дано!</p>\r\n\r\n<p class=\"noind\">Да будет Свет Истины!<br>\r\nОтец Абсолют или Высший Космический Разум!</p>\r\n","Files":null,"Date":"2025-01-16T11:52:00.519+03:00","DateChange":"2025-01-16T11:52:29.905+03:00","Link":"poems/16.01.25","Id":"6788c8cd8b3d79da43c8ef7d","Srv":"otk","Deleted":false,"Titles":["Создатель готов сопровождать Россию!"]}
{"Data":{"Next":"poems/16.01.25","NoFooter":false,"PoemOutDict":false,"Titles":null,"Number":"№15 (3165)"},"Active":true,"Catalog":"570ef2fcd07cda3e16f93ef7","Description":"<p class=\"poem\">Известно, что всё в этом Пространстве, готовится заранее!<br>\r\nНичего нельзя начинать непродуманно или с кондачка!<br>\r\nСоздатель, даже к этой минуте, готовит Вас по Сценарию!<br>\r\nЖизнь или Сценарий не меняется, никогда, после одного скачка!</p>\r\n\r\n<p class=\"poem\">Планы на Вечность не готовятся никогда случайно!<br>\r\nВ Небе – это взвешенное, всегда, решение!<br>\r\nЭто только человеку, приходится бороться отчаянно!<br>\r\nЖизнь, даже для человека &ndash; это запланированное движение!</p>\r\n\r\n<p class=\"poem\">Человеку, только кажется: &laquo;родился и пригодился&raquo;!<br>\r\nВсё в этой жизни, для человека, гораздо, сложнее!<br>\r\nСначала Создатель, по жизни человека, определился,<br>\r\nИбо в Сценарии человека есть не только сложение!</p>\r\n\r\n<p class=\"poem\">Для жизни человека подготовлено много вариантов!<br>\r\nДаже на один вариант, есть много выборов!<br>\r\nЧеловеку, отвечая на вопросы, надо открывать таланты!<br>\r\nЖизнь человека &ndash; это, поверьте, есть Вечность отборов!</p>\r\n\r\n<p class=\"poem\">Напрасно, люди думают, что жизнь &ndash; это бытие!<br>\r\nБытие человека &ndash; это в жизни, только поверхность!<br>\r\nКаждый день для человека &ndash; это Мира открытие!<br>\r\nЧеловеку приходится, открывать в себе Бесконечность!</p>\r\n\r\n<p class=\"poem\">Поэтому жизнь человека &ndash; это опыт и обучение!<br>\r\nВарианты ответов лежат на Подсознании человека!<br>\r\nЕсли есть у Народа в одну сторону движение!<br>\r\nТогда, создаётся Единый Народ, как и Русь, на века!</p>\r\n\r\n<p class=\"poem\">Россия, всегда, отличалась Единством Духа и Верой!<br>\r\nПассионарность России, имеет Корни от Бога!<br>\r\nПассионарность &ndash; это Глубокой Веры есть мера!<br>\r\nДелающая этот Народ Единым Духом, в итоге!</p>\r\n\r\n<p class=\"poem\">У такого Народа формируется в Духе Единство!<br>\r\nЭто особое положение, как Печать Создателя!<br>\r\nТолько в 20 веке, из Европы в Россию, добралось зерно,<br>\r\nЧерез окно революции хлынули на Русь обыватели!</p>\r\n\r\n<p class=\"poem\">Основу этого Народа составляли, всегда, только Русские!<br>\r\nЭто они составили из Богов коренную Нацию!<br>\r\nБыло, на первом этапе, смешение с Этрусками!<br>\r\nЭто и было формирование Нации, Бога акция!</p>\r\n\r\n<p class=\"poem\">Теперь Путь России определяется Создателем!<br>\r\nНакануне Шестой Эпохи открывается Вечность!<br>\r\nВ Коренной цивилизации не должно быть обывателей!<br>\r\nРоссия поняла, что Создатель открыл для Неё Бесконечность!</p>\r\n\r\n<p class=\"poem\">Но, до Новой Эпохи, России надо пройти Экзамены!<br>\r\nДвижение людей создаёт, на Тонком плане, волну!<br>\r\nПланета давно ждёт Исторической переделки!<br>\r\nРоссия, создаст для человечества положительную среду!</p>\r\n\r\n<p class=\"poem\">За Россией, по уровню развития, встанет Америка!<br>\r\nНо, на поверхности, виден сложный политический Путь!<br>\r\nЧеловечество, после этой войны, находится в Истерике!<br>\r\nОно не понимает уже, этой жизни Суть!</p>\r\n\r\n<p class=\"poem\">Идёт, в Вечность, только Россия, переделывая себя!<br>\r\nРоссия застряла во власти, и в старой религии!<br>\r\nУ России, после Союза, потеряна в Завтра стезя!<br>\r\nНа Сознании России, от прошлого, накопились вериги!</p>\r\n\r\n<p class=\"poem\">Россию захватила, в тиски, системная власть воров!<br>\r\nЛюди Мира не понимают, что есть Суверен!<br>\r\nВласть нацепила на людей набор кандалов!<br>\r\nОна в безнаказанности своей уверена!</p>\r\n\r\n<p class=\"poem\">Но, сегодня, накануне, Шестой Эпохи!<br>\r\nПротиводействие Суверена власти заметно!<br>\r\nВласть продолжает считать, что все люди &ndash; лохи!<br>\r\nСуверен, поставил на власти, отрицательную метку!</p>\r\n\r\n<p class=\"poem\">По всей Планете будет изменена власть!<br>\r\nНастало, по мнению Суверена, время России!<br>\r\nСкоро проявится, против власти, людей страсть!<br>\r\nУ руля Планеты, Сувереном будет поставлен, Мессия!</p>\r\n\r\n<p class=\"poem\">Казалось простое решение, но сложный Путь!<br>\r\nСоздатель, постепенно, на Планете, меняет условия!<br>\r\nРоссия &ndash; это Завтра людей-Богов Суть!<br>\r\nНа Планете не будет больше, никаких, сословий!</p>\r\n\r\n<p class=\"poem\">Кто понимает Сценарий, тот встанет рядом!<br>\r\nСоздатель готовит людей в Школу Творца!<br>\r\nЛюди-Боги станут, скоро, одним отрядом!<br>\r\nТворец ожидает их, у Победного уже Конца!</p>\r\n\r\n<p class=\"noind\">Да будет Свет Истины!<br>\r\nОтец Абсолют или Высший Космический Разум!</p>\r\n","Files":null,"Date":"2025-01-15T12:12:54.775+03:00","DateChange":"2025-01-15T12:13:27.878+03:00","Link":"poems/15.01.25","Id":"67877c373750c7e85fec68f3","Srv":"otk","Deleted":false,"Titles":["Кто понимает Сценарий, тот встанет рядом!"]}
{"Data":{"Next":"poems/15.01.25","NoFooter":false,"PoemOutDict":false,"Titles":null,"Number":"№14 (3164)"},"Active":true,"Catalog":"570ef2fcd07cda3e16f93ef7","Description":"<p class=\"poem\">Уже говорил людям, что жизнь протекает, сразу, в двух Планах!<br>\r\nОбстоятельства, вне человека, для людей стали, как реальность!<br>\r\nЕсть внутренний настрой человека в его собственных ипостасях!<br>\r\nДля Русского человека, особенно, характерна, и Пассионарность!</p>\r\n\r\n<p class=\"poem\">Внешние обстоятельства, создают люди сами, не ведая того!<br>\r\nИм, кажется, что они правильно реагируют на окружающий их быт!<br>\r\nНо, человеку понять изменение обстоятельств внутри, важнее всего!<br>\r\nИзменение внешнего, вокруг человека, Мира, от него самого скрыто!</p>\r\n\r\n<p class=\"poem\">Человек действует, и живёт по обстоятельствам, или проблемам!<br>\r\nУ человека развивается реакция, на Мир, окружающий Его!<br>\r\nУ человека, свои действия, каждый раз, есть дилемма,<br>\r\nЧтобы не усугубить сложное состояние, на сегодня, своё!</p>\r\n\r\n<p class=\"poem\">По Спектаклю Создателя, не известен людям, окончательный результат!<br>\r\nЗадача человека найти правильный, для этого Момента, ход!<br>\r\nЕсли человек понимает Создателя Цель, то этот человек – авангард!<br>\r\nЕсли человек ничего не понимает, то он для Творца простой пешеход!</p>\r\n\r\n<p class=\"poem\">Человек должен понимать Цель Бога, и, конкретно, в Том, своё Место!<br>\r\nСоздатель предлагает для этой Цели, сразу много решений!<br>\r\nПри правильной в стране Идеологии, получится очень легко вместе!<br>\r\nБудет, тогда, согласованное с каждым человеком движение!</p>\r\n\r\n<p class=\"poem\">У большинства предложений Создателя есть вероятность решения!<br>\r\nЕсли у людей Цель одна, то решается любая задача!<br>\r\nНадо перед Народом или страной ставить, только Одно предложение!<br>\r\nЕсли у Вас, одна на всех Цель, тогда Вас будет ждать, всегда, Удача!</p>\r\n\r\n<p class=\"poem\">Сегодня, у Вас Задача, перейти всем, сразу, без потерь в Шестую Эпоху!<br>\r\nНо, перейти, вместе, можно только постигая Создателя Знания!<br>\r\nНе получится, поверьте, перейти в Новый Мир, всем сходу,<br>\r\nК людям должно, сначала прийти, Цели жизни своей, понимание!</p>\r\n\r\n<p class=\"poem\">Впереди для людей светит, только Новая, Шестая Эпоха!<br>\r\nВысокие вибрации заставят преобразовать Плотное тело!<br>\r\nВысокие вибрации, для совершенствования человека &ndash; это помеха!<br>\r\nПреображение человека в Боги &ndash; это, совсем, не простое дело!</p>\r\n\r\n<p class=\"poem\">Человек может пройти это всё, только поставив себе, Цель!<br>\r\nСознание человека сможет открыть, все неизвестные горизонты!<br>\r\nПри глубоком анализе человеку, не страшна никакая мель!<br>\r\nПри необходимости людей, могут спасти от Бога Зонты!</p>\r\n\r\n<p class=\"poem\">Нужно поставить, перед Народом, одну, но, Главную Цель!<br>\r\nЧеловек, может достичь в Духе, Создателя предела!<br>\r\nТакой человек, всегда, пройдёт в жизни любую Мель!<br>\r\nУ человека, во всех проявлениях, есть опыт, в качестве задела!</p>\r\n\r\n<p class=\"poem\">Вам нужно договориться на каждый Шаг или в жизни Этап!<br>\r\nГлавное, надо хранить, глубоко, в себе, Богу Веру!<br>\r\nВам не страшен, поверьте, на Планете никакой потоп,<br>\r\nЕсли своим возможностям в Духе, Вы знаете реальную меру!</p>\r\n\r\n<p class=\"poem\">Во главу угла, Вам надо поставить Единую Идеологию!<br>\r\nЕсли Цель одна, то людям, очень легко, договориться!<br>\r\nБудет использована, этих людей в Духе, психология!<br>\r\nТогда, во всём, людям, будет проще с будущим определиться!</p>\r\n\r\n<p class=\"poem\">Война &ndash; это вечное и кровопролитное разрушение!<br>\r\nВойна &ndash; это никогда, никакого, Перемирия!<br>\r\nНа войне, не бывает никогда вперёд движения!<br>\r\nРади Мира, у людей, должен быть, на Создателя ориентир!</p>\r\n\r\n<p class=\"poem\">Скоро поменяется в США управления мимика!<br>\r\nСтрана, как и весь Мир, стоит на грани разрушения!<br>\r\nСоздатель ожидает от Президента предложения, а не истерики!<br>\r\nДолжно быть в будущее, или в Завтра, направление!</p>\r\n\r\n<p class=\"poem\">России, нужна, прежде всего, Идеология, как Старт, в Завтра!<br>\r\nБез Цели и Идеологии в стране нет развития!<br>\r\nНикто, не знает, какая между людьми и Небом есть Правда?<br>\r\nНельзя человеку жить в Вечности только, на основе бытия!</p>\r\n\r\n<p class=\"poem\">Россия, Первая, начинает свой Путь вместе с Творцом!<br>\r\nЛюди по Духу, после Школы, должны быть одной категории!<br>\r\nТогда, не будет никаких печальных концов!<br>\r\nРоссия &ndash; это Святой Дух на одной и большой территории!</p>\r\n\r\n<p class=\"poem\">Мир должен знать, что хотят эти Русские!<br>\r\nПоверьте, Россия всегда против войны и в Духе рабства! <br>\r\nРазличия внутри этого Народа очень узкие!<br>\r\nРоссия никогда не стояла у ворот Папства!</p>\r\n\r\n<p class=\"poem\">Сегодня, через Школу Творца готовится Единодушие!<br>\r\nПервый Этап, пройдён людьми, на Отлично!<br>\r\nСтрана должна пройти через принудительное властями удушение!<br>\r\nЗа каждого человека, в этих условиях, Мессия отвечает лично!</p>\r\n\r\n<p class=\"noind\">Да будет Свет Истины!<br>\r\nОтец Абсолют или Высший Космический Разум!</p>\r\n","Files":null,"Date":"2025-01-14T11:44:46.337+03:00","DateChange":"2025-01-14T11:45:16.426+03:00","Link":"poems/14.01.25","Id":"6786241cc86c2f8503955a4f","Srv":"otk","Deleted":false,"Titles":["Сегодня, через Школу Творца готовится Единодушие!"]}
{"Data":{"Next":"poems/14.01.25","NoFooter":false,"PoemOutDict":false,"Titles":null,"Number":"№13 (3163)"},"Active":true,"Catalog":"570ef2fcd07cda3e16f93ef7","Description":"<p class=\"poem\">Продолжается разговор, с Создателем, о Цели человека в жизни!<br>\r\nТворец уточняет, что Цель человека в жизни есть поиск!<br>\r\nЧеловек в этой жизни должен определиться для себя, как жить?<br>\r\nИстория говорит, что жизнь человека &ndash; это в Минус перекос!</p>\r\n\r\n<p class=\"poem\">Человеку трудно понять в жизни, что надо делать?<br>\r\nЧеловек, при Рождении, подчинён порядкам в семье!<br>\r\nТолько, став взрослым человек начинает понимать, что делать!<br>\r\nЖизнь, тогда и разделяется, на жизнь в семье и в себе!</p>\r\n\r\n<p class=\"poem\">Повторяю, семья &ndash; это Школа внешнего поведения!<br>\r\nНикакого, понимания смысла жизни, пока в человеке нет!<br>\r\nПоэтому, после семьи есть только хаотичное движение!<br>\r\nУ человека понимания смысла жизни, после семьи, нет!</p>\r\n\r\n<p class=\"poem\">Все прошлые поколения уходили из жизни рано!<br>\r\nТолько в Советском Союзе жизнь была долгой!<br>\r\nНепонимание Смысла жизни было, всегда, преградой!<br>\r\nВ Союзе, при наличии Идеологии жизнь была строгой!</p>\r\n\r\n<p class=\"poem\">Союз рухнул из-за развала Национальной Идеологии!<br>\r\nВласть страны предала Идеологию Равенства!<br>\r\nЛюди вновь опустились в развал и патологию!<br>\r\nПроявились, вновь, богатство и неравенство!</p>\r\n\r\n<p class=\"poem\">Сегодня, Творцом вопрос об этом поставлен, опять строго!<br>\r\nШестая Эпоха &ndash; это Эпоха людей-Богов!<br>\r\nСегодня, люди встали у Квантового перехода, в срок!<br>\r\nНадо, людям срочно менять результаты этих Итогов!</p>\r\n\r\n<p class=\"poem\">Повторяю, что в человеке есть два, различных, &laquo;Я&raquo;!<br>\r\nЕсть &laquo;Я&raquo; от Творца и есть &laquo;Я&raquo; от самого человека!<br>\r\nНичего уже не может исправить собственная Семья,<br>\r\nНовые, на смену Пятой Эпохе, приходят века!</p>\r\n\r\n<p class=\"poem\">Все страны, исключая Россию, не думают о былом!<br>\r\nЛюди, продолжают искать повсюду, своё Счастье!<br>\r\nВсе люди едины, только в одном:<br>\r\nЛюди хотят уйти, из сферы проблем и несчастий!</p>\r\n\r\n<p class=\"poem\">Люди не понимают, откуда в жизни все эти проблемы?<br>\r\nЧто делается не так, в этой жизни реальности?<br>\r\nПросто, в каждой семье и в стране есть дилеммы!<br>\r\nЛюди упорно, продолжают искать жизни своей актуальность!</p>\r\n\r\n<p class=\"poem\">Ещё, до Инаугурации у Президента США, меняются представления!<br>\r\nНикто не догадывается, какой будет, после Инаугурации Америка!<br>\r\nДве партии &ndash; это в две разные стороны, страны движение!<br>\r\nЕсли нет Единого направления, в стране начинается истерика!</p>\r\n\r\n<p class=\"poem\">Россия покажет этому Миру, правильный путь!<br>\r\nВ Америке была война, но не было революции!<br>\r\nБез Идеологии, Трамп не удержит страны Суть!<br>\r\nРоссия напомнит про Путь к Богу или Эволюцию!</p>\r\n\r\n<p class=\"poem\">Россия, вместе с Творцом, начнёт, Новый Путь!<br>\r\nАмерика погрязнет во внутренних делах!<br>\r\nПовторяю, Эволюция в жизни &ndash; это Главная Суть!<br>\r\nАмерика, сегодня, в мирских кандалах!</p>\r\n\r\n<p class=\"poem\">Каждая страна на Планете, идёт своим Путём!<br>\r\nКвантовый переход заставит людей объединиться!<br>\r\nНебо может вспыхнуть Единым огнём!<br>\r\nОт такой беды, люди не смогут устраниться!</p>\r\n\r\n<p class=\"poem\">У Америки нет вообще, понимания Смысла жизни!<br>\r\nРоссия прошла все войны и революции!<br>\r\nВ Америке, сегодня, оказалось много лишних,<br>\r\nНет понимания у Америки, значения Эволюции!</p>\r\n\r\n<p class=\"poem\">Две Державы идут к Творцу, но по-разному!<br>\r\nСоздатель, давно, выбрал в приоритете Россию!<br>\r\nИдеология Равенства для людей, понятна Творцу!<br>\r\nУправление, на Руси, скоро перейдёт к Мессии!</p>\r\n\r\n<p class=\"poem\">Управление Россией переходит к Небу!<br>\r\nАмерика, идёт в Небо, своим Путём!<br>\r\nАмерика переходит уже в Небыль,<br>\r\nАмерика идёт одна, а не как Россия с Богом, вдвоём!</p>\r\n\r\n<p class=\"poem\">Две страны должны будут договориться!<br>\r\nКаждой стране дано время на Преображение!<br>\r\nТрамп должен с Мессией определиться!<br>\r\nКаким должно быть к Творцу движение!</p>\r\n\r\n<p class=\"noind\">Да будет Свет Истины!<br>\r\nОтец Абсолют или Высший Космический Разум!</p>\r\n","Files":null,"Date":"2025-01-13T12:49:58.482+03:00","DateChange":"2025-01-13T12:50:26.235+03:00","Link":"poems/13.01.25","Id":"6784e1e2cd1b9c1046bf20c8","Srv":"otk","Deleted":false,"Titles":["Управление Россией переходит к Небу!"]}
{"Id":"62195b9e5d5a11c6eb22ae89","Deleted":false,"Active":false,"DateChange":"2025-01-13T12:10:03.814+03:00"}
{"Data":{"Next":"poems/13.01.25","NoFooter":false,"PoemOutDict":false,"Titles":null,"Number":"№12 (3162)"},"Active":true,"Catalog":"570ef2fcd07cda3e16f93ef7","Description":"<p class=\"poem\">Люди знают, что для них есть Мир плотного плана!<br />Но, это не значит, что всё решается только Там!<br />Просто, в этих условиях идёт формирование клана!<br />Но, управление людьми передано Творцом, Небесам!</p>\n<p class=\"poem\">Действия людей и их Судьбы решаются только на Небе!<br />Создатель только начинает готовить Новые условия!<br />Помните в лексиконе слова: &laquo;Быль&raquo; и &laquo;Небыль&raquo;!<br />Это к описанию Вашей жизни, первое предисловие!</p>\n<p class=\"poem\">Людям была поставлена задача, стать Богом, в реальности!<br />Повторяю, это решение формировалось в Небе!<br />Для людей, в Новой Эпохе, поставленная задача, актуальность!<br />Создатель начал готовить людей 20 лет назад, по этой Теме!</p>\n<p class=\"poem\">Человек &ndash; это биологическая форма Разума проявления!<br />Но, у человека, есть ещё вместе с Творцом, Тонкий план!<br />У человека существуют, одновременно, два явления!<br />Только, Плотным планом человек руководит сам!</p>\n<p class=\"poem\">Фактически, в человеке существуют сразу два человека!<br />Один, в Тонком плане, управляется Творцом или Богом!<br />Второй, в Плотном плане &ndash; это с Творцом Единая среда!<br />Создателю, очень интересно, что получается в Итоге?</p>\n<p class=\"poem\">Сознание человека &ndash; это возможность, внутри, договориться!<br />Задачу Создателя, всегда, выполняют сразу две Сущности!<br />Сознанию человека надо, в этом случае, определиться:<br />Какие и как, могут возникнуть для человека, сложности?</p>\n<p class=\"poem\">Школа Творца &ndash; это не только передача людям Знаний!<br />Школа Творца &ndash; это подготовка человека Сознания!<br />К человеку на занятиях, должно прийти Цели жизни понимание!<br />Понимание, и присутствия Творца, на Подсознании!</p>\n<p class=\"poem\">Человек &ndash; это Главная интрига в этой Истории!<br />Если преобладает приоритет Плотного плана,<br />Человек, опускается до обывательской категории!<br />Человек, притягивает к себе Тёмных сил кланы!</p>\n<p class=\"poem\">Человек в Клане, есть человек, потерявший Сознание,<br />Ибо мирские мысли отделяют человека от Бога!<br />Уходит из Сознания человека, Великой Судьбы понимание!<br />Такой человек уходит из жизни раньше срока в Итоге!</p>\n<p class=\"poem\">Создатель, постоянно, говорит о необходимости Идеологии!<br />Ибо, это открытая дверь в Сознание человека!<br />Если эта дверь закрыта, то в жизни человека нет логики,<br />Человек без Сознания &ndash; это только копия человека!</p>\n<p class=\"poem\">Сегодня, время, когда Сознание человека надо менять!<br />Надо менять и условия реализации Сознания!<br />Человеку, Плотного плана, это очень трудно принять!<br />Если нет Сознания, то человека окружают страдания!</p>\n<p class=\"poem\">Создателю приходится корректировать этот Мир!<br />Ибо, перевес, сегодня, в сторону Плотного плана!<br />Люди, вместо Бога, принимают другой ориентир!<br />Превращаясь в мирское, во всём, стадо!</p>\n<p class=\"poem\">Создатель, уже объяснял, что биология &ndash; это только Начало!<br />Надо усиленно развивать человека Сознание!<br />Привычное образование людей, вызывает у Творца печали!<br />Ибо, не даёт человеку, Судьбы его, понимания!</p>\n<p class=\"poem\">Повторяю, что Сознание человека не связано с его бытом!<br />Сознание &ndash; это разговор человека с Богом!<br />Человек, не понимающий Судьбы, поймёт только потом,<br />Что он, так и не смог, в жизни стать Богом!</p>\n<p class=\"poem\">Повторяю, без Идеологии нет семьи и нет Государства!<br />Человек, потерявший связь с Творцом, уже никто!<br />Такие люди пускаются в бесполезное странствие!<br />Теряя, при этом и Знания, как Божественное зерно!</p>\n<p class=\"poem\">Сегодня, Создатель решает две Задачи сразу!<br />Первая, Россия открыла Школу Творца!<br />Вторая, Творец меняет условия жизни людей в придачу!<br />Ибо, нельзя повторять Пятой Эпохи конца!</p>\n<p class=\"poem\">Создатель создаёт условия для постижения Сознания!<br />Ибо в Плотном плане на Горизонте война!<br />Школа Творца откроет в людях Судьбы понимание!<br />Надо, чтобы, прошла по Планете, океаническая волна!</p>\n<p class=\"poem\">Творец начинает с людьми серьёзное обсуждение!<br />Без Сознания человека разговора не будет!<br />Создатель начинает, с нуля людей, обучение!<br />В шестой Эпохе всё, совсем, по-другому, будет!</p>\n<p class=\"noind\">Да будет Свет Истины!<br />Отец Абсолют или Высший Космический Разум!</p>","Files":null,"Date":"2025-01-12T11:54:40.415+03:00","DateChange":"2025-01-12T17:34:59.784+03:00","Link":"poems/12.01.25","Id":"6783836fcd1b9c1046bf20c2","Srv":"otk","Deleted":false,"Titles":["Творец начинает с людьми, серьёзное обсуждение!"]}
{"Data":{"Next":"poems/12.01.25","NoFooter":false,"PoemOutDict":false,"Titles":null,"Number":"№11 (3161)"},"Active":true,"Catalog":"570ef2fcd07cda3e16f93ef7","Description":"<p class=\"poem\">Человек не может, не думать о Будущем!<br>\r\nИбо, будущее человечества заложено в детях!<br>\r\nЛюди спешат сделать, уже таким настоящее!<br>\r\nЧтобы видеть продолжение жизни в веках!</p>\r\n\r\n<p class=\"poem\">Для жизни, прежде всего, нужна Идеология!<br>\r\nИными словами, нужен в Будущее план!<br>\r\nЧеловек должен в детях, формировать психологию,<br>\r\nСемья, в этом отношении, неповторимый Клан!</p>\r\n\r\n<p class=\"poem\">Человек сотворен Богом, по своему, подобию!<br>\r\nПроцесс совершенства человека, выбран один!<br>\r\nПоэтому, в семье надо создавать роста условия,<br>\r\nЧтобы человек Единство в Духе хранил!</p>\r\n\r\n<p class=\"poem\">Человек сотворен для внутреннего совершенства!<br>\r\nНельзя оставаться в начальном состоянии!<br>\r\nНикто не должен оставаться на уровне невежества!<br>\r\nНадо помнить, что страна &ndash; это семей достояние!</p>\r\n\r\n<p class=\"poem\">Сначала, надо для себя понять, что есть жизнь?<br>\r\nВ жизни человека, есть несколько переходов!<br>\r\nЧеловек должен понимать, зачем ему дано Право жить!<br>\r\nЦель жизни человека, совсем не накопление доходов!</p>\r\n\r\n<p class=\"poem\">Цель жизни, конечно, достижение Сознания Бога!<br>\r\nИ, естественно, совершенствование Сознания!<br>\r\nЧеловек от перехода к переходу растёт в Итоге!<br>\r\nВот тогда и приходит к человеку Судьбы понимание!</p>\r\n\r\n<p class=\"poem\">Для человека есть конкретная Цель жизни,<br>\r\nИ есть, конечно, конкретная в Будущем цель, стать Богом!<br>\r\nЧеловеку, суждено, не в Материи, а в Духе жить,<br>\r\nЧтобы когда-то стать, человеком-Богом, в Итоге!</p>\r\n\r\n<p class=\"poem\">Каждый этап жизни должен иметь продолжение!<br>\r\nНадо передать детям, то, чего достиг сам!<br>\r\nЭто и есть в Духе семьи возвышение!<br>\r\nА, значит, за возвышение в Духе есть от Бога Штамп!</p>\r\n\r\n<p class=\"poem\">Есть Штамп человека-Бога, от Неба, в Итоге!<br>\r\nДля детей и внуков дальнейшее предназначение!<br>\r\nЭто поднимает Уровень Духа в людском потоке!<br>\r\nЗначит, семья, и страна, возвышаются без искажения!</p>\r\n\r\n<p class=\"poem\">Школа Творца начинается с семьи или Рода!<br>\r\nСемья &ndash; это первый уровень, постижения Знаний!<br>\r\nВ семье должна формироваться людей-Богов порода!<br>\r\nНадо жить в семье без Мирских притязаний!</p>\r\n\r\n<p class=\"poem\">Чем выше первый уровень Духа в семье, тем лучше, второй!<br>\r\nЧеловек должен понимать, своей семьи, стезю!<br>\r\nНельзя, в совершенствовании, останавливаться даже порой!<br>\r\nЧтобы не перепутать жизнь человека с фантазией!</p>\r\n\r\n<p class=\"poem\">К совершенству Сознания ведут от Создателя Знания!<br>\r\nМудрость &ndash; это Сознание уже творящего!<br>\r\nНадо иметь, на три хода, вперёд понимание!<br>\r\nСкоро наступят Новой Эпохи уже Ваши года!</p>\r\n\r\n<p class=\"poem\">Наука бессильна без Знаний Создателя!<br>\r\nНо, Создатель только перед Шестой Эпохой начал обучение!<br>\r\nЕщё, совсем недавно, не было Судьбы понимания!<br>\r\n20 лет назад Мессия был выделен для объединения!</p>\r\n\r\n<p class=\"poem\">Люди не могут обучить, до уровня Бога, людей!<br>\r\nЛюдям нужен Создатель и его Знания!<br>\r\nВ жизни человека есть очень много разных путей!<br>\r\nЕсли нет Истинных Знаний, то и не придёт понимание!</p>\r\n\r\n<p class=\"poem\">План на Будущее есть только у Создателя!<br>\r\nЭто Создатель создал Школу Творца!<br>\r\nНе ждите в этой Школе людей-обывателей!<br>\r\nЗнания передаются через, выбранного Гонца!</p>\r\n\r\n<p class=\"poem\">Гонец был выбран с родословной!<br>\r\nВетвь не должна была уходить от ствола!<br>\r\nДерево жизни &ndash; это схема очень условная!<br>\r\nСлова Создателя &ndash; это Совершенных Знаний среда!</p>\r\n\r\n<p class=\"poem\">Чтобы не было в жизни никаких ошибок!<br>\r\nВ Школе Творца принят очень строгий контроль!<br>\r\nНе должно быть от Материи никаких прививок!<br>\r\nРавенство и Любовь &ndash; это Новой Эпохи пароль!</p>\r\n\r\n<p class=\"poem\">Помните, что Сценарий Создателя готов, для Далеко!<br>\r\nЧеловеку, чтобы стать Богом, надо много времени!<br>\r\nНадо, чтобы за Семьёй, Нового человека всегда влекло!<br>\r\nВопрос Веры Богу не был для людей бременем!</p>\r\n\r\n<p class=\"poem\">Процесс обучения людей в Боги начался!<br>\r\nДля человека никакого другого пути нет!<br>\r\nСоздатель, окончательно, с людьми определился!<br>\r\nПрошедшим Школу, подготовлен в Вечность Билет!</p>\r\n\r\n<p class=\"noind\">Да будет Свет Истины!<br>\r\nОтец Абсолют или Высший Космический Разум!</p>\r\n","Files":null,"Date":"2025-01-11T12:56:40.188+03:00","DateChange":"2025-01-11T12:57:05.234+03:00","Link":"poems/11.01.25","Id":"67824071cd1b9c1046bf20c1","Srv":"otk","Deleted":false,"Titles":["Процесс обучения людей в Боги начался!"]}
{"Data":{"Next":"poems/11.01.25","NoFooter":false,"PoemOutDict":false,"Titles":null,"Number":"№10 (3160)"},"Active":true,"Catalog":"570ef2fcd07cda3e16f93ef7","Description":"<p class=\"poem\">Мир людей, вечно, балансирует между Началом и Концом!<br>\r\nЛюди замерли, как ни странно, в ожидании Инаугурации!<br>\r\nНовая Эпоха должна стать Великого Будущего Венцом!<br>\r\nИнаугурация не будет никогда, Начала Начал акцией!</p>\r\n\r\n<p class=\"poem\">Существующая власть на Планете &ndash; это только её подобие!<br>\r\nПрезидент страны, в любой момент, может быть убит!<br>\r\nЛюдям, кажется, что решать проблемы, так удобнее!<br>\r\nНаселение США, или другой страны, напрасно шумит!</p>\r\n\r\n<p class=\"poem\">Только тихо пока, на Европейской, или на другой, стороне!<br>\r\nВ Европе давление на население, постепенно, растёт!<br>\r\nЛюди привыкли жить тяжело, в любой стране!<br>\r\nЖизнь людей в России, воспринимается, особенно, как гнёт!</p>\r\n\r\n<p class=\"poem\">Люди забыли, что помимо власти людей, есть власть Неба!<br>\r\nГоворил, много раз, что Планету и людей на ней, создал Бог!<br>\r\nЗначит, суета, при жизни людей, переходит в пустую Небыль!<br>\r\nСоздатель Пятой, уходящей, Эпохи, начал подводить Итог!</p>\r\n\r\n<p class=\"poem\">Создатель решил, прежде всего, убрать людей от управления!<br>\r\nПятая Эпоха показала, что люди управлять, совсем, не могут!<br>\r\nНет, среди людей, согласованного с Создателем, движения!<br>\r\nПятая Эпоха, под управлением людей, привела всех в омут!</p>\r\n\r\n<p class=\"poem\">Самое главное, по окончании Эпохи, война &ndash; это трагедия!<br>\r\nБолее того, война подогревает, одной нации, интересы!<br>\r\nСегодня, на Планете сложилась Божественная комедия!<br>\r\nК плачевному окончанию цивилизации, ведут все процессы!</p>\r\n\r\n<p class=\"poem\">В России, в прошлом веке, революция создала Союз!<br>\r\nНародом, были выбраны тогда, правильные ориентиры!<br>\r\nНо, без участия Создателя, революция пошла юзом!<br>\r\nГордыня людей, поменяла на противоположное, все коррективы!</p>\r\n\r\n<p class=\"poem\">Сегодня, людей ожидает Новая Эпоха и, значит, Новый Мир!<br>\r\nСоздатель принимает на себя, через Мессию, управление!<br>\r\nТеперь, уже сам Создатель, будет для людей ориентир!<br>\r\nВ сторону Вечности, начинается всех людей, движение!</p>\r\n\r\n<p class=\"poem\">Народ России, единственный, подписал Договор с Богом!<br>\r\nТакого на Планете ещё не было, никогда, в Истории!<br>\r\nСоздатель, вместе с Россией, начинает подводить Итоги!<br>\r\nРоссия теперь страна, особой для Создателя, категории!</p>\r\n\r\n<p class=\"poem\">Россия, по Плану Создателя, должна встать на ноги!<br>\r\nИдеологию Равенства и Любви будет трудно принять!<br>\r\nСША, неожиданно, могут стать Руси подмогой!<br>\r\nЕсли, свою Судьбу, Президент США, сможет понять!</p>\r\n\r\n<p class=\"poem\">Нельзя, торопить действия, ибо условия, ещё не готовы!<br>\r\nБудет, всё сделать легко, только предстоящей Весной!<br>\r\nНеобходимо, прежде всего, сбросить с людей оковы!<br>\r\nСправедливые налоги будут, для России, стезёй!</p>\r\n\r\n<p class=\"poem\">Людям надо раскачать на Планете обстановку!<br>\r\nТребование справедливости поймут, сразу люди, все!<br>\r\nВам надо ссылаться, на разработанную, Богом постановку!<br>\r\nВам надо верить Создателю и Его Мечте!</p>\r\n\r\n<p class=\"poem\">Вам пока, надо готовить Учителей Духа!<br>\r\nДуховных Учителей Света, должно быть, много!<br>\r\nПоверьте, учиться у Создателя, совсем, не мука!<br>\r\nВам, надо до конца этого года, уже подвести Итоги!</p>\r\n\r\n<p class=\"poem\">Человечество, от такой власти, уже, сильно, устало!<br>\r\nБеженцы из Азии &ndash; это очень тяжёлая ноша!<br>\r\nВремя Исторических, или Глобальных, перемен настало!<br>\r\nИбо человек без Веры &ndash; это, для Небес, тоже сложно!</p>\r\n\r\n<p class=\"poem\">Религии укрепили, сегодня, свои позиции!<br>\r\nТеперь, это направление сразу, против всего, Мира!<br>\r\nСпором начинается, религиозная инквизиция!<br>\r\nОна в сторону Аллаха, ожидается ориентиром!</p>\r\n\r\n<p class=\"poem\">Людям надо вспомнить, что есть один Суверен!<br>\r\nЭто Он создавал Планету, людей, но не религии!<br>\r\nСуверен в своих Промыслах уверен!<br>\r\nСуверен снимет с людей религиозные вериги!</p>\r\n\r\n<p class=\"poem\">Для Вас надо остановить войну и религии!<br>\r\nИ то, и другое разрушает человека, и этот Мир!<br>\r\nВ Шестой Эпохе не будет никаких вериг!<br>\r\nРоссия готовит, для людей-Богов, Новый ориентир!</p>\r\n\r\n<p class=\"poem\">Россия и Америка должны протянуть навстречу руки!<br>\r\nРади общего, в Мире интереса, надо договориться!<br>\r\nВ Шестой Эпохе не будет никаких мук!<br>\r\nВам надо с будущим Нового Мира определиться!</p>\r\n\r\n<p class=\"noind\">Да будет Свет Истины!<br>\r\nОтец Абсолют или Высший Космический Разум!</p>\r\n","Files":null,"Date":"2025-01-10T12:30:56.046+03:00","DateChange":"2025-01-10T12:31:29.535+03:00","Link":"poems/10.01.25","Id":"6780e8f1cd1b9c1046bf20c0","Srv":"otk","Deleted":false,"Titles":["Людям надо вспомнить, что есть Суверен!"]}
{"Data":{"Next":"poems/10.01.25","NoFooter":false,"PoemOutDict":false,"Titles":null,"Number":"№09 (3159)"},"Active":true,"Catalog":"570ef2fcd07cda3e16f93ef7","Description":"<p class=\"poem\">Есть этот сложный Мир, во всех ипостасях, и есть люди!<br />Но и Мир, и сами люди есть результат творения Создателя!<br />Творец дал Право совершенствования всем людям!<br />Но, в этой Свободе, много людей опустилось до обывателей!</p>\n<p class=\"poem\">Мир многогранен и содержит много уровней!<br />Каждый человек в этом разнообразии имеет место!<br />Жизнь состоит из разных для человечества путей!<br />Главное, чтобы люди творили этот Мир, все вместе!</p>\n<p class=\"poem\">Каждый человек выбирает свой собственный уровень!<br />Это его уровень совершенства Сознания в Духе!<br />За человеком в Тонком плане следует его Тень,<br />Человек должен стать совершенным в Итоге!</p>\n<p class=\"poem\">За человеком, на каждом Этапе, следит Творец!<br />Кто-то достигает Больших высот, даже, в Духе!<br />Кого-то ожидает Небо, а кого-то, просто, конец!<br />Имя в Тонком плане &ndash; то, чего достиг человек в Итоге!</p>\n<p class=\"poem\">Дополнительное имя в Духе &ndash; это награда Создателя!<br />Два имени сразу: в Материи и в Духе &ndash; это успех!<br />Одно имя, остаётся, только у рядового, обывателя!<br />У которого жизнь прошла, в гуще, его помех!</p>\n<p class=\"poem\">Люди узнают об этом, в конце жизни, позже!<br />Ибо, тот, кто в Боге &ndash; это особый случай!<br />Переход людей, в людей-Богов, уже возможен!<br />Для всех людей начинается период Начала Начал!</p>\n<p class=\"poem\">В России победно прошёл первый этап Школы!<br />Первая команда людей-Богов подтвердила статус!<br />Для них в Небе подготовлены все протоколы!<br />Наконец, над Россией, после падения Союза, появился Плюс!</p>\n<p class=\"poem\">Народы бьются на этой войне, не понимая её причину!<br />Россия была вовлечена в войну, принудительно!<br />Теперь, по понятиям Неба, Россия получит чин!<br />Россия начала подниматься в Небо &ndash; стремительно!</p>\n<p class=\"poem\">Информационная волна о России, идёт по Планете!<br />Одновременно, с указанием о Новом Мессии!<br />Мессия в России &ndash; это Новые от Бога Заветы!<br />Россия готовится выполнить, Спасителя Мира, Миссию!</p>\n<p class=\"poem\">Незаметно, но, в Мире меняется людей положение!<br />Шестая Эпоха уже подошла к Миру вплотную!<br />Россия ускорила внутреннее к Богу, перестроение!<br />Осталось совсем мало времени, когда люди перейдут в Эпоху иную!</p>\n<p class=\"poem\">Незаметно, но волна Плюса из России, перешла на Континент!<br />Калифорния вспомнила своё Русское происхождение!<br />Наступает, самый Главный Исторический Момент!<br />Начинается России с Америкой в Духе сближение!</p>\n<p class=\"poem\">Ещё до инаугурации стала меняться Энергия Поля!<br />Президент США уже меняет свою, собственную, позицию!<br />Трамп, непременно, проявит Великой страны Волю!<br />Это не будет иметь ничего общего с инквизицией!</p>\n<p class=\"poem\">Повторяю, параллельно Россия, тоже, начнёт перестройку!<br />Прошлая власть уйдёт по своей Воле!<br />Мессия начнёт в России Духовную настройку,<br />Проявится в Плотном плане Её Небесная Доля!</p>\n<p class=\"poem\">Поменяется весь Мир в переходный период!<br />Будет восстановлена Русско-Американская в коммерции нить!<br />Америка и Россия начнут свой Новый в Завтра поход!<br />Двое Русских должны будут это всему Миру объявить!</p>\n<p class=\"poem\">Повторяю, эти слова изменят этот Мир для всего человечества!<br />Основу составят Бога Знания и Божественное Начало!<br />Россия, первая начнёт, в Духе строить Отечество!<br />В котором, для людей-Богов, не будет никогда печалей!</p>\n<p class=\"poem\">Много людей пересмотрят свои прежние суждения!<br />Грехи и гордыня будут в Духе исключены!<br />Люди будут постигать Новое от Создателя Учение!<br />Все прошлые религии, в Новой Эпохе, будут отменены!</p>\n<p class=\"poem\">Переходный период будет похож на братание!<br />Люди поймут, что нет смысла в сражениях!<br />Прекратятся бесполезные, всех людей, скитания!<br />Войны среди людей &ndash; это в Духе поражение!</p>\n<p class=\"poem\">Шестая Эпоха &ndash; это на 26000 лет в Итоге!<br />Но, переходный период &ndash; это сотня лет!<br />За переходный период Вы должны сотворить в Духе потоки,<br />Создатель, уже готовит для Вас в Дальний Космос Билет!</p>\n<p class=\"poem\">Помните, что люди вечны, как и Вечна Вселенная!<br />Вы, достигнете скоро в Духе Высшего уровня!<br />Создатель докажет Вам, что жизнь нетленна!<br />Вы стоите в преддверии самого Счастливого дня!</p>\n<p class=\"noind\">Да будет Свет Истины!<br />Отец Абсолют или Высший Космический Разум!</p>","Files":null,"Date":"2025-01-09T11:54:17.485+03:00","DateChange":"2025-01-09T12:47:57.534+03:00","Link":"poems/09.01.25","Id":"677f8ed8cd1b9c1046bf20bf","Srv":"otk","Deleted":false,"Titles":["Изменится этот Мир для всего человечества!"]}
