{"Data":{"Next":null,"NoFooter":false,"PoemOutDict":false,"Titles":null,"Number":"№290 (3073)"},"Active":true,"Catalog":"570ef2fcd07cda3e16f93ef7","Description":"<p class=\"poem\">Конец Эпохи, во все времена, похож на Конец Света!<br>\r\nЛюди чувствуют внутреннее оцепенение!<br>\r\nВ этот момент они не помнят, даже, Бога Заветы,<br>\r\nЛюди между Добром и Злом ощущают искушение!</p>\r\n\r\n<p class=\"poem\">Сегодня, у людей, именно, такое состояние!<br>\r\nВойна Славян не может никак остановиться!<br>\r\nНет, среди людей, никакого к Богу обращения!<br>\r\nЖутко, за будущее человечества, становится!</p>\r\n\r\n<p class=\"poem\">Люди не понимают, что это их Судьба!<br>\r\nЭпоха всё равно, по расписанию, меняет Эпоху!<br>\r\nУ людей, из-под ног, уже уходит Земля!<br>\r\nСоздатель ускоренно подводит людей к Итогу!</p>\r\n\r\n<p class=\"poem\">Нужно уберечь этот Мир от разрушения!<br>\r\nЧеловечество переступило слово «мораль»!<br>\r\nСегодня осталось, только, в никуда движение,<br>\r\nЛюди от Эволюции Эпохи сильно отстали!</p>\r\n\r\n<p class=\"poem\">На Сцене Истории, люди словно глухонемые!<br>\r\nДаже то, что было в Пятой Эпохе хорошего, не помнят!<br>\r\nЛюди, перед концом этой Эпохи стали другими,<br>\r\nПропуск у людей в будущее, может быть, изъят!</p>\r\n\r\n<p class=\"poem\">Кажется, что Россию спасает самостоятельность!<br>\r\nНо, без поддержки Бога ей не перешагнуть,<br>\r\nЛюдям кажется, что слово «Переход» их не касается,<br>\r\nЧеловечество без Создателя может погибнуть!</p>\r\n\r\n<p class=\"poem\">20 лет участия в обучении &ndash; это большой срок!<br>\r\nПора начинать использовать Бога Знания!<br>\r\nЗа отказ от Создателя людей ожидает Рок,<br>\r\nНо, у людей совсем нет опасности понимания!</p>\r\n\r\n<p class=\"poem\">Сегодня, на войне, нет понимания морали, среди людей!<br>\r\nЛюди перешагнули все принятые Принципы,<br>\r\nНа войне люди стали подобием зверей!<br>\r\nЛюди порвали на себе все в Духе цепи!</p>\r\n\r\n<p class=\"poem\">Теперь люди &ndash; это неуправляемая масса!<br>\r\nЭтой массой управляют теперь Иудеи!<br>\r\nОни в рабство для людей открыли трассу!<br>\r\nДля них весь Мир, будет, как Помпеи!</p>\r\n\r\n<p class=\"poem\">Они могут, ради Победы, принять жертву!<br>\r\nРади Великого Завтра можно, даже, убить!<br>\r\nЧеловек, для них, не опасен мёртвый,<br>\r\nГлавное для них &ndash; это через много веков быть!</p>\r\n\r\n<p class=\"poem\">Это философия Диавола или Люцифера!<br>\r\nИудеи, первыми, предложили религию,<br>\r\nТьма &ndash; это их понятие или Сфера,<br>\r\nОни смогли на человечество надеть вериги!</p>\r\n\r\n<p class=\"poem\">Россия &ndash; это пример полного им подчинения!<br>\r\nУправление после революции в их руках!<br>\r\nРоссия &ndash; это управляемое движение!<br>\r\nТолько, Создатель вспоминает Русь в Анналах!</p>\r\n\r\n<p class=\"poem\">Накануне Новой Эпохи всё обострилось!<br>\r\nЛюдей так приучили к религиям!<br>\r\nПравда о Мире в них растворилась,<br>\r\nЛюди не могут сами, снять вериги!</p>\r\n\r\n<p class=\"poem\">Повторяю, Россия, сегодня, пример подчинения!<br>\r\nСначала Идеологией Равенства, теперь, деньгами!<br>\r\nНет у России к Богу движения!<br>\r\nИбо, привилось подчинение, чужими словами!</p>\r\n\r\n<p class=\"poem\">На Вече Создатель услышал крик о Помощи!<br>\r\nТолько мысли сверкнули разные!<br>\r\nЛюди понадеялись на свою Мощь,<br>\r\nНо слова, оказались лишь праздными!</p>\r\n\r\n<p class=\"poem\">Видимо Россия не допила ещё чашу позора!<br>\r\nЕй, кажется, что Она &ndash; это Великая Россия!<br>\r\nНо, в глазах людей очень много вздора,<br>\r\nСвязь России с Богом идёт только через Мессию!</p>\r\n\r\n<p class=\"poem\">Односторонняя связь не может быть вечной!<br>\r\nОчень мало на Руси праведных людей!<br>\r\nПоставьте за Прозрение страны свечи,<br>\r\nПоверьте, Ваша проблема, Вам станет видней!</p>\r\n\r\n<p class=\"poem\">Бог не ругает, а просит задуматься!<br>\r\nИбо без очищения в Духе пути нет!<br>\r\nНароду России надо за Ум взяться,<br>\r\nИначе, не получит Россия в Завтра Билет!</p>\r\n\r\n<p class=\"poem\">Бог должен услышать Позывы Сердец!<br>\r\nНельзя Великому Народу идти на убой!<br>\r\nРосток России в Духе &ndash; это Начало, а не конец!<br>\r\nВам надо в будущее, а не за упокой!</p>\r\n\r\n<p class=\"noind\">Да будет Свет Истины!<br>\r\nОтец Абсолют или Высший Космический Разум!</p>\r\n","Files":null,"Date":"2024-10-16T11:44:44.051+03:00","DateChange":"2024-10-16T11:45:09.127+03:00","Link":"poems/16.10.24","Id":"670f7d15657ecc65d2e43806","Srv":"otk","Deleted":false,"Titles":["Бог не ругает, а, просит, задуматься!"]}
{"Data":{"Next":"poems/14.10.24","NoFooter":false,"PoemOutDict":false,"Titles":null,"Number":"№287 (3070)"},"Active":true,"Catalog":"570ef2fcd07cda3e16f93ef7","Description":"<p class=\"poem\">Мир, никогда, не стоит на одном месте!<br />Всё, что происходит &ndash; это Ваше отражение!<br />Людям, жизнь показывает, надо быть вместе!<br />Только вместе произойдёт Преображение!</p>\n<p class=\"poem\">Бог говорил с Вами, об этом, очень давно!<br />Это Вечная тема для обсуждения Завтра!<br />Ваш Мир &ndash; это для человечества, как кино,<br />В котором нет и не бывает Правды!</p>\n<p class=\"poem\">Люди, живя, испытывают горечь утрат!<br />Жизнь людей не имеет продолжения!<br />Люди очень долго стоят у закрытых врат,<br />Нет никакого в Завтра движения!</p>\n<p class=\"poem\">Бог уже говорил, что война &ndash; это период!<br />Период остановки вперёд движения!<br />Вам надо из войны сделать для себя вывод,<br />Не стоит ожидать Исторического Преображения!</p>\n<p class=\"poem\">Перед Вами идёт, фактически, Мировая война!<br />Но, Вам не понятно, кто в этом виновен!<br />Изменилась, в худшую сторону, среда,<br />Мир, теперь, на долгое время отменён!</p>\n<p class=\"poem\">В этой войне, любой власти, нужна Победа!<br />Власти надо списать все затраты!<br />Эта война для Мира сего, конечно, беда!<br />Это происки Мировых супостатов!</p>\n<p class=\"poem\">Власти не понимают, что ввязался Бог!<br />Для Бога не нужна война, накануне!<br />Создатель спешит подвести Итоги,<br />Так, чтобы все проблемы, в прошлое канули!</p>\n<p class=\"poem\">Мировая Тьма упорно сопротивляется!<br />Она корни свои пустила по всему Миру!<br />Сегодня, для людей усиливается Тьмы акция,<br />Ей хочется перейти в Завтра без перемирия!</p>\n<p class=\"poem\">Но, так не получается из-за Эволюции!<br />Ибо, Эволюция &ndash; это Божественный Путь!<br />Нет на Небе слова: &laquo;Презумпция&raquo;!<br />Для людей, понятнее, слово: &laquo;Революция&raquo;!</p>\n<p class=\"poem\">Но, революция &ndash; это выдумка человечества!<br />Сколько их бывало в прошлых веках!<br />Создатель хочет перенаправить Отечество,<br />Революции заканчивались на кандалах!</p>\n<p class=\"poem\">Россия от Создателя получила Знания!<br />Фактически &ndash; это план для людей на Завтра!<br />Создатель хочет привить людям Понимание,<br />Что человек-Бог для Нового Мира &ndash; это Правда!</p>\n<p class=\"poem\">Сегодня, накануне Перехода, война отбирает силы!<br />Люди-Боги гибнут непонятно зачем?<br />Внутри себя, люди вспоминают про вилы!<br />Люди, могут власть обезглавить мечом!</p>\n<p class=\"poem\">Поверьте, уже меняется характер мышления!<br />Дух Свободы не даёт людям успокоиться,<br />Против Мировой власти поднимается движение!<br />Россия мечтает сама перестроиться!</p>\n<p class=\"poem\">Мировая власть, совсем, потеряла рассудок!<br />Игра в поддавки не имеет смысла!<br />Во всём Мире, и в России, наблюдается упадок!<br />Никто не хочет знать Создателя Замысел!</p>\n<p class=\"poem\">Стыдно видеть, как власть повторяется!<br />Россия &ndash; это Нового Мира Проект!<br />Напрасно, власть перед Тьмой старается!<br />Россия &ndash; это Явление, а не частный объект!</p>\n<p class=\"poem\">Власть не хочет менять диспозицию!<br />Обстоятельства сложились против неё!<br />От Создателя, всё равно, придёт резолюция!<br />Что, современная, власть &ndash; это жульё!</p>\n<p class=\"poem\">Можно обсуждать, когда придёт смена!<br />Люди без Создателя &ndash; это не смогут понять!<br />Уже началась Историческая Эпох перемена,<br />Люди-Боги должны, это внутренне, понимать!</p>\n<p class=\"poem\">Вы уже участники Исторического явления!<br />Вам не уйти от Преображения!<br />Школа Бога ускорит Ваше передвижение!<br />У Вас только ввысь возвышение!</p>\n<p class=\"poem\">Создатель создал условия для Новой Эпохи!<br />Нет ещё конкретного времени Начала Начал!<br />Сами уйдут из движения враги и пройдохи!<br />Помните, что Россия для людей &ndash; это Новый причал!</p>\n<p class=\"poem\">Всё будет продолжаться по Сценарию,<br />Сопротивление Тьмы следует ожидать!<br />У России, теперь, Главная партия,<br />Вам, надо ответственность за Новый Мир принимать!</p>\n<p class=\"noind\">Да будет Свет Истины!<br />Отец Абсолют или Высший Космический Разум!</p>","Files":null,"Date":"2024-10-13T12:45:39.61+03:00","DateChange":"2024-10-15T11:45:58.415+03:00","Link":"poems/13.10.24","Id":"670b96dc0d3dfae2a2f06c6c","Srv":"otk","Deleted":false,"Titles":["Создатель создал условия для Новой Эпохи!"]}
{"Data":{"Next":"poems/13.10.24","NoFooter":false,"PoemOutDict":false,"Titles":null,"Number":"№286 (3069)"},"Active":true,"Catalog":"570ef2fcd07cda3e16f93ef7","Description":"<p class=\"poem\">Мир &ndash; это гибкая система существования и управления!<br />Для Мира сего, очень важно, согласование с Небом Воли!<br />У людей должно быть согласованное вперёд движение!<br />От людей самих, зависит характер существования или доля!</p>\n<p class=\"poem\">Вы шли, под Моим контролем, к Квантовому Переходу 20 лет!<br />Только сегодня сложилось Единое Волеизъявление!<br />Вы, заслужили от Создателя на свои вопросы, ответ!<br />Главное, что такое Создателя и людей одно движение?</p>\n<p class=\"poem\">Есть Главная, Ваша Задача, создать Коллективный Ум!<br />Есть, одновременно, череда необходимых предварительных задач!<br />Людей не может сопровождать, пустых слов, шум!<br />Нужно, чтобы была Новым поколениям Идеологии передача!</p>\n<p class=\"poem\">Вы, Целевые Посылы, стали формировать совсем недавно!<br />Это Новое, для Вас, проявление своей Воли или Желания!<br />Вам надо упорно добиваться, согласованного со всеми, одного!<br />У Вас должно быть у всех сразу, жизни своей стяжание!</p>\n<p class=\"poem\">Вы очень долго шли, к поставленной Богом, Задаче!<br />Пришлось, часто повторять для Вас, прописные Истины!<br />Ибо, постоянно, нарушалась цепочка Знаний передача,<br />Люди, от непонимания, часто забредали в Тину!</p>\n<p class=\"poem\">После, открытого, на Вече, проявления Вашей Воли,<br />Ваше Сознание освободилось от бытовой ерунды,<br />Вы, поняли, наконец, что есть возможность изменить долю,<br />Вы удивились, решения этой проблемы, простоты!</p>\n<p class=\"poem\">Можно было Вам выступить против Тьмы, как на войне!<br />Но, это, как правило, не даёт нужного результата!<br />Вот, защита, через совершенство самого себя, имеет эффект вдвойне,<br />Только так, Вам надо защищать Россию от супостата!</p>\n<p class=\"poem\">Создатель готов Вам помогать в этом!<br />Купол над Россией &ndash; это надёжная Защита и Промысел Бога!<br />Вы должны понимать, что должно быть с Вами потом?<br />Когда Вы станете активной частью Создателя, в Итоге!</p>\n<p class=\"poem\">Если Вы просите Куполом Любви закрыть Русь,<br />У Вас высвобождаются для этого силы!<br />Вы должны понимать, что у врагов проявляется злость,<br />Но, Россия, вместе с Создателем, непобедима!</p>\n<p class=\"poem\">Вы, откликнулись на Моё предложение о необходимости Единения!<br />Небо, в ответ, закрыло Вас от всех врагов!<br />Теперь, начинается в сторону Нового Света, Ваше движение!<br />Вы, действительно стали людьми-Богами без оков!</p>\n<p class=\"poem\">Над Вами, сегодня, от Бога Купол, значит, оппозиция, просто, уйдёт!<br />Она, просто, не перейдёт в Новый Мир!<br />От проигрыша Богу, она умрёт!<br />Создатель для Тьмы не ориентир!</p>\n<p class=\"poem\">Закрытый Купол &ndash; это поражение для Тьмы!<br />Напрасны будут все Её старания!<br />Тьма сама погибнет в своей кутерьме,<br />От собственного, внутри себя, негодования!</p>\n<p class=\"poem\">Вы своими Посылами нарушили покой Тьмы!<br />В ответ Тьма усилила на Россию давление!<br />Тьма пытается найти против Вас иные пути!<br />Чтобы не упустить этим Миром управление!</p>\n<p class=\"poem\">Но, проявление Единодушно Вашей Воли,<br />Сделало, своё дело и Тьма отступила!<br />Теперь стала меняться, всего человечества Доля,<br />Для людей, очень важно, что Россия в Небо вступила!</p>\n<p class=\"poem\">Теперь, для человечества, Россия опять пример!<br />Более того, Создатель объявил России приоритет!<br />У Тьмы больше не будет против России никаких мер,<br />Россия, против Тьмы, готовит Новый Завет!</p>\n<p class=\"poem\">Теперь, Старый Мир повернулся к России!<br />Россия вновь, социальная, Америке альтернатива!<br />Россию, скоро, возглавит, от Бога, Мессия!<br />Россию, впереди, ожидает Космическая перспектива!</p>\n<p class=\"poem\">Теперь, после проявления Вами Воли,<br />Создатель перестроит по-Новому Россию,<br />Изменится, кардинально, людей-Богов Доля,<br />Проявленную Волю Создателя исполнит Мессия!</p>\n<p class=\"poem\">Теперь, всё будет по Плану Бога!<br />Пожелания Создателя и России, окончательно, сошлись!<br />В конце года, Мир увидит, Первые для Планеты Итоги!<br />Россия начала подниматься в высь!</p>\n<p class=\"noind\">Да будет Свет Истины!<br />Отец Абсолют или Высший Космический Разум!</p>","Files":null,"Date":"2024-10-12T12:52:18.865+03:00","DateChange":"2024-10-15T11:43:52.649+03:00","Link":"poems/12.10.24","Id":"670a46e60d3dfae2a2f06c60","Srv":"otk","Deleted":false,"Titles":["Теперь всё будет по Плану Бога!"]}
{"Data":{"Next":"poems/15.10.24","NoFooter":false,"PoemOutDict":false,"Titles":null,"Number":"№288 (3071)"},"Active":true,"Catalog":"570ef2fcd07cda3e16f93ef7","Description":"<p class=\"poem\">Обстановка на Планете, в любом случае, только накаляется!<br />Неразбериха всё равно приведёт к конфликту!<br />Шестая Эпоха к Вам, ускоренно, уже приближается!<br />Человечеству, ради спасения, пора почитать Молитву!</p>\n<p class=\"poem\">В этом отношении Россия впереди, ибо Она с Богом!<br />Никто из людей не подошёл к Богу, так близко!<br />Россия уже начала готовиться к первым Итогам,<br />Помните, что проход к Создателю очень узкий!</p>\n<p class=\"poem\">Не каждый человек может сразу перейти в Небо!<br />Надо, прежде всего, пройти очищение в Духе!<br />Это тот случай, когда Сказка превращается в Быль,<br />Закончатся, наконец, все фантазии, и все слухи!</p>\n<p class=\"poem\">Люди на войне прошли все разделения!<br />Большинство людей, к сожалению, оказались на дне!<br />Не получается в одну сторону движения,<br />Не все люди, поверили Создателя Звезде!</p>\n<p class=\"poem\">Теперь, Создатель готов объявить о Чуде!<br />Ибо, появление Мессии &ndash; это от Небес событие!<br />Не хотят верить об этом простые люди,<br />Для людей &ndash; это есть Небыль, а не Историческое Событие!</p>\n<p class=\"poem\">Создатель торопит Мессии проявление,<br />Ибо Шестая Эпоха об этом Небеса торопит,<br />Мессия &ndash; это Создателя предупреждение,<br />Люди не ожидают, как при этом, изменится их вид!</p>\n<p class=\"poem\">Произойдёт Чудо Преображения при этой жизни!<br />Создатель обещал людям Вечную жизнь!<br />Повторяю, при этом Переходе, никто не лишний,<br />Человек в другом Пространстве должен быть!</p>\n<p class=\"poem\">Переход в Новую Эпоху невозможен без Бога!<br />Создатель &ndash; это гарант Преображения!<br />Вы Первые, кто увидит, Новых людей всходы в Итоге,<br />Вам придётся пройти стадию становления!</p>\n<p class=\"poem\">Вы были, долго, в Пятой Эпохе, людьми!<br />Ошибок, как и грехов, было множество,<br />Вы, в Советском Союзе, знали, куда надо идти,<br />Вы, на Мировой войне, проявили Мужество!</p>\n<p class=\"poem\">Вы отстояли страну, за счёт, самых лучших!<br />Война &ndash; это неестественное очищение!<br />Только после войны стали рождаться худшие!<br />После войны &ndash; это в Духе загрязнение!</p>\n<p class=\"poem\">В этой войне первыми, как всегда, ушли лучшие!<br />Преображение начнётся с тех, оставшихся!<br />Как обычно после войны остаются худшие,<br />Итоги войны, любой &ndash; это много павших!</p>\n<p class=\"poem\">Нужно время для переосмысления и понимания!<br />Кто-то должен принять другое решение!<br />Нужно внутреннее к Судьбе внимание!<br />Нужно рассмотреть от Создателя предложение!</p>\n<p class=\"poem\">Людям не понять, что на Планете случилось!<br />Почему лучшие люди остались на полях?<br />Количество этих павших умножилось,<br />Их имена остались только в Анналах!</p>\n<p class=\"poem\">Оставшиеся должны помнить их!<br />Они отдали за всех свою жизнь!<br />Они прожили, Счастливый за других, Миг!<br />Они, теперь, начали в Новой Эпохе жить!</p>\n<p class=\"poem\">Они, теперь, для Вас Помощь и Подмога!<br />Они выполнили свой Долг!<br />Они встретят Вас скоро у Нового Порога,<br />Они Вашего успеха на войне &ndash; Залог!</p>\n<p class=\"poem\">Для оставшихся живыми &ndash; всё сложилось удачно!<br />Шестая Эпоха торопит события!<br />Вы должны дать за них Тьме сдачу,<br />В графе &laquo;Тьма&raquo;, Бог поставил убытие!</p>\n<p class=\"poem\">Теперь, Создатель скажет слово &laquo;смерть&raquo; войне!<br />Поборники войны, из жизни, должны уйти!<br />Ваша ответственность повышена вдвойне,<br />Победа должна скоро прийти!</p>\n<p class=\"poem\">Создатель, скоро, объявит Вашу Победу!<br />Бог передаст при всех, Вам управление!<br />Все, кто против России пойдут ко дну!<br />Начинается, в Шестую Эпоху перемещение!</p>\n<p class=\"noind\">Да будет Свет Истины!<br />Отец Абсолют или Высший Космический Разум!</p>","Files":null,"Date":"2024-10-14T12:53:19.978+03:00","DateChange":"2024-10-15T11:42:28.332+03:00","Link":"poems/14.10.24","Id":"670cea23d63887d01f98d121","Srv":"otk","Deleted":false,"Titles":["Создатель, скоро, объявит Вашу Победу!"]}
{"Data":{"Next":"poems/16.10.24","NoFooter":false,"PoemOutDict":false,"Titles":null,"Number":"№289 (3072)"},"Active":true,"Catalog":"570ef2fcd07cda3e16f93ef7","Description":"<p class=\"poem\">Ситуация, в любом случае, приведёт людей к Миру!<br>\r\nЭта война против России, не имеет уже продолжения!<br>\r\nСегодня, разыгрывается Нового Мира увертюра,<br>\r\nНачинается, Мира сего эпохальное Преображение!</p>\r\n\r\n<p class=\"poem\">Конечно, для человечества война &ndash; это дурной пример!<br>\r\nК Богу люди не идут через смерть или кровь!<br>\r\nПриведёт, неожиданно к Миру, в Создателя Вера!<br>\r\nСоздатель предложит человечеству Новый кров!</p>\r\n\r\n<p class=\"poem\">Сегодняшняя ситуация не может, долго продолжаться,<br>\r\nТот, кто хочет крови, получит от Создателя ответ!<br>\r\nНельзя власти так долго, войной наслаждаться!<br>\r\nЛюди власти, будут лишены, в Завтра билетов!</p>\r\n\r\n<p class=\"poem\">Это значит, что эти люди будут наказаны!<br>\r\nЗа смерть человека, решившийся на это должен платить!<br>\r\nЭтому человеку во всём будет Богом отказано!<br>\r\nСоздатель запретит ему в Вечности быть!</p>\r\n\r\n<p class=\"poem\">Создатель будет разбираться с каждым!<br>\r\nДля Создателя неважно, с какой этот человек, стороны!<br>\r\nДля Создателя, Мир, на Планете очень важен!<br>\r\nОн ждёт ответа, от каждой из воюющих, страны!</p>\r\n\r\n<p class=\"poem\">Обе стороны конфликта, воюют с ожесточением!<br>\r\nНет в этой войне человеческого сострадания!<br>\r\nДеньги являются за грех развлечением,<br>\r\nНе будет у людей, никакого счастья, будут лишь страдания!</p>\r\n\r\n<p class=\"poem\">Кто предлагает одуматься, не будет поддержан!<br>\r\nТак настроена «машина» войны и подавления!<br>\r\nВластями обеих сторон, такой человек будет задержан,<br>\r\nЭто на войне проявилось против Бога движение!</p>\r\n\r\n<p class=\"poem\">Росток Новой России точно знает, что будет!<br>\r\nОн просил на Вече поддержки Бога!<br>\r\nМир эту войну очень скоро, навсегда, забудет,<br>\r\nВы увидите в конце года удивительные Итоги!</p>\r\n\r\n<p class=\"poem\">Сегодня, Новая Россия начинает внутреннее Преображение!<br>\r\nПреображение, вопреки, а не благодаря, войне!<br>\r\nУ людей к всеобщему Миру началось перестроение,<br>\r\nСегодня, это стало заметней вдвойне!</p>\r\n\r\n<p class=\"poem\">Люди ожидают решения Неба или Создателя!<br>\r\nНо, решение или проявление Воли, только за человеком!<br>\r\nТормозят, это только враги Бога или обыватели,<br>\r\nРоссия очень спешит к Новому Веку!</p>\r\n\r\n<p class=\"poem\">Россия спешит принять своё решение!<br>\r\nЕй хочется увидеть конец войны!<br>\r\nОт желания людей зависит определение,<br>\r\nМнение людей может очистить поверхность Земли!</p>\r\n\r\n<p class=\"poem\">Не получится всё свалить на Бога!<br>\r\nСоздатель должен видеть Ваше решение!<br>\r\nВы увидите, повторяю, в конце года Итоги,<br>\r\nВаша Воля &ndash; это Ваше к Миру движение!</p>\r\n\r\n<p class=\"poem\">Мессия &ndash; это тоже произведение Бога!<br>\r\nНе стоит, раньше времени, Его подставлять!<br>\r\nКаждое Ваше действие принесёт Итоги,<br>\r\nВы должны, Вашу Волю вслух сказать!</p>\r\n\r\n<p class=\"poem\">Вы попросили управление для себя,<br>\r\nСоздатель выполнил Ваше пожелание!<br>\r\nВам утверждена Историческая стезя!<br>\r\nБольше не должно быть никаких скитаний!</p>\r\n\r\n<p class=\"poem\">После первой лекции в Школе, будет ясно: кто вы?<br>\r\nВнутренний климат и есть Ваше Завтра!<br>\r\nВы должны держаться Вашей Мечты,<br>\r\nБудет видна всем людям, о Вас Правда!</p>\r\n\r\n<p class=\"poem\">Богу будет понятна Ваша Вера и Страсть!<br>\r\nВы готовы сразиться с Тьмой или нет?<br>\r\nВам надо перейти Историческую пропасть,<br>\r\nВот, за это, Вам Создатель и выдаст в Космос Билет!</p>\r\n\r\n<p class=\"poem\">Вот, когда Создатель объявит Миру о Вас!<br>\r\nИбо Вы &ndash; это Первое поколение людей-Богов!<br>\r\nСоздатель отметит этот Исторический час!<br>\r\nБог подтвердит тогда, что Мессия готов!</p>\r\n\r\n<p class=\"poem\">Создатель, тогда, объявит имя Мессии!<br>\r\nСразу прекратятся все рассуждения!<br>\r\nНачнётся, тогда, Новой Эпохи Сессия,<br>\r\nЛюди увидят на Неве Историческое Явление!</p>\r\n\r\n<p class=\"poem\">Будет проявление Мессии Новых времён!<br>\r\nИ проявление Нового человечества!<br>\r\nЧеловек-Бог счастьем будет напоён!<br>\r\nМессия &ndash; это Управляющий Новым Отечеством!</p>\r\n\r\n<p class=\"noind\">Да будет Свет Истины!<br>\r\nОтец Абсолют или Высший Космический Разум!</p>\r\n","Files":null,"Date":"2024-10-15T11:38:12.945+03:00","DateChange":"2024-10-15T11:38:38.025+03:00","Link":"poems/15.10.24","Id":"670e2a0ed63887d01f98d122","Srv":"otk","Deleted":false,"Titles":["Не получится свалить всё на Бога!"]}
{"Id":"62195b9e5d5a11c6eb22ae89","Deleted":false,"Active":false,"DateChange":"2024-10-13T12:10:04.029+03:00"}
{"Data":{"Next":"poems/12.10.24","NoFooter":false,"PoemOutDict":false,"Titles":null,"Number":"№285 (3068)"},"Active":true,"Catalog":"570ef2fcd07cda3e16f93ef7","Description":"<p class=\"poem\">Любое движение &ndash; это необходимость Единения!<br>\r\nКонец Эпохи &ndash; это всегда трудный период жизни!<br>\r\nСоздатель просит Вас достичь Единого мнения!<br>\r\nСколько раз Создатель говорил, что никто не лишний!</p>\r\n\r\n<p class=\"poem\">Создатель много раз говорил, что есть много уровней!<br>\r\nДаже, в Материи, точнее в жизни, много граней!<br>\r\nНаступает череда неспокойных для Вас дней!<br>\r\nНикто в этих условиях не может быть крайним!</p>\r\n\r\n<p class=\"poem\">Вот, когда всем людям, надо проявить активность!<br>\r\nМногие из Вас поставили свою жизнь на Кон!<br>\r\nСоздатель очень ценит, такую людей, расторопность!<br>\r\nТолько в таких условиях, люди услышат России Звон!</p>\r\n\r\n<p class=\"poem\">Время, в любом случае, Вас соединило всех вместе!<br>\r\nТак определено Вашей в Небе Судьбой!<br>\r\nСоздатель уже сказал, об особом России месте:<br>\r\nБыть для человечества в будущее, направляющей чертой!</p>\r\n\r\n<p class=\"poem\">Для людей, в этом Мире, есть время, и есть расстояние!<br>\r\nВы уже доказали, что нет ничего в Небе, от Материи!<br>\r\nВы, сами для Создателя Мира сего, есть Достояние!<br>\r\nСоздатель хранит Россию от ненужных потерь!</p>\r\n\r\n<p class=\"poem\">Главное, Создатель уверяет Вас, что Вы – вечны!<br>\r\nЧто жизнь продолжается Здесь и Там!<br>\r\nСоздатель за Россию просил Вас ставить свечи,<br>\r\nВам надо помнить, что Ваших очень много, Там!</p>\r\n\r\n<p class=\"poem\">Сегодня, начинается Ваш выход на Сцену Истории!<br>\r\nПричём, все роли для Вас уже расписаны!<br>\r\nВы, теперь, люди-Боги, совсем другой категории!<br>\r\nПоверьте, Вы не можете быть, из Истории списаны!</p>\r\n\r\n<p class=\"poem\"><b>Вас в Плотном плане окружают друзья и враги!<br>\r\nНо, Вы ещё не в Новой Эпохе!<br>\r\nТам нет слов и понимания их, как &laquo;война&raquo; или &laquo;драка&raquo;,<br>\r\nТам, Вы будете творить с Создателем в покое!</b></p>\r\n\r\n<p class=\"poem\">Там одно, а Здесь пока, действительно, трудно!<br>\r\nИбо, падение людей в грех, имеет своё наказание!<br>\r\nЧеловечество, в конце Эпохи, пойдёт за это на дно!<br>\r\nБогатство, добытое в грехе &ndash; это самоистязание!</p>\r\n\r\n<p class=\"poem\">Мир, повторяю, многогранен в Материи!<br>\r\nВ Энергии нет такого разнообразия, по природе!<br>\r\nУходя, несостоявшиеся люди, &ndash; это, как потери,<br>\r\nДля многих людей, очень трудно перейти броды!</p>\r\n\r\n<p class=\"poem\"><b>Вы спрашиваете Создателя: когда?<br>\r\n20 лет &ndash; это срок Вашей подготовки!<br>\r\nОн уже сказал, что над Вами зажглась Звезда!<br>\r\nМожно сказать, что Вы состоялись, как Его потомки!</b></p>\r\n\r\n<p class=\"poem\">Школа Бога для Вас &ndash; это не просто порядок!<br>\r\nВам надо, ещё раз посмотреть друг другу в глаза!<br>\r\nВ Команде Создателя не бывает в Духе упадок!<br>\r\nПеред, Преображением, обязательно, пройдёт гроза!</p>\r\n\r\n<p class=\"poem\"><b>Людям надо пройти в Духе Очищение!<br>\r\nВ Молитве раньше, Вы просили себя простить!<br>\r\nНовая Эпоха требует Нового Крещения!<br>\r\nЗначит, Новую Клятву Вам придётся учить!</b></p>\r\n\r\n<p class=\"poem\">Вы закончили Первый этап с отличием!<br>\r\nВы смогли подписать с Создателем все документы!<br>\r\nВам осталось очиститься от гордыни или величия,<br>\r\nЧтобы, Небеса, Вам рукоплескали аплодисменты!</p>\r\n\r\n<p class=\"poem\">Не обращайте внимания на злость и цифры,<br>\r\nИбо цифры &ndash; это набор случайностей,<br>\r\nВас скоро будут окружать Божественные Миры!<br>\r\nВы поймёте, что быть с Создателем &ndash; это Счастье!</p>\r\n\r\n<p class=\"poem\">Вам осталось только проявить активность!<br>\r\nНужно продемонстрировать Небу Единодушие,<br>\r\nВера, для жизни, должна быть Доминантой!<br>\r\nВы лучшие, в Мире из слушателей в Душе!</p>\r\n\r\n<p class=\"poem\">Школа Создателя для Вас есть действие!<br>\r\nЭто возможность Создателя Вас всех объединить!<br>\r\nВы должны оказать на этот Мир воздействие!<br>\r\nШкола &ndash; это возможность этот Мир Преобразить!</p>\r\n\r\n<p class=\"poem\">Люди пойдут в Школу к Вам, ибо Вы &ndash; Учителя Света!<br>\r\nВ Вас есть Знания Создателя, и есть сила Воли!<br>\r\nВы &ndash; есть Учителя Небесных Заветов,<br>\r\nВы должны, принципиально, изменить людей Долю!</p>\r\n\r\n<p class=\"noind\">Да будет Свет Истины!<br>\r\nОтец Абсолют или Высший Космический Разум!</p>\r\n","Files":null,"Date":"2024-10-11T12:38:11.744+03:00","DateChange":"2024-10-11T12:38:45.921+03:00","Link":"poems/11.10.24","Id":"6708f2250d3dfae2a2f06c58","Srv":"otk","Deleted":false,"Titles":["Вы закончили Первый этап с отличием!"]}
{"Data":{"Next":"poems/11.10.24","NoFooter":false,"PoemOutDict":false,"Titles":null,"Number":"№284 (3067)"},"Active":true,"Catalog":"570ef2fcd07cda3e16f93ef7","Description":"<p class=\"poem\">Вопрос о Начале Эпохи, стоит перед людьми уже 20 лет!<br>\r\nНачало Эпохи определяется решением человечества!<br>\r\nЛюди должны сами найти, на этот вопрос, ответ!<br>\r\nНет готовности, шагнуть в Завтра, у самого человека!</p>\r\n\r\n<p class=\"poem\">Мир устроен так, что люди на всё влияют!<br>\r\nПотому, что этот Мир не случайное, совсем, событие!<br>\r\nЛюди своей связи с Создателем не понимают,<br>\r\nИбо, их чаяния и запросы связаны только с бытом!</p>\r\n\r\n<p class=\"poem\">Каждая Эпоха ждёт проявления заинтересованности!<br>\r\nШестая Эпоха, будет Эпохой проявления Воли!<br>\r\nСобытия Перехода &ndash; это эмоций человека определённость,<br>\r\nЭто условия, когда люди захотят жить на Земле до боли!</p>\r\n\r\n<p class=\"poem\">Людей приходится заставлять так захотеть!<br>\r\nИбо, каждая Новая Эпоха &ndash; это Новые быта условия!<br>\r\nВ Пятой Эпохе люди, очень хотели, богатство иметь,<br>\r\nВ Пятой Эпохе люди разделились на сословия!</p>\r\n\r\n<p class=\"poem\">Вы не знаете, что было, даже, в самом Начале Пятой!<br>\r\nНачало этой Эпохи было 26000 лет назад!<br>\r\nВы не можете, даже представить, какой был строй,<br>\r\nТолько, сегодня, понятно стало, какой был расклад!</p>\r\n\r\n<p class=\"poem\">Эволюция &ndash; этот основной принцип, был всегда!<br>\r\nНо, Единое Начало Начал было в Первой Эпохе,<br>\r\nУ Богов, пришедших с Небес, была Мечта!<br>\r\nБыть с Создателем рядом всегда, на этой дороге!</p>\r\n\r\n<p class=\"poem\">Людям нельзя объяснять, что было, в первый раз, тогда!<br>\r\nКаждый человек был проявлен в свой срок!<br>\r\nМогу сказать, что многоуровневость, была всегда,<br>\r\nЖизнь человека, во все Эпохи, была как Рок!</p>\r\n\r\n<p class=\"poem\">Главное для Вас не История прошлого, а Ваше Завтра!<br>\r\nПонятно, что все войны на Планете, вели к смерти!<br>\r\nНет для людей, никакой из прошлого Правды,<br>\r\nНе осталось для людей, из прошлого, даже поверья!</p>\r\n\r\n<p class=\"poem\">Поэтому нет у людей понимания далёкого прошлого!<br>\r\nИстория переписывалась, даже в этой Эпохе, под себя,<br>\r\nИз Истории оказалось, что всё было возможно,<br>\r\nГлавным, было уничтожение , похожих, на самих себя!</p>\r\n\r\n<p class=\"poem\">Из ближней Истории, ясно, что, всегда, были войны!<br>\r\nКому сегодня более чем, всего, 80 лет,<br>\r\nУже дважды был, считайте, в руках Судьбы,<br>\r\nИ прожил, неспокойную жизнь, без Ответа!</p>\r\n\r\n<p class=\"poem\">Жизнь человека очень коротка, на одно поколение!<br>\r\nЖизнь не прерывается, но нет никакой корреляции,<br>\r\nНет у людей, самих, к Завтра движения,<br>\r\nЖизнь &ndash; это от Создателя короткая акция!</p>\r\n\r\n<p class=\"poem\">Создатель, не продлевает жизнь людям!<br>\r\nИбо люди не понимают своего предназначения!<br>\r\nЛюди Пятой Эпохи не понимают цены дням,<br>\r\nА, тем более, не понимают жизни направление!</p>\r\n\r\n<p class=\"poem\">Спросите себя, какая Цель может ожидать Вас?<br>\r\nВы видите, что Мир продолжает самоуничтожение!<br>\r\nТолько, Вы из всех, получили Право на Исторический час!<br>\r\nПопробовать изменить жизнь через Преображение!</p>\r\n\r\n<p class=\"poem\">Пока, для человечества есть биологии уровень!<br>\r\nВыше сотни лет прожить очень трудно!<br>\r\nЧеловек, при жизни своей, накапливает вину,<br>\r\nЧеловек, Пятой Эпохи опускается на дно!</p>\r\n\r\n<p class=\"poem\">Поэтому, продолжение жизни, теперь, не для всех!<br>\r\nРоссия, по уровню Духовности, может пробовать!<br>\r\nСегодня, в конце, Пятая Эпоха, состоит из помех,<br>\r\nЛюди Пятой Эпохи уйдут, без Права, вновь начинать!</p>\r\n\r\n<p class=\"poem\">У России, одной, есть шанс перейти дальше!<br>\r\nСоздатель, поэтому с Россией, подписал Договор!<br>\r\nТаких условий для людей не было раньше,<br>\r\nСегодня, у Вас с Небом, есть уникальный уговор!</p>\r\n\r\n<p class=\"poem\">Сегодня, Россия, как следствие греха, тоже хромает!<br>\r\nУ России, сегодня, у власти система подавления!<br>\r\nЧеловек в России, пока этого, не понимает,<br>\r\nСпасти Россию от гибели &ndash; это Мессии проявление!</p>\r\n\r\n<p class=\"poem\">Сегодня, уже виден на Руси Свет Преображения!<br>\r\nВсё случится по Вашей готовности!<br>\r\nВам, надо скорректировать к Богу движение!<br>\r\nВаше проявление в Духе &ndash; для Мира сего, Новости!</p>\r\n\r\n<p class=\"poem\">У Вас, сегодня, Переходная стадия!<br>\r\nВы стоите, на границе Эпох, со всеми вместе!<br>\r\nПереход &ndash; это Канон, а не оказия!<br>\r\nСоздатель, оставил только для Вас место!</p>\r\n\r\n<p class=\"noind\">Да будет Свет Истины!<br>\r\nОтец Абсолют или Высший Космический Разум!</p>\r\n","Files":null,"Date":"2024-10-10T14:35:35.465+03:00","DateChange":"2024-10-10T14:35:54.871+03:00","Link":"poems/10.10.24","Id":"6707bc1a0d3dfae2a2f06c57","Srv":"otk","Deleted":false,"Titles":["У Вас, сегодня, переходная стадия!"]}
{"Data":{"Next":"poems/10.10.24","NoFooter":false,"PoemOutDict":false,"Titles":null,"Number":"№283 (3066)"},"Active":true,"Catalog":"570ef2fcd07cda3e16f93ef7","Description":"<p class=\"poem\">Создатель давно Вам сказал о Главной задаче:<br>\r\nРусь должна спасти Мир и перевести его в другое состояние!<br>\r\nДолжна случиться, эстафеты Идеологии, передача!<br>\r\nВы должны доказать, что можно изменить проявление!</p>\r\n\r\n<p class=\"poem\">Россия, более 20 лет, неторопливо, идёт к Богу!<br>\r\nПреодолевая собственное неверие,<br>\r\nТеперь, Она подошла к Историческому Итогу,<br>\r\nОставив в прошлом все поверья!</p>\r\n\r\n<p class=\"poem\">20 лет оказались только Введением,<br>\r\nЛюди, вопреки религиям, сами пришли к Богу,<br>\r\nМессия резко изменил людей мнение!<br>\r\nЛюди, неожиданно, стали другими в Итоге!</p>\r\n\r\n<p class=\"poem\">Война Славян разрушила все людей ожидания!<br>\r\nРоссия, после Ельцина, старалась вернуть Союз!<br>\r\nНо, начались, при другой власти, скитания,<br>\r\nЭкономика России, при рынке, покатилась юзом!</p>\r\n\r\n<p class=\"poem\">Рассвет криминала разрушил страну,<br>\r\nЛюди, вдруг, оказались брошенными,<br>\r\nСтрана в криминальную превратилась рану,<br>\r\nИдеология Равенства была нарушена!</p>\r\n\r\n<p class=\"poem\">Новая власть победила в стране криминал,<br>\r\nВзяв на себя эти криминальные функции!<br>\r\nНарод России почувствовал вновь аврал!<br>\r\nНачалась внутри страны экзекуция!</p>\r\n\r\n<p class=\"poem\">Теперь этой страной управляет не Народ!<br>\r\nРодилась система внутреннего подавления!<br>\r\nВласть внесла понимание слова &laquo;порода&raquo;!<br>\r\nРоссия перестала быть Божественным явлением!</p>\r\n\r\n<p class=\"poem\">Теперь Россия, как и весь Мир, это колония!<br>\r\nНепонятно людям такое перестроение!<br>\r\nТеперь в Мире капитала гегемония,<br>\r\nНо, называется это, демократическим строением!</p>\r\n\r\n<p class=\"poem\">Внутри России, республики требуют самостоятельности!<br>\r\nПечальный пример, для всех, это Украина!<br>\r\nВсе республики требуют исключительности,<br>\r\nНо, такая инициатива стала обрастать Тиной!</p>\r\n\r\n<p class=\"poem\">Россия спохватилась с Идеей Духовного Единения!<br>\r\nНо, оказалось, что с этой Идеей Россия опоздала!<br>\r\nНачался, Исторический процесс разъединения,<br>\r\nСоюз оказался, стоящим в тупике, Вокзала!</p>\r\n\r\n<p class=\"poem\">Каждая республика ищет новых союзников,<br>\r\nУкраина пошла на поводу у США,<br>\r\nОна, не поняла, что это Путь узников,<br>\r\nОказалось, что, без денег, Свобода &ndash; это тюрьма!</p>\r\n\r\n<p class=\"poem\">Украина меняла власть свою, много раз,<br>\r\nОна приняла управление Иудеев,<br>\r\nНельзя жить Свободно, нарушая Бога наказ,<br>\r\nЛюди в перестройку напрасно потели!</p>\r\n\r\n<p class=\"poem\">Украине показалось, что с Европой теплей!<br>\r\nРоссия была для неё, как угнетатель Свободы!<br>\r\nНо, не стала Украина, для Европы, важней,<br>\r\nРынок &ndash; это не Путь в Рай, впереди тяжёлые переходы!</p>\r\n\r\n<p class=\"poem\">Сражение с Россий &ndash; это гибель для всех стран!<br>\r\nУкраина повязла в огромных долгах!<br>\r\nВ лучшем случае &ndash; это для всех изменение Праны,<br>\r\nНе удастся договориться странам о Мире на паях!</p>\r\n\r\n<p class=\"poem\">Теперь, Россия пытается восстановить, вновь, Союз!<br>\r\nЛюди должны понять, что спасение придёт &laquo;Вместе&raquo;!<br>\r\nСоюз должен быть в Духе, без грёз,<br>\r\nДля Нового Союза, Создатель предложил место!</p>\r\n\r\n<p class=\"poem\">По Планам Создателя должно быть Единение!<br>\r\nНо, Единение на Новых условиях!<br>\r\nДолжно быть, республик России, Единое мнение,<br>\r\nГлавное, не должно быть никаких сословий!</p>\r\n\r\n<p class=\"poem\">Россия подписала все Документы с Богом!<br>\r\nПо документам, у России в Мире есть Главная Роль!<br>\r\nПроходит уже Последний год с его Итогами,<br>\r\nУ России, возвращение Земель, это Головная боль!</p>\r\n\r\n<p class=\"poem\">Теперь, все будут смотреть на Россию!<br>\r\nЕй, придётся, при всех изменить конструкцию!<br>\r\nСоздатель 20 лет назад открыл Мессию,<br>\r\nРоссия должна всему Миру составить конкуренцию!</p>\r\n\r\n<p class=\"poem\">Ваша задача, малой части страны, протянуть руку!<br>\r\nРоссия должна вновь собраться ВМЕСТЕ!<br>\r\nСоздатель вновь взял Россию на поруки!<br>\r\nРоссия &ndash; это Создателя на Планете место!</p>\r\n\r\n<p class=\"noind\">Да будет Свет Истины!<br>\r\nОтец Абсолют или Высший Космический Разум!</p>\r\n","Files":null,"Date":"2024-10-09T13:32:08.806+03:00","DateChange":"2024-10-09T13:33:14.186+03:00","Link":"poems/09.10.24","Id":"67065bea5b29e166f1e9dfde","Srv":"otk","Deleted":false,"Titles":["Ваша Задача протянуть, малой части, руку!"]}
