{"Id":"6942645dd050fe50f6bbc3c3","Deleted":false,"Active":false,"DateChange":"2025-12-17T11:06:52.861+03:00"}
{"Data":{"Next":null,"NoFooter":false,"PoemOutDict":false,"Titles":[],"Number":null},"Active":true,"Catalog":"5eeb5170ee6d7619745b6675","Description":"<h3>ИМПУЛЬС ЭНЕРГИИ ДУХОВНОЙ ВОЛНЫ НА ОЧИЩЕНИЕ РОССИИ И ФОРМИРОВАНИЕ ПРОСТРАНСТВА СВЯТОЙ РУСИ!</h3>","Files":[{"Id":"6936e4d65f37000cd3bdf46e","Path":"2-Timekeeping_Spiritual_Wave_05122025.jpg","Name":"2-Timekeeping_Spiritual_Wave_05122025.jpg","Store":0,"NoToGallery":false},{"Id":"6936e4d85f37000cd3bdf472","Path":"3-The_Path_of_the_impulse.jpg","Name":"3-The_Path_of_the_impulse.jpg","Store":0,"NoToGallery":false}],"Date":"2025-12-17T00:00:00+03:00","DateChange":"2025-12-17T03:10:04.684+03:00","Link":"","Id":"62195b9e5d5a11c6eb22ae89","Srv":"otk","Deleted":false,"Titles":["ДУХОВНАЯ ВОЛНА"]}
{"Data":{"Next":"poems/17.12.25","NoFooter":false,"PoemOutDict":false,"Titles":null,"Number":"№16 (3501)"},"Active":true,"Catalog":"570ef2fcd07cda3e16f93ef7","Description":"<p class=\"poem\">Мир, напряжён, сегодня, до предела!<br>\nВсе, люди хотят остаться, &laquo;при своих&raquo;!<br>\nНикто не хочет Мирового передела!<br>\nВласть, ожидает людей, только, ручных!</p>\n\n<p class=\"poem\">Большая страна, как правило, сильная власть!<br>\nВласть, не будет отдавать управление!<br>\nНарод, копит в себе недовольства страсть!<br>\nНет, в сторону Прогресса никакого движения!</p>\n\n<p class=\"poem\">Власть, любая, очень хочет усидеть на Троне!<br>\nПредполагая, использовать, всё возможное и силы!<br>\nДля людей, власть &ndash; это самая, счастливая, доля!<br>\nНикто из людей, не посмеет, против неё взять вилы!</p>\n\n<p class=\"poem\">Россия, в очень сложном, сейчас, положении!<br>\nЭкономический упадок и недовольство Народа!<br>\nНа кону Планетарное, скоро, преображение!<br>\nНет, идеологического сплочения, Великого Рода!</p>\n\n<p class=\"poem\">Эволюция Пространства &ndash; это вызов времени!<br>\nУ Создателя, подготовлено Преображение!<br>\nСоздатель, хочет спасти Россию от бремени,<br>\nОн, выбрал 26 год, началом Мира перестроения!</p>\n\n<p class=\"poem\">У Создателя, есть План, и к России, предложение!<br>\nВласть, не предполагает это рассматривать!<br>\nИзвестно, что в 26 году должно начаться перестроение!<br>\nСоздатель, будет, Свои интересы, отстаивать!</p>\n\n<p class=\"poem\"><b>Есть три компонента Победы для России!<br>\nОни, выражены в стиле Создателя!<br>\nЭто, Создателя, Белого Царя и Народа, общая Миссия!<br>\nРоссия, избавляется от своих обывателей!</b></p>\n\n<p class=\"poem\">Люди, ещё не умеют управлять Сознанием!<br>\nЭто, может сделать, только, сам Создатель!<br>\nРоссия, ускоренно, изучает Бога Знания!<br>\nЧтобы, выполнить задание Создателя, старательно!</p>\n\n<p class=\"poem\">Власть в Мире, любая, это временный элемент!<br>\nДля, каждого человека, определён, срок жизни!<br>\nВ любое время, может наступить смерти момент!<br>\nСоздатель знает, кто есть, или кто будет, лишним!</p>\n\n<p class=\"poem\">Создатель, понимает, кто может помочь делу!<br>\nИбо, ждать преображения в Духе поздно,<br>\nВ Шестой Эпохе у людей, уже не будет тела!<br>\nПросто, люди, без Бога, уйдут на дно!</p>\n\n<p class=\"poem\">Создатель ожидает проявления, у власти, Ума!<br>\nИбо, будет объявлено, Переходное время!<br>\nВ России, люди любят посидеть Дома!<br>\nТолько дома, можно обсудить все темы!</p>\n\n<p class=\"poem\">Если, есть Ум, значит, есть и предложение!<br>\nДля переходного периода нужен, жизненный опыт!<br>\nЧеловек с грехами, может найти решение,<br>\nНо, это, только, может сохранить его быт!</p>\n\n<p class=\"poem\">Идеология Равенства, есть у Создателя и у Царя!<br>\nЭкономика &ndash; это промежуточное состояние!<br>\nПоверьте, Эволюция Мира сего, не проходит зря!<br>\nЭволюция &ndash; это власти старой, противостояние!</p>\n\n<p class=\"poem\">Убрать, любого человека, для Бога, ничего не стоит!<br>\nСоздатель, рассматривает это в итоге!<br>\nСегодня, этот вопрос на Повестке дня стоит,<br>\nГлавное, чтобы люди, с Белым Царём были в потоке!</p>\n\n<p class=\"poem\">Создатель, даёт людям, время для преображения!<br>\nПараллельно, даётся время и на Осознание!<br>\n26 год &ndash; это год, в Духе Вашего, с Создателем, движения!<br>\nИ возвышения, человека-Бога, Сознания!</p>\n\n<p class=\"poem\">Это, намечено, для России, выстроить Мир Славян!<br>\nЭто, Идеология Равенства и неземные возможности!<br>\nРоссия в Духе, поднимется в Космосе, к Звёздам!<br>\nНе будет, у Святой Руси, никаких сложностей!</p>\n\n<p class=\"poem\">Создатель, пока, ожидает от власти предложений!<br>\nНа переходный период, нужен профессионализм!<br>\nПосле перехода, начнётся в Небо движение!<br>\nПо научному выражению, это будет Космизм!</p>\n\n<p class=\"noind\">Да будет Свет Истины!<br>\nОтец Абсолют или Высший Космический Разум!</p>","Files":null,"Date":"2025-12-16T11:36:07.058+03:00","DateChange":"2025-12-16T11:37:19.38+03:00","Link":"poems/16.12.25","Id":"69411a1e617d804cd39d255b","Srv":"otk","Deleted":false,"Titles":["Создатель, ожидает проявления, у власти, Ума!"]}
{"Data":{"Next":"poems/16.12.25","NoFooter":false,"PoemOutDict":false,"Titles":null,"Number":"№15 (3500)"},"Active":true,"Catalog":"570ef2fcd07cda3e16f93ef7","Description":"<p class=\"poem\">Государство, Ваше, осенено Стягом Создателя!<br>\nОно, начинает прорастать на Планете Духом!<br>\nУходят, в прошлое, враги Ваши и обыватели!<br>\nОно, становится для всего человечества, утром!</p>\n\n<p class=\"poem\">Начинается, Путь очищения и перехода в Боги!<br>\nЭто, самый трудный Путь внутри себя!<br>\nКаждый день, такого Пути &ndash; это подведение Итогов!<br>\nЭто и есть, Святая в Духе, для людей стезя!</p>\n\n<p class=\"poem\">Теперь, уже не важно, кто из каких будет людей?<br>\nПуть в Небо, только для Богом, избранных!<br>\nСоздателю видно, кто из людей в Духе сильней?<br>\nИдущий таким Путём человек, Богом Выбранный!</p>\n\n<p class=\"poem\">Первым, сделал свой выбор, из Русских, Мессия!<br>\nПройден, им Путь в Материи, а, теперь и в Духе!<br>\nУ него, особая для человека, вверх Сессия,<br>\nЖизнь, такого человека &ndash; это, перед Богом, заслуга!</p>\n\n<p class=\"poem\">Жизнь, Мессии отдана Создателю и стране!<br>\nНет, никаких в жизни от него пожеланий!<br>\nРодина &ndash; это Вечная, в Душе человека, рана!<br>\nСчастье страны и её Народа, для Мессии, стяжание!</p>\n\n<p class=\"poem\">Нет, ничего в Сознании, кроме Родины и Народа!<br>\nЖизнь в Духе и, ради Духа, только!<br>\nМессия формирует собой, Новую в Духе Породу,<br>\nСоздатель знает, в Пространстве их сколько!</p>\n\n<p class=\"poem\">Теперь, всё должно быть превращено, в Волю!<br>\nИбо, без желания и Воли не достичь ничего!<br>\nМессия, должен изменить на Планете, людей долю!<br>\nСоздатель, для этого и выбрал Мессии чело!</p>\n\n<p class=\"poem\">Мессия собирает людей, себя ни в чём не щадя!<br>\nГлавное, результат для Державы, а не своя Судьба!<br>\nЭто и есть, самая трудная в этом Пространстве, стезя!<br>\nМессию должен волновать результат, а не людей, молва!</p>\n\n<p class=\"poem\">Это, действия из жизни, Ва-Банк или на результат!<br>\nГлавное, в этом действии, надо добиться успеха!<br>\nЖизнь Мессии, расписана, словно, военный трактат!<br>\nНичего, даже своя жизнь, не должно быть помехой!</p>\n\n<p class=\"poem\">Человеческий быт &ndash; это не для него, ибо, важнее, дело!<br>\nНужно поднять Россию в Небо, и нет для него, других забот!<br>\nДля него, уже не интересно, материальное тело,<br>\nГлавное в жизни, в Небо и в Вечность, России выход!</p>\n\n<p class=\"poem\">Сегодня, Стяг Создателя, уже над Россией!<br>\nСоздатель, Мессию уже назначил Белым Царём!<br>\nУ него от Создателя, определена Спасителя Миссия:<br>\nОт Цели жизни, Мы, никогда не уйдём!</p>\n\n<p class=\"poem\">Это принцип жизни, ещё в Пятой Эпохе!<br>\nВ Шестой Эпохе, для Богов смерти, нет!<br>\nТеперь, не может быть никаких, вздохов!<br>\nБелый Царь, будет нести за всё ответ!</p>\n\n<p class=\"poem\">Теперь, ещё накануне надо, посмотреть вперёд!<br>\nНужно увидеть в Сознании, Бога Империю!<br>\nВ Новой Эпохе, не нужно, обычное слово &laquo;доход&raquo;!<br>\nДоход &ndash; это в Духе, для Государства, потеря!</p>\n\n<p class=\"poem\">Пора, поднять, Мой триколор над Россией!<br>\nНельзя, над Новой страной поднимать прошлое!<br>\nВаш Стяг теперь, из трёх частей, одной Миссии!<br>\nГде, Создатель, Белый Царь и Народ, вместе, сложены!</p>\n\n<p class=\"poem\">Вам, нести эти Символы Равенства, в Пространстве!<br>\nКосмос, должен узреть в Духе Единение!<br>\nНарод в Духе, больше не будет странствовать!<br>\nБудет, межпланетное, в Духе движение!</p>\n\n<p class=\"poem\">Россия, услышала Высший Разум и смогла!<br>\nОна смогла перейти из Материи в Высший Дух!<br>\nРоссия, очень долго, Материю в себе несла!<br>\nВ Пятой Эпохе, Россия, не смогла удержать, Дух!</p>\n\n<p class=\"poem\">В Шестой Эпохе, с помощью Создателя, дарована Победа!<br>\nЛюди-Боги, осознали к Создателю, сопричастность!<br>\nБольше не коснётся, Божественной Монархии, беда!<br>\nИбо, люди-Боги с Богом, теперь, навсегда, а не частность!</p>\n\n<p class=\"noind\">Да будет Свет Истины!<br>\nОтец Абсолют или Высший Космический Разум!</p>","Files":null,"Date":"2025-12-15T11:18:01.196+03:00","DateChange":"2025-12-15T11:19:19.36+03:00","Link":"poems/15.12.25","Id":"693fc461617d804cd39d255a","Srv":"otk","Deleted":false,"Titles":["Государство, Ваше, осенено Стягом Создателя!"]}
{"Data":{"Next":"poems/15.12.25","NoFooter":false,"PoemOutDict":false,"Titles":null,"Number":"№14 (3499)"},"Active":true,"Catalog":"570ef2fcd07cda3e16f93ef7","Description":"<p class=\"poem\"><b>Есть власть в стране и есть, оппозиция, против!<br>\nИ, это, по существу, для страны, одно и то же!<br>\nПротивоположности, рассматривают, один и тот же мотив!<br>\nУбрав их, Создатель, восстановить страну, сможет!</b></p>\n\n<p class=\"poem\">Звучат, эти слова, грубо и грустно, но, это Правда!<br>\nКриминал существует в Мире, везде!<br>\nОт криминала, зависит любой страны, завтра,<br>\nЛюди, живут во властной и в криминальной, среде!</p>\n\n<p class=\"poem\">Создатель, постоянно, говорит о Новой Эпохе!<br>\nБог, говорит о Духе и о Совести, людской!<br>\nНо, криминалу, наплевать на выстраиваемые потоки,<br>\nГлавное, для них, чтобы доходы текли, рекой!</p>\n\n<p class=\"poem\">Создатель, к Новой Эпохе готовит людей и Царя!<br>\nНо, Совесть людей в стране, не нужна криминалу!<br>\n20 лет подготовки людей в Духе, прошли, не зря!<br>\nСоздатель, готовил людей России, быть Идеалом!</p>\n\n<p class=\"poem\">Власть и криминал, никогда не пойдут, на это!<br>\nОни, будут сопротивляться Эпохе и Богу!<br>\nСоздатель, на власть и на криминал, наложил Вето!<br>\nИбо, они, есть главные силы, негатива, в потоке!</p>\n\n<p class=\"poem\">Вы, должны, будете строить Новый Мир, без криминала!<br>\nКриминал, будет Вам, банально, вредить!<br>\nПрошлая, власть будет держать себя, Порталом,<br>\nОна, в помощь Создателю, будет криминал душить!</p>\n\n<p class=\"poem\">Революция &ndash; это борьба власти с Народом!<br>\nЭволюция &ndash; это уничтожение, любого негатива!<br>\nЭволюция &ndash; это преображение Сознания Народа!<br>\nЭволюция &ndash; это Равенство и состояние позитива!</p>\n\n<p class=\"poem\">Но, промежуточный период &ndash; это, опять, борьба!<br>\nВласть и криминал, будут с Народом сражаться!<br>\nБудет на Руси, ради Свободы, Цунами или Волна,<br>\nРади России и Вы, должны будете постараться!</p>\n\n<p class=\"poem\">В прошлую революцию, криминал был не за Народ!<br>\nНо, против власти сошлись интересы!<br>\nКриминал, успешно, проник внутрь Народа,<br>\nПомните, криминал во все времена, не был за Прогресс!</p>\n\n<p class=\"poem\">Для Вас, интереснее, представители людей, богатых!<br>\nИбо есть образование и есть, гражданские представления!<br>\nРади, Идеологии, они будут работать и лопатой!<br>\nРади, будущего страны, они могут вступить и в Движение!</p>\n\n<p class=\"poem\">Главное, помните, что в человеке, Основа &ndash; это Сознание!<br>\nВсе, люди пришли в этот Мир, через Создателя!<br>\nУ человека, о Судьбе своей есть понимание!<br>\nНе давайте людям, опуститься до уровня, обывателя!</p>\n\n<p class=\"poem\">Вы, сегодня, для всех, образец в Духе подготовленности!<br>\nИбо, человек-Бог &ndash; это Совершенство в Духе!<br>\nУ человека-Бога, в Душе, нет никаких условностей!<br>\nЧеловек-Бог, человеком-слугой, никогда не будет!</p>\n\n<p class=\"poem\">Вы, должны быть Совершенством в Духе, как и Я!<br>\nПовторяю, никаких, в Сознании, условностей!<br>\nЧеловек без Идеологии &ndash; это человек-змея!<br>\nЧеловек, живущий ради Идеологии &ndash; пример стойкости!</p>\n\n<p class=\"poem\">Россия &ndash; это, особенная, страна, ибо Она в Духе!<br>\nОна, несёт в себе, Торжество Правды!<br>\nРоссия &ndash; есть Мудрость веков и это, совсем, не слухи!<br>\nПоэтому Создатель, только Ей, доверяет Завтра!</p>\n\n<p class=\"poem\">Теперь всё, вокруг России, сложилось и подходит Эпоха!<br>\nЕсть, Создатель и управление, через Белого Царя!<br>\nНарод, через Октаэдр, сформировался в потоки!<br>\nШколу Создателя, Россия проходила так долго, не зря!</p>\n\n<p class=\"poem\">Осталось для России, принять, собственное Решение!<br>\nДав Согласие, на Создателя Сценарий!<br>\nВесной, надо начинать взвешенное, в Духе, движение!<br>\nЗная Замысел Создателя и Его Глоссарий!</p>\n\n<p class=\"poem\">Есть действующие лица: Создатель, Белый Царь и Народ!<br>\nНикого не надо менять, по Сценарию!<br>\nЭти трое, отвечают за Квантовый переход!<br>\nСоздатель, изменил прошлый для них, Глоссарий!</p>\n\n<p class=\"poem\">Теперь, Вам необходимы Славяне и, просто, люди!<br>\nЛюди, живущие поколениями на Планете!<br>\nСегодня, Новой Эпохи, начинается прелюдия!<br>\nНовый Мир будет в Духе, как Совершенства, приметой!</p>\n\n<p class=\"noind\">Да будет Свет Истины!<br>\nОтец Абсолют или Высший Космический Разум!</p>","Files":null,"Date":"2025-12-14T12:20:08.087+03:00","DateChange":"2025-12-14T12:21:49.336+03:00","Link":"poems/14.12.25","Id":"693e8169617d804cd39d2559","Srv":"otk","Deleted":false,"Titles":["Осталось для России, принять, собственное Решение!"]}
{"Data":{"Next":"poems/14.12.25","NoFooter":false,"PoemOutDict":false,"Titles":null,"Number":"№13 (3498)"},"Active":true,"Catalog":"570ef2fcd07cda3e16f93ef7","Description":"<p class=\"poem\">Тревожный день, как и все, последние!<br>\nЛюди, выбились из графика своей жизни!<br>\nНехорошие волнуют, Души людей, вести!<br>\nВсем, стало казаться, что он лишний!</p>\n\n<p class=\"poem\">Пространство, не меняется, но, оно трещит!<br>\nНет, ни у кого в Завтра уверенности!<br>\nСегодня, обстановка, всех людей на дно тащит!<br>\nВ Природе, теперь, нет тормозов и степенности!</p>\n\n<p class=\"poem\">Мир оказался, словно, на краю бездны!<br>\nЗа которой, для людей, уже, нет ничего!<br>\nВпереди, непредсказуемой Эпохи, дни!<br>\nНо, люди, по-прежнему, плюют на всё!</p>\n\n<p class=\"poem\">Начинается, в России, тоже, борьба за власть!<br>\nВласть, хочет удержать Русь за узду!<br>\nКипят, сильные, внутри страны, страсти:<br>\nЛучше пойти Ва-Банк, чем, идти ко дну!</p>\n\n<p class=\"poem\">Предложена, концепция преображения!<br>\nНо, повторяю начинается, борьба за Трон!<br>\nПока, не чувствуется никакого движения!<br>\nЛюди, находятся в положении &laquo;загон&raquo;!</p>\n\n<p class=\"poem\">Начались, обсуждения, но Трон занят!<br>\nПланируется, борьба за Трон до крови!<br>\nСоздатель, свои условия, сказал внятно:<br>\nТрон на Руси, предназначен для Новой Зари!</p>\n\n<p class=\"poem\">Никто, не хочет знать, что нужно Создателю!<br>\nИбо, вопрос смены Эпох, уже назрел!<br>\nНет, среди людей, достойного власти обладателя,<br>\nНо, Создатель, нужную, кандидатуру уже узрел!</p>\n\n<p class=\"poem\">Создатель, ещё и Суверен, на Планете!<br>\nМир Высшего Разума, есть Его проявление!<br>\nСоздателю не нужны люди, думающие о монете!<br>\nЕму нужен человек-Бог, как Небес достижение!</p>\n\n<p class=\"poem\">Власть готовит своих, близких от Трона!<br>\nСоздатель, рассматривает, только, людей-Богов!<br>\nНе удержится, на голове человека, Корона,<br>\nЛюди, не выдержат, подведение Богом, Итогов!</p>\n\n<p class=\"poem\">Создатель, давно готовил человека-Мессию!<br>\nПо всем параметрам, подходящая кандидатура!<br>\nЗа 20 лет, тридцать томов Знаний &ndash; ежедневная сессия,<br>\nНикто из людей, не выдержит такого, сложного, Тура!</p>\n\n<p class=\"poem\">Задача у Создателя &ndash; это совершенный Мир!<br>\nГде, прежде всего, Равенство и Любовь!<br>\nУ обывателей, и у людей власти, плохая кровь:<br>\nНа мамону и богатство, у них ориентир!</p>\n\n<p class=\"poem\">Для человека, важнее всего, Сознание и Ум!<br>\nУ богатых людей, потеряно, как раз, Сознание!<br>\nДля человека с Совестью, не важна, денег сумма!<br>\nГлавное, для Него, будущего страны, понимание!</p>\n\n<p class=\"poem\">Есть кандидатура от Создателя, и это Мессия!<br>\nЕсть, кандидатура от людей, и это экономист!<br>\nОдин, проходил стандартную Учебную сессию,<br>\nДругой, знает, от Бога, как остановить падение вниз!</p>\n\n<p class=\"poem\">Есть, задача преображения и она, важнее, любой!<br>\nПри выборе важен, уровень Сознания человека!<br>\nСегодня, в системе управления, полный отстой!<br>\nНужен России, совершенного Сознания имярек!</p>\n\n<p class=\"poem\">Решение, на этот раз будет принимать, Народ!<br>\nНарод, познавший проблемы войн и революции!<br>\nНарод, который знает, этой жизни Код!<br>\nНарод, который готов принять Новую Конституцию!</p>\n\n<p class=\"poem\">Нужен Народу, Царь, жизнь которого для страны!<br>\nКак было в, самом, начале Советского Союза!<br>\nГлавное, Царь должен залечить в Духе, страны раны!<br>\nИ не допустить, в Идеологии Страны, никакого юза!</p>\n\n<p class=\"poem\">Выбор сделает Весной, сам, Народ, как Выбор Века!<br>\nСлавянский Мир, попросит от Бога помощи!<br>\nМосква, для всего человечества, станет Меккой!<br>\nВселенная в Духе, будет небывалой Мощи!</p>\n\n<p class=\"poem\">К Весне надо будет России, уже готовиться!<br>\nСознание, людей надо перевести, на Новый Мир!<br>\nНадо, от всех прошлых грехов, отстраниться!<br>\nТеперь, только Создатель, для России ориентир!</p>\n\n<p class=\"noind\">Да будет Свет Истины!<br>\nОтец Абсолют или Высший Космический Разум!</p>","Files":null,"Date":"2025-12-13T11:59:12.373+03:00","DateChange":"2025-12-13T12:06:31.741+03:00","Link":"poems/13.12.25","Id":"693d2b06617d804cd39d2557","Srv":"otk","Deleted":false,"Titles":["Весной, сделает Выбор, сам, Народ, и, как Выбор Века!"]}
{"Data":{"Next":"poems/13.12.25","NoFooter":false,"PoemOutDict":false,"Titles":null,"Number":"№12 (3497)"},"Active":true,"Catalog":"570ef2fcd07cda3e16f93ef7","Description":"<p class=\"poem\"><b>Есть, мысли и желания у Создателя и у людей!<br>\nНо, масштабы, возможностей у них разные!<br>\nСоздатель, хочет счастливыми, сделать людей!<br>\nЛюди, предпочитают жить на Свете праздно!</b></p>\n\n<p class=\"poem\">Создатель &ndash; это, пример, эволюции совершенства!<br>\nЧеловек &ndash; это, только, в Духе развитие!<br>\nЧастица Целого, не бывает с Целым в единстве!<br>\nЧеловека, затягивает, право выбора, в бытие!</p>\n\n<p class=\"poem\">Вы родились, когда Мир, на границе Эпох!<br>\nСоздатель, готовит людей к преображению!<br>\nЭто реальный экзамен для людей, не на словах!<br>\nСоздатель, готовит, для этих людей, Вознесение!</p>\n\n<p class=\"poem\">Создатель, давно, подготовил для этого, Мессию!<br>\nОн, провёл Мессию, через семь поколений!<br>\nМессия, из Плотного плана, прошёл все Сессии!<br>\nОн, определил для себя, в Науке направления!</p>\n\n<p class=\"poem\">Теперь, уже 20 лет, Мессия готовит людей!<br>\nВ первую очередь, на территории Святой Руси!<br>\n20 лет подготовки в Духе людей &ndash; это Путь из Путей!<br>\nЗа эти годы, Он доказал свой Путь, от Бога Мессии!</p>\n\n<p class=\"poem\">Подходит время, Великого в Духе Осознания!<br>\nЧто роль Мессии &ndash; это роль в Мире Поводыря!<br>\nРоль Мессии в Мире, на уровне наказания!<br>\nЛюди, напрасно, считают, что его Роль, зря!</p>\n\n<p class=\"poem\"><b>Люди, не хотят верить Богу, проще платить религиям!<br>\nСоздатель, меняет Сознание человека и его жизнь!<br>\nЛюди считают, что лучше быть богатым и тащить вериги,<br>\nЧем, свободным в Духе и нищим в жизни, быть!</b></p>\n\n<p class=\"poem\">Сегодня, на Планете война и люди заняты этой войной!<br>\nНо, Завтра, они должны будут встретить Мир!<br>\nСоздатель, обещает очистить Сознание людей, волной!<br>\nНо, для этих людей мамона Пятой Эпохи есть ориентир!</p>\n\n<p class=\"poem\">Шестая Эпоха, уже стоит на горизонте Миров!<br>\nЛюдям не уйти от преображения в Духе, никуда!<br>\nСоздатель готовит Победу, а, сами, люди готовят подвох!<br>\nОт Квантового перехода, людям не уйти никогда!</p>\n\n<p class=\"poem\">Пророка, миссия, помочь всем людям в этом!<br>\nИбо, повторяю, от Квантового перехода не уйти!<br>\nМессия, ежедневно передаёт Знания, собирая том,<br>\nЧтобы облегчить их движение в Пути!</p>\n\n<p class=\"poem\">Всё равно, люди не хотят помощи Бога!<br>\nОни, и не принимают от Создателя, Мессию!<br>\nОсновная масса людей, не хотят в Боге Итога!<br>\nИх, не интересует от Бога Учебная Сессия!</p>\n\n<p class=\"poem\">Создатель, для преображения выбрал Россию!<br>\nВот, уже 21 год, через Мессию, идут Знания!<br>\nБолее 30 томов книг &ndash; это Создателя миссия!<br>\nНо, люди, по-своему, видят для себя, предписания!</p>\n\n<p class=\"poem\">Сегодня, Мессия был назначен Белым Царём!<br>\nСоздателем, определены Его, в Мире, полномочия!<br>\nСоздатель считает, что Они теперь, вдвоём,<br>\nБудут перестраивать этот Мир, воочию!</p>\n\n<p class=\"poem\">Шестая Эпоха &ndash; это будет Эпоха Духа!<br>\nПребывание людей, Там, вызовет затруднения!<br>\nНо, Белый Царь, окажет людям услуги,<br>\nЛюди, отказавшиеся от Бога, закончат своё проявление!</p>\n\n<p class=\"poem\">Шестая Эпоха &ndash; это совершенно другие условия!<br>\nЛюди, должны будут перейти в Боги!<br>\nНе будет в Духе, никаких сословий!<br>\nБудет Мир Равенства и Любви в Итоге!</p>\n\n<p class=\"poem\">Править на Планете, будет Белый Царь,<br>\nОн, был выбран Создателем из России!<br>\nВернётся, Империя в Духе, как было встарь!<br>\nЭто, будет Белого Царя, Вечная Миссия!</p>\n\n<p class=\"poem\">Времени, мало на ожидание, пора начинать!<br>\nНикто, не может помешать, в этом Создателю!<br>\nСоздатель, откроет в людях память!<br>\nЛюди-Боги, есть Сотворцы и Созидатели!</p>\n\n<p class=\"poem\">Будет так, как спланировал Создатель!<br>\nНе будет никаких других действий!<br>\nБелый Царь, Новой Эпохи правитель!<br>\nТех, кто против Создателя, ждут последствия!</p>\n\n<p class=\"noind\">Да будет Свет Истины!<br>\nОтец Абсолют или Высший Космический Разум!</p>","Files":null,"Date":"2025-12-12T11:51:15.522+03:00","DateChange":"2025-12-12T11:53:11.847+03:00","Link":"poems/12.12.25","Id":"693bd7a5617d804cd39d2554","Srv":"otk","Deleted":false,"Titles":["Будет так, как спланировал Создатель!"]}
{"Data":{"Next":"poems/12.12.25","NoFooter":false,"PoemOutDict":false,"Titles":null,"Number":"№11 (3496)"},"Active":true,"Catalog":"570ef2fcd07cda3e16f93ef7","Description":"<p class=\"poem\"><b>Потоком небылиц, идут предсказания!<br>\nНикто не знает, что есть Правда!<br>\nЭто, долголетние Мира сказания!<br>\nНичего, не говорящие, о Завтра!</b></p>\n\n<p class=\"poem\">Все события, сегодня, пересмотрены!<br>\nОни, не связаны, с современностью!<br>\nСлова, другие, не современно построены,<br>\nСегодня, у людей другая мерность!</p>\n\n<p class=\"poem\">В современности, жизни, другой, расклад!<br>\nПредсказатели, говорят, другие слова!<br>\nУже, по-другому, звучат слова &laquo;Кланы&raquo;!<br>\nСегодня, звучат не те слова и другие, имена!</p>\n\n<p class=\"poem\">Суть событий та же, но, другие названия!<br>\nСопоставить события невозможно!<br>\nСовпадают, только, наименования!<br>\nНо, сложить череду событий, всё же можно:</p>\n\n<p class=\"poem\">На границе Эпох, как всегда, война!<br>\nСтраны, стараются разделить Россию!<br>\nНо, энергетическая, этот Мир, ожидает волна!<br>\nНа этот период, проявлен Богом, Мессия!</p>\n\n<p class=\"poem\">Будет Богом, потом, назначен Белый Царь!<br>\nОн будет, для России по счёту, восьмым!<br>\nВернутся события на Руси, как встарь!<br>\nМессия, станет Белым Царём, ожидаемым!</p>\n\n<p class=\"poem\">Главное, Он, станет важнее, потом!<br>\nЦарь примет на Руси от Бога, управление!<br>\nВесь Мир пойдёт в Русь, уже скопом!<br>\nНачнётся, в Шестую Эпоху перемещение!</p>\n\n<p class=\"poem\">Главное, все народы, пойдут за Царя!<br>\nПовторяю, на Руси будут все желающие!<br>\nНад, Россией загорится, в Небе Заря!<br>\nРешение, Сознания будет решающим!</p>\n\n<p class=\"poem\">Трудное, для России будет время!<br>\nРоссия, много лет будет на войне!<br>\nКоснётся, Великого Народа, бремя!<br>\nНарод успокоится в Новой волне!</p>\n\n<p class=\"poem\">Много, будет событий в Духе!<br>\nНо, Создатель уже, выбрал Белого Царя!<br>\nОни, вместе, подведут Планеты Итоги!<br>\nБудет, возвращение Богов, как встарь!</p>\n\n<p class=\"poem\">Главное, что есть сроки Шестой Эпохи!<br>\nОт этого, не уйти никуда!<br>\nО России по Миру, уже, пошли слухи!<br>\nМир примет для себя, что это Правда!</p>\n\n<p class=\"poem\">Но, будет решаться, всё накоротке!<br>\nНет времени, сейчас, на рассуждение!<br>\nЭволюцию, нельзя остановить на Первом витке!<br>\nСоздатель, не допустит падения!</p>\n\n<p class=\"poem\">Теперь, Мир, занятый на войне, уйдёт!<br>\nСегодня, что-то ожидать, невозможно!<br>\nНа Небе, решения этого вопроса никто не ждёт!<br>\nРазбираться, в этой войне, сложно!</p>\n\n<p class=\"poem\">Вопросы, Истории разных Эпох совпадают!<br>\nСоздатель, представит Белого Царя Весной!<br>\nНеобходимость, всякого разбора отпадает!<br>\nНадо, сконцентрироваться на Идее одной!</p>\n\n<p class=\"poem\">Неожиданно, людей заторопили события!<br>\nХорошо, что Россия 20 лет, готовилась!<br>\nНачинаются, изменения людей, бытие!<br>\nВажно, что Россия в Духе, уже, настроилась!</p>\n\n<p class=\"poem\">Школа Творца, будет скоро окончена!<br>\n512 учеников Создателя, уже, подобраны!<br>\nВозможность, строить Новый Мир &ndash; их цена!<br>\nС этими, СоТворцами, всё будет без обмана!</p>\n\n<p class=\"poem\">Теперь, в Истории разбираться будем, потом!<br>\nСегодня, сошлись Основные параметры!<br>\nНовая Россия утверждена Богом!<br>\nБудут, на Планете Новые атмосферы!</p>\n\n<p class=\"poem\">Вече, со всеми Русскими, точно, будет!<br>\nКак, и было Нами, намечено в Феврале!<br>\nТакие, Исторические события Вы, не забудете!<br>\nОкончательное решение, Вам надо принять по Весне!</p>\n\n<p class=\"poem\">Сегодня, принимается решение на Завтра!<br>\nПредсказания с Былью, сошлись!<br>\nНовая Эпоха, отзовётся для всех Правдой!<br>\nВсе составляющие Шестой Эпохи, сошлись!</p>\n\n<p class=\"noind\">Да будет Свет Истины!<br>\nОтец Абсолют или Высший Космический Разум!</p>","Files":null,"Date":"2025-12-11T11:36:30.686+03:00","DateChange":"2025-12-11T11:37:47.196+03:00","Link":"poems/11.12.25","Id":"693a82ba617d804cd39d2553","Srv":"otk","Deleted":false,"Titles":["Вече, со всеми Русскими, точно, будет!"]}
{"Data":{"Next":"poems/11.12.25","NoFooter":false,"PoemOutDict":false,"Titles":null,"Number":"№10 (3495)"},"Active":true,"Catalog":"570ef2fcd07cda3e16f93ef7","Description":"<p class=\"poem\">Планета, постепенно, готовится к преображению!<br>\nСами люди, как всегда, ещё не готовы!<br>\nТолько, Россия может говорить, о сути постижения!<br>\nУ большинства народов Мира, только слова!</p>\n\n<p class=\"poem\">Россия, формирует людей к преображению!<br>\nСоздатель, выбрал для подготовки Мессию!<br>\nВойна на Планете, тормозит изменения!<br>\nСоздатель, для этого, организовал Учебную Сессию!</p>\n\n<p class=\"poem\">Люди, в России, скоро начнут сдавать Экзамены!<br>\nБудут готовы к переходу, только, 512 человек!<br>\nРоссию, ожидают внутренние перемены!<br>\nВ будущем году, начнётся Шестой Эпохи век!</p>\n\n<p class=\"poem\">Люди, пока, не хотят слышать об этом!<br>\nМир занят, сегодня, разделом территории!<br>\nЛюди, не хотят слышать, что всё будет по Заветам,<br>\nСоздатель рассматривает Русь, как Лекторий!</p>\n\n<p class=\"poem\">Уже, назначен Белый Царь, как, управитель!<br>\nНо, официально, страна ещё не согласилась на это!<br>\nСтрана, решает, что всё, есть Неба управление!<br>\nЛюди, считают, что на фантазии надо наложить, вето!</p>\n\n<p class=\"poem\">Всё в Мире остановилось, ибо нет продолжения!<br>\nВласти, включились в Мировую войну!<br>\nНет никаких намерений, на преображение!<br>\nЛюди, не ожидают, энергетическую волну!</p>\n\n<p class=\"poem\">Создатель говорил об этом, уже, много раз!<br>\nЭто уже звучало, как предупреждение!<br>\nЛюдям Планеты, будет, очень худо, за отказ!<br>\nШестая Эпоха &ndash; это в Духе, людей преображение!</p>\n\n<p class=\"poem\">Россия, хочет обратиться ко всем Русским!<br>\nК Русским, разбросанным по всем странам!<br>\nРодина-Мать, намерена собрать всех русских,<br>\nЧтобы, залечить Великой страны, раны!</p>\n\n<p class=\"poem\">Люди, упорно не хотят верить Создателю!<br>\nОни, требуют доказательства, присутствия Бога!<br>\nБольшинство на Планете, людей-обывателей!<br>\nКоторые, живут ради быта и уюта в Итоге!</p>\n\n<p class=\"poem\">А, те, которые собрались ради Идеологии,<br>\nНе понимают, что надо, им, делать?<br>\nИбо, власть &ndash; это богатых людей, логика!<br>\nПростому, человеку разрешено, только мечтать!</p>\n\n<p class=\"poem\">Создатель, предложит разбудить диаспоры!<br>\nЭти люди, были оторваны от Родины!<br>\nОни, как, разлетевшиеся от Родины орлы,<br>\nНо, никто не может жить, без Родины!</p>\n\n<p class=\"poem\">Создатель поможет России, конечно, в этом!<br>\nДух Русского человека &ndash; это Тонкий План!<br>\nПри борьбе за Родину, надо помнить это!<br>\nРодина, без своих детей, словно, чулан!</p>\n\n<p class=\"poem\">Русские и Славяне, должны собраться!<br>\nНазрела, проблема Славянского Мира!<br>\nНа Планете, Россия, должна Его лицом оставаться!<br>\nВесной, будет премьера, Славянского, ориентира!</p>\n\n<p class=\"poem\">Россия, должна проявить себя всему Миру!<br>\nКак, Центр Славянского происхождения!<br>\nРоссия, теперь, Духовности людей, ориентир!<br>\nЭто Единого в Духе Мира, построение!</p>\n\n<p class=\"poem\">Главное слово, должен сказать Народ!<br>\nДля Него, самое Главное, Равенство и Любовь!<br>\nНарод должен быть готов пройти Переход!<br>\nНарод, должен дать Клятву Богу на кровь!</p>\n\n<p class=\"poem\">Поле Нового Мира, сильно изменится!<br>\nНе стоит ждать переходное время!<br>\nОбщий климат Планеты, тоже изменится!<br>\nВам надо вернуть Богов или создать Богов племя!</p>\n\n<p class=\"poem\">Народ, не готов к таким изменениям!<br>\nНо, Память напомнит, время Союза!<br>\nНет в людях о Завтра, единого мнения!<br>\nСоздатель, не позволит, повторения юза!</p>\n\n<p class=\"poem\">Главное, теперь, Единый вектор времени!<br>\nПланета шагает в Мир Справедливости!<br>\nВ этом движении, нет никакого, бремени,<br>\nЭто, уже, Планетарные Новости!</p>\n\n<p class=\"poem\">Народу надо перейти границу времён!<br>\nИными словам, Народу надо шагнуть в Эпоху!<br>\nТот, кто в Вере, Создателем будет спасён!<br>\nЕсли, в Вере, то, можно перейти сходу!</p>\n\n<p class=\"poem\">Проверьте Ваши ряды, есть предатели!<br>\nСреди Голограмм, их бывает много!<br>\nСоздатель, уже поставил для Вас указатели!<br>\nЧеловек-Бог, должен, держать слово!</p>\n\n<p class=\"noind\">Да будет Свет Истины!<br>\nОтец Абсолют или Высший Космический Разум!</p>","Files":null,"Date":"2025-12-10T12:00:31.649+03:00","DateChange":"2025-12-10T12:02:26.432+03:00","Link":"poems/10.12.25","Id":"693936d8617d804cd39d2552","Srv":"otk","Deleted":false,"Titles":["Главное слово, должен сказать Народ!"]}
