{"Id":"62195b9e5d5a11c6eb22ae89","Deleted":false,"Active":false,"DateChange":"2025-03-04T12:10:04.882+03:00"}
{"Data":{"Next":null,"NoFooter":false,"PoemOutDict":false,"Titles":null,"Number":"№03 (3212)"},"Active":true,"Catalog":"570ef2fcd07cda3e16f93ef7","Description":"<p class=\"poem\">Ситуация в Мире, постоянно, только, усложняется!<br>\r\nЛюди не понимают, что терпению Бога, приходит конец!<br>\r\nМир из-за разногласий Лидеров, сильнее разделяется!<br>\r\nМожет наступить, из-за этого Прощальный венец!</p>\r\n\r\n<p class=\"poem\">Ситуация, сегодня, говорит, что Лидеры не договорятся!<br>\r\nКаждая страна, защищает только свой интерес!<br>\r\nПризрачный Мир может, мгновенно, раствориться,<br>\r\nЕсли Лидеры стран не найдут, между собой, компромисс!</p>\r\n\r\n<p class=\"poem\">Все люди забыли, что Мир находится на границе Эпох!<br>\r\nЧто отсутствие Единения в Духе &ndash; это уже остановка!<br>\r\nСоздатель, предупредил, что впереди для людей, Эпоха!<br>\r\nБез Единения в Духе, Богом будет отменена Постановка!</p>\r\n\r\n<p class=\"poem\">Вопрос, сегодня, поставлен просто: проходят люди в Духе!<br>\r\nНесогласные люди, останутся в прошлой Эпохе!<br>\r\nВремя Квантового перехода, людей подпирает, уже, не слухи!<br>\r\nЧеловечество, может не успеть подготовиться, в Итоге!</p>\r\n\r\n<p class=\"poem\">Создатель, много раз говорил о Вашей Судьбе!<br>\r\nВысокие вибрации, Нового Мира, потребуют иного Сознания!<br>\r\nСегодня, человечество, так или иначе, на войне!<br>\r\nНет в людях, из-за, этого, уничтожения, от Небес, осознания!</p>\r\n\r\n<p class=\"poem\">Трамп предлагает установить Мир, через сделку!<br>\r\nОн понимает, что за Мир, придётся платить!<br>\r\nНо, Европа рассчитывает на Мировую переделку,<br>\r\nЕвропа рассчитывает, с Новыми силами, Русь победить!</p>\r\n\r\n<p class=\"poem\">Люди забыли, что есть Вечная Эволюция Пространства!<br>\r\nУже закончился очередной Солнечный год!<br>\r\nСоздатель поставил условие: в Мире должно быть равенство!<br>\r\nТолько, при этих условиях, возможен Квантовый переход!</p>\r\n\r\n<p class=\"poem\">Судя по всему, такие условия, в этом Мире, недосягаемы!<br>\r\nВсё неопределённо, пока война продолжается!<br>\r\nУсловия Америки, сегодня, всеми странами, осязаемы,<br>\r\nНо, Европа такому предложению сопротивляется!</p>\r\n\r\n<p class=\"poem\">Лидеры продолжают спорить, не понимая, что этого делать нельзя!<br>\r\nСоздатель, начал готовить человечество к Переходу 20 лет, назад!<br>\r\nТолько у России есть, от Бога, Мессия и известная Ему, стезя!<br>\r\nРоссия понимает, что такое Шестой Эпохи, парад!</p>\r\n\r\n<p class=\"poem\">Время торопит людей, не позволяя, стоять на месте!<br>\r\nПереход, в Новую Эпоху, определяется уровнем, Единения!<br>\r\nСоздатель, ожидает, что Мир перейдёт с Россией, вместе!<br>\r\nНо, пока, нет признаков, на изменение людей поведения!</p>\r\n\r\n<p class=\"poem\">На Планете, 8 миллиардов людей с разной, позицией!<br>\r\nРелигии разделили людей на Епархии!<br>\r\nСегодня, война Православных Славян, как экзекуция!<br>\r\nСегодня, на Планете в Духе анархия!</p>\r\n\r\n<p class=\"poem\">Люди не замечают, от Создателя, предупреждений!<br>\r\nСоздатель, ежедневно, через Мессию, передаёт Вести!<br>\r\nУже началось, высоких вибраций, Шестой Эпохи, движение!<br>\r\nНикто не думает, что Бог может начать Перехода, Сессию!</p>\r\n\r\n<p class=\"poem\">Создатель спешит передать, о Структуре Мира, Знания!<br>\r\nСоздателю нужны, люди-Боги, гении!<br>\r\nУ людей на войне понизился уровень Сознания!<br>\r\nДаже, люди в Духе, живут, сегодня, словно в Тени!</p>\r\n\r\n<p class=\"poem\">Создатель, уже объяснил место и Роль человека!<br>\r\nДля Создателя, все люди, равны перед Богом!<br>\r\nСегодня, люди столкнулись с Началом Нового века!<br>\r\nКоторый, на тысячелетия, должен стать, для них, Домом!</p>\r\n\r\n<p class=\"poem\">Повторяю, Создатель не будет выбирать среди людей!<br>\r\nРавенство всех перед Богом &ndash; это Главное Правило!<br>\r\nУровень Духа человека, с Неба, Богу видней!<br>\r\nОткрыть дверь в Новый Мир &ndash; это Создателя Право!</p>\r\n\r\n<p class=\"poem\">Первое напоминание, будет этой Весной!<br>\r\nСоздатель рассчитывает на людей, реакцию!<br>\r\nПереход в Новую Эпоху должен пройти Зимой!<br>\r\nЭто, уже, будет Создателя, для людей, силовая акция!</p>\r\n\r\n<p class=\"noind\">Да будет Свет Истины!<br>\r\nОтец Абсолют или Высший Космический Разум!</p>\r\n","Files":null,"Date":"2025-03-03T11:44:42.354+03:00","DateChange":"2025-03-03T11:45:28.261+03:00","Link":"poems/03.03.25","Id":"67c56c28af5f8414375e6066","Srv":"otk","Deleted":false,"Titles":["Первое напоминание, будет этой Весной!"]}
{"Data":{"Next":"poems/03.03.25","NoFooter":false,"PoemOutDict":false,"Titles":null,"Number":"№02 (3211)"},"Active":true,"Catalog":"570ef2fcd07cda3e16f93ef7","Description":"<p class=\"poem\">Вопрос, &laquo;кто я&raquo;, формирует Сознание!<br>\r\nИбо рождение человека, скрывается Тайной!<br>\r\nК человеку, поздно приходит осознание!<br>\r\nЧто есть человек, и что есть Бог: покрыто Тайной!</p>\r\n\r\n<p class=\"poem\">Человек &ndash; это, не только, биология!<br>\r\nСоздатель, повторяет в человеке, Себя!<br>\r\nЧеловек, не понимает эту Бога, логику!<br>\r\nОн, боится, даже, подумать, так про себя!</p>\r\n\r\n<p class=\"poem\">Люди разбросаны по Родам и семьям!<br>\r\nОни приходят в себя, уходя из семьи!<br>\r\nЖизнь человека &ndash; это процесс возмездия,<br>\r\nПрохождения трудностей на Пути!</p>\r\n\r\n<p class=\"poem\">Кажется, что жизнь, коротка, человека!<br>\r\nЭти представления от непонимания!<br>\r\nСохраняется эта Тайна в веках!<br>\r\nК человеку, в конце Пути, приходит Осознание!</p>\r\n\r\n<p class=\"poem\">Оказывается, что человек вечен!<br>\r\nПричём, Вечность &ndash; это окружающий его Мир!<br>\r\nПредполагается и с Создателем его встреча!<br>\r\nКогда открывается, уже, в Вечность ориентир!</p>\r\n\r\n<p class=\"poem\">Человек не понимает и предназначения,<br>\r\nПредназначение в жизни, каждый видит своё!<br>\r\nНо, у человека в жизни проявляется увлечение,<br>\r\nА это проявляется направление уже Моё!</p>\r\n\r\n<p class=\"poem\"><b>Помните, всегда, что Вы, не просто, люди!<br>\r\nВы, и есть Создателя, точная, копия!<br>\r\nВы, сегодня, накануне Великой Прелюдии!<br>\r\nВы, поймёте, что Создатель &ndash; это не Утопия!</b></p>\r\n\r\n<p class=\"poem\"><b>Создатель расширяет, свои возможности!<br>\r\nЭто расширение Бога идёт, через Вас!<br>\r\nЛюди, одновременно, создают и сложности!<br>\r\nНе понимая, что быть в Боге &ndash; это Звёздный час!</b></p>\r\n\r\n<p class=\"poem\">Религии были придуманы, чтобы людей опустить!<br>\r\nОпустить людей-Богов, до низкого уровня!<br>\r\nВласти не хотят, вперёд людей, пропустить,<br>\r\nЭто религии утверждают, что смерть &ndash; это конец дня!</p>\r\n\r\n<p class=\"poem\">Никто не сказал, что продолжение следует!<br>\r\nТолько во снах, приходят к людям подсказки!<br>\r\nВидно в жизни, что никто и никого, не преследует!<br>\r\nПродолжение жизни, в Тонком плане есть сказка!</p>\r\n\r\n<p class=\"poem\">Религии скрывают от людей эту Правду!<br>\r\nТолько на границе Эпох &ndash; это можно узнать:<br>\r\nНа каком уровне Мира, человека ожидает Завтра!<br>\r\nИ как предназначение Бога, следует исполнять!</p>\r\n\r\n<p class=\"poem\">Сегодня, Мессия пример для людей!<br>\r\nОн подтверждает своё воплощение!<br>\r\nОн выбрал правильно Путь из Путей!<br>\r\nОн продолжает Путь, Богу служения!</p>\r\n\r\n<p class=\"poem\">Создатель или Мир Разума есть ВСЁ!<br>\r\nЕсть Мир Космоса и Ваша Вселенная!<br>\r\nСоздатель сказал, что человек &ndash; это продолжение Моё!<br>\r\nЧто человек, как и Я, нетленный!</p>\r\n\r\n<p class=\"poem\">Люди боятся за свою жизнь на Планете!<br>\r\nНо, эта Планета тесна для человечества!<br>\r\nЛюди придумали, из-за этого, слово &laquo;вендетта&raquo;,<br>\r\nЧтобы уравновесить количество людей, на века!</p>\r\n\r\n<p class=\"poem\">Шанс подняться в Небо есть у каждого!<br>\r\nТьма приготовила свой вариант!<br>\r\nЧеловек в жизни, выбирает, что ему важно:<br>\r\nВ Небо подняться или на Планету назад!</p>\r\n\r\n<p class=\"poem\">Человек не хочет понять, что всё продолжается!<br>\r\nОт своего выбора никуда не уйти!<br>\r\nЕсть &laquo;вверх&raquo; и &laquo;вниз&raquo;: два направления движения!<br>\r\nМеняется в жизни человека, выбора амплитуда!</p>\r\n\r\n<p class=\"poem\">Сегодня, перед Россией и Вами стоит выбор!<br>\r\nПока нет Союза, значит, нет в Духе Единения!<br>\r\nЖизнь начинает делать, среди Вас, свой отбор!<br>\r\nЧеловеку, придётся сделать выбор направления!</p>\r\n\r\n<p class=\"poem\">Мессия говорит о Вечности людей в Боге!<br>\r\nНе все верят, что такое бывает!<br>\r\nВ этом году Россия подведёт Итоги!<br>\r\nМессия, для Вас ориентир, ибо знает!</p>\r\n\r\n<p class=\"poem\">Повторяю, у Вас есть шанс подняться в Небо!<br>\r\nВечность, для Вас, сегодня, реальность! <br>\r\nПрошлая эпоха уйдёт скоро в Небыль!<br>\r\nОт выбора зависит Вашего полёта дальность!</p>\r\n\r\n<p class=\"noind\">Да будет Свет Истины!<br>\r\nОтец Абсолют или Высший Космический Разум!</p>\r\n","Files":null,"Date":"2025-03-02T11:34:09.163+03:00","DateChange":"2025-03-02T11:34:47.283+03:00","Link":"poems/02.03.25","Id":"67c41827af5f8414375e6065","Srv":"otk","Deleted":false,"Titles":["У всех есть шанс, подняться в Небо!"]}
{"Data":{"Next":"poems/02.03.25","NoFooter":false,"PoemOutDict":false,"Titles":null,"Number":"№01 (3210)"},"Active":true,"Catalog":"570ef2fcd07cda3e16f93ef7","Description":"<p class=\"poem\">Люди продолжают стремиться к Истине!<br>\r\nПеред людьми, существование в Новой Эпохе!<br>\r\nПротив людей в Духе, сосредоточение Тьмы!<br>\r\nВот, когда надо стоять, до последнего вздоха!</p>\r\n\r\n<p class=\"poem\">Америка пытается перестроить, этот Мир!<br>\r\nТрампу, кажется, что Он, это сможет!<br>\r\nДля людей понятно, что, Создатель, ориентир!<br>\r\nРоссия, помочь в этом США, тоже, сможет!</p>\r\n\r\n<p class=\"poem\">Есть общий, Глобальный, интерес, у США и России!<br>\r\nЕвропа держится, только, за свой интерес!<br>\r\nУ России, есть от Создателя, Мессия!<br>\r\nУ Европы не получается больше, прогресс!</p>\r\n\r\n<p class=\"poem\">Все страны спешат в этой войне!<br>\r\nГлавный интерес свой, а не помощь, Украине!<br>\r\nОпасность развала, сегодня, вдвойне!<br>\r\nОт Украины остались, одни, руины!</p>\r\n\r\n<p class=\"poem\">Зеленский поставил карту Ва-Банк!<br>\r\nОн хочет закрепиться в Европе!<br>\r\nПока, он страну превратил во мрак!<br>\r\nЭкономика Украины, сегодня, на дне!</p>\r\n\r\n<p class=\"poem\">Европа, бесшабашно, тратит бюджет!<br>\r\nНо, бюджет не свой, а, Европы!<br>\r\nУкраина получит, от России ответ!<br>\r\nНет у Украины путей, есть, только тропы!</p>\r\n\r\n<p class=\"poem\">Украина уходит от системы Союза!<br>\r\nНарод решил перебраться, южней!<br>\r\nСильная страна, идёт, теперь, юзом!<br>\r\nЕвропа слаба, а, Украина, ещё слабей!</p>\r\n\r\n<p class=\"poem\">За предательство Родины надо платить!<br>\r\nНельзя было Президента выбирать из Иудеев!<br>\r\nУкраины, теперь, может и не быть!<br>\r\nНет у иудеев, концепции, важнее!</p>\r\n\r\n<p class=\"poem\">Теперь, пойдёт торг за ресурсы!<br>\r\nПридётся платить за долги!<br>\r\nУ Украины очень дорогие ресурсы,<br>\r\nУкраина может, поиграть в займы!</p>\r\n\r\n<p class=\"poem\">Европа может, тоже, сыграть в долг!<br>\r\nЕсть в Мире Ветхие Соглашения!<br>\r\nУкраина в Европе, может устроить, торг!<br>\r\nМожет совершить долгов, перемещение!</p>\r\n\r\n<p class=\"poem\">Теперь, Украине от Европы, уже, не уйти!<br>\r\nУкраина завязла надолго!<br>\r\nЕвропа будет стоять на Её пути!<br>\r\nБудет висеть, многомиллиардный долг!</p>\r\n\r\n<p class=\"poem\">Украина уйдёт от России, навечно!<br>\r\nТрудно, будет стране, обезличенной!<br>\r\nУкраина свою Судьбу проиграла беспечно!<br>\r\nНикто не думал, что это может случиться!</p>\r\n\r\n<p class=\"poem\">Теперь, это уже факт, Истории!<br>\r\nКиев остался в Европе, просто, городом!<br>\r\nИзменятся, на Украине все категории!<br>\r\nБудут не люди Бога, а породы!</p>\r\n\r\n<p class=\"poem\">Россия перешла на Север, добровольно!<br>\r\nЧистота расы, лежит на Северах!<br>\r\nСтрана получит, от Создателя, вольную!<br>\r\nНа Севере, скоро, будет Рай, а не крах!</p>\r\n\r\n<p class=\"poem\">Новая эпоха &ndash; это и Новый климат!<br>\r\nРоссия получит, очень много, Солнца!<br>\r\nУ России от Бога будет иной стандарт!<br>\r\nРоссия &ndash; это в Космос, оконце!</p>\r\n\r\n<p class=\"poem\">Теперь, всё изменится на Планете!<br>\r\nОткроются Новые Горизонты!<br>\r\nЧтобы оценить Россию, не хватит монеты!<br>\r\nУ Европы остаются, только, понты!</p>\r\n\r\n<p class=\"poem\">Откроется Мир богатый на Севере!<br>\r\nКлимат там, будет, намного, теплей!<br>\r\nРоссия поймёт, что, значит, Вера!<br>\r\nСеверная часть России &ndash; это океан страстей!</p>\r\n\r\n<p class=\"poem\">Россия и США построят мост на Аляску!<br>\r\nМежду границами стран, будет коридор!<br>\r\nСеверный Мир превратится в Сказку!<br>\r\nЧукотка и Аляска &ndash; это Экономический простор!</p>\r\n\r\n<p class=\"noind\">Да будет Свет Истины!<br>\r\nОтец Абсолют или Высший Космический Разум!</p>\r\n","Files":null,"Date":"2025-03-01T13:22:24.496+03:00","DateChange":"2025-03-01T13:23:06.066+03:00","Link":"poems/01.03.25","Id":"67c2e00aaf5f8414375e6064","Srv":"otk","Deleted":false,"Titles":["Россия и США построят мост, на Аляску!"]}
{"Data":{"Next":"poems/01.03.25","NoFooter":false,"PoemOutDict":false,"Titles":null,"Number":"№28 (3209)"},"Active":true,"Catalog":"570ef2fcd07cda3e16f93ef7","Description":"<p class=\"poem\">На этом перепутье, нет у людей, никаких, больше, сил!<br>\r\nЧеловечество, впервые, стоит на пороге Новой Эпохи!<br>\r\nНа этот Переход, Бог сразу, всех людей благословил!<br>\r\nЗначит, Вас ожидает, Исторический переход, в Итоге!</p>\r\n\r\n<p class=\"poem\">Люди не понимают, что может с ними, неожиданное, случиться!<br>\r\nЛюди, впервые, при жизни, должны шагнуть, в Тонкий План!<br>\r\nСегодня, людям, очень сложно, в этом точно, определиться:<br>\r\nЧто это для человека: либо, Свобода в Духе, либо, от Тьмы, капкан?</p>\r\n\r\n<p class=\"poem\">Люди, сегодня, продолжают жить, по инерции!<br>\r\nНе понимая, что будет с ними, через Мгновение!<br>\r\nВсе политические разговоры &ndash; это, просто, фикции!<br>\r\nЛюди, не готовы, изменить своё поведение!</p>\r\n\r\n<p class=\"poem\">Люди, продолжают жить в Мире, как они жили!<br>\r\nНичего, для людей, сегодня, не меняется!<br>\r\nЛюдей, военные обстоятельства, совсем, окружили,<br>\r\nТолько, Даль, по словам России, скоро, поменяется!</p>\r\n\r\n<p class=\"poem\">Проявлен, 20 лет назад, Мессия в России, от Бога!<br>\r\nНо, это не вызывает, ни у кого, среди людей, Доверия!<br>\r\nНикто, не понимает, что будет, с человечеством, в Итоге!<br>\r\nЛюди не осознают, что такое слово &laquo;поверье&raquo;!</p>\r\n\r\n<p class=\"poem\">Религии управляют всем Миром, уже очень давно!<br>\r\nПревратившись, в некую в Духе, Мировую власть!<br>\r\nДля людей &ndash; это Таинственное в Духе кино,<br>\r\nПовторяю, для людей &ndash; это религиозная страсть!</p>\r\n\r\n<p class=\"poem\">Создатель предлагает людям, пересмотреть, все условия!<br>\r\nИбо, война &ndash; это разрушение человечества!<br>\r\nВласть или, предержащие власть люди, создали свои сословия!<br>\r\nРоссия, в Духе, начинает, Белое, творить Отечество!</p>\r\n\r\n<p class=\"poem\">К Новым условиям, нужен другой во всём, подход!<br>\r\nЧеловечество шагает, на условиях Бога, в Небо!<br>\r\nЛюди, должны будут, совершить Переход,<br>\r\nКак, люди-Боги, уже, на другой уровень, Неба!</p>\r\n\r\n<p class=\"poem\">Очень трудно, людям будет осознать, что Мир изменится сразу!<br>\r\nСоздатель, требует пройти Переход за Год!<br>\r\nПротив этого Перехода, подготовлена Тьмой, преграда!<br>\r\nИз войны, в Новую Эпоху, трудным будет Переход!</p>\r\n\r\n<p class=\"poem\">Человечество, предполагает, что США – это Мировой Лидер!<br>\r\nТрамп, желает получить Титул, Спасителя Мира!<br>\r\nНо, в Небе есть Суверен и это от Неба, Настоящий Лидер!<br>\r\nЭто, только Он определяет, кто будет для людей, ориентиром!</p>\r\n\r\n<p class=\"poem\">Переход в Новый Мир &ndash; это Решение самого, Неба!<br>\r\nЛюди, даже подумать об этом, не имеют Права!<br>\r\nУ Создателя, есть ко всем людям, требования!<br>\r\nТолько от Бога, человек получает, на это Право!</p>\r\n\r\n<p class=\"poem\">Сегодня, власть России, мешает проявлению Воли!<br>\r\nВласти, считают, что только у них, управление!<br>\r\nСоздатель, будет, Сам решать, какая у людей Доля!<br>\r\nСтрана начала в Боги, своё движение!</p>\r\n\r\n<p class=\"poem\">Создатель, готовит Перехода, Спектакль!<br>\r\nРасписаны на Небе, уже основные Роли!<br>\r\nСегодня, против Создателя, открылся Пентакль!<br>\r\nЛюцифер, не хочет менять, людей долю!</p>\r\n\r\n<p class=\"poem\">Но, так, как есть сейчас, больше в Мире не будет!<br>\r\nВсе, ветхие договорённости, будут разрушены!<br>\r\nЧеловечество, про Пятую Эпоху, забудет!<br>\r\nСистема управления в Мире, будет обрушена!</p>\r\n\r\n<p class=\"poem\">Создателю, нужен человек-Бог, в Духе!<br>\r\nМатерия останется в Прошлой Эпохе!<br>\r\nЗабудьте про всякие, между людьми, слухи!<br>\r\nВас встретят, высокие вибрации, сходу!</p>\r\n\r\n<p class=\"poem\">Создатель начинает очищать этот Мир!<br>\r\nСреди населения, останется, в основном, Россия!<br>\r\nДля Нового человечества, только Создатель, будет ориентир!<br>\r\nУправление, примет на себя, Мессия!</p>\r\n\r\n<p class=\"poem\"><b>Религии, и Ватикан, сдадут все, свои, полномочия!<br>\r\nМессия озвучит Пирамиду Управления!<br>\r\nЛюди увидят Суверена, воочию!<br>\r\nЛюди увидят, наконец, и в Боги движение!</b></p>\r\n\r\n<p class=\"poem\"><b>Повторяю, Шестая Эпоха &ndash; это Новый Мир!<br>\r\nВ этом году надо закончить Перестроение!<br>\r\nТеперь, для людей-Богов Создатель ориентир!<br>\r\nБудет Пирамиды Духа Построение!</b></p>\r\n\r\n<p class=\"noind\">Да будет Свет Истины!<br>\r\nОтец Абсолют или Высший Космический Разум!</p>\r\n","Files":null,"Date":"2025-02-28T11:51:54.725+03:00","DateChange":"2025-02-28T11:52:31.784+03:00","Link":"poems/28.02.25","Id":"67c1794f1b726e9d6ccff58d","Srv":"otk","Deleted":false,"Titles":["Повторяю, Шестая Эпоха – это Новый Мир!"]}
{"Data":{"Next":"poems/28.02.25","NoFooter":false,"PoemOutDict":false,"Titles":null,"Number":"№27 (3208)"},"Active":true,"Catalog":"570ef2fcd07cda3e16f93ef7","Description":"<p class=\"poem\">Люди не знают, что, скоро, будет с ними, дальше!<br>\r\nСоздатель, уже предупредил, о наступлении Шестой Эпохи!<br>\r\nНаступает время, когда Создатель не допустит фальши!<br>\r\nИбо, наступает совершенно, Новая эпоха, для людей, в Итоге!</p>\r\n\r\n<p class=\"poem\">Люди, постоянно, говорят, об изменении концепции проживания!<br>\r\nБыли названы этапы развития в Обществе, капитализма!<br>\r\nПостепенно, поднимается уровень, и человеческого Сознания!<br>\r\nРоссия, после своей революции, предложила этап, социализма!</p>\r\n\r\n<p class=\"poem\">Было сказано, что высшей точкой развития будет коммунизм!<br>\r\nРоссия, бросилась строить, самостоятельно, Общество Равенства!<br>\r\nУчёные России, обратили внимание людей и на Космизм,<br>\r\nКак на Высшую стадию Эволюции Сознания, всего человечества!</p>\r\n\r\n<p class=\"poem\">Россия, без Создателя, не смогла продержаться долго!<br>\r\nСтадия социализма подверглась, внутри населения, атаке!<br>\r\nНет, как оказалось, в любой Идеологии, без Бога, толка!<br>\r\nЛюди не выдержали, сопротивления на них, от Минуса знака!</p>\r\n\r\n<p class=\"poem\">Россия, как страна без Идеологии, потеряла свои позиции!<br>\r\nРеспублики, бывшего Союза разбежались, сразу, по сторонам!<br>\r\nНачалась наступления капитализма, внутри страны, акция!<br>\r\nЛюди, неожиданно, вспомнили, про древнюю войну, с Хазарами!</p>\r\n\r\n<p class=\"poem\">Создатель, в трудное время, всегда помогал России!<br>\r\nРоссии не хватало, в древности, поддержки в Духе!<br>\r\nВ современности, Создатель прислал Ей Мессию!<br>\r\nСоздатель, этим напомнил России, о Новой Идеологии в Итоге!</p>\r\n\r\n<p class=\"poem\">Создатель, постоянно, говорит, что на Кону уже Шестая Эпоха!<br>\r\nСрок Шестой Эпохи &ndash; это, очередные, 26000 лет!<br>\r\nСоздатель, подтвердил, что Россия будет, Первой в Итоге!<br>\r\nИ, что Создателем для России, в Космос будет Билет!</p>\r\n\r\n<p class=\"poem\">Мессия, по заданию Создателя, уже более 20 лет, передаёт Знания!<br>\r\nЗнания, передавались людям, в 2 Этапа!<br>\r\nСначала, почти 15 лет, передавалось глубокое Понимание!<br>\r\nСегодня, в стихах, пошла Знания Создателя, кантата!</p>\r\n\r\n<p class=\"poem\">Создатель, отметил, что есть среди людей, положительный результат!<br>\r\nЛюди поняли свою Судьбу, и, свою, от Создателя, задачу!<br>\r\nЛюди готовят, условий Новой жизни, для людей, Трактат!<br>\r\nНачалась, людям Знаний, от Создателя, передача!</p>\r\n \r\n<p class=\"poem\">Сегодня, Знания или информация, в стихах &ndash; это для Сознания!<br>\r\nЭти стихи передаются для людей, уже по две книги в год!<br>\r\nК России, пришло Судьбы Великой, осознание!<br>\r\nНаступает, для всего человечества, Эпохальный год!</p>\r\n\r\n<p class=\"poem\">Теперь, для людей, готовится уже платформа Космизма!<br>\r\nЧеловек, пока не может, соревноваться с Богом!<br>\r\nСоздатель, доказал, что без Духа, человек не построит &laquo;Изм&raquo;!<br>\r\nРазногласия в Идеологиях, будут войной людей, в Итоге!</p>\r\n\r\n<p class=\"poem\">Наступило время, для того, чтобы объяснить, людям, что будет?<br>\r\nСоздатель, уже говорил об перспективах Сознания, эволюции!<br>\r\nЧеловек в Вечности, никогда и ничего не забудет!<br>\r\nБольше не нужна, и никогда для людей, революция!</p>\r\n\r\n<p class=\"poem\">Россия, первая, подошла к Последней стадии!<br>\r\nКоммунизм, без Бога, построить, нельзя!<br>\r\nРеволюция, для людей &ndash; это ошибка или оказия!<br>\r\nБогом, будет показана, Новая, совершенно, стезя!</p>\r\n\r\n<p class=\"poem\">Наступает, Новая Эпоха, уже Высоких вибраций!<br>\r\nРоссия, со Знаниями Бога, понимает, что это!<br>\r\nНачинается Преображения Сознания акция!<br>\r\nСоздатель, открывает для России, в Великий Космос, окно!</p>\r\n\r\n<p class=\"poem\">Создатель, уже подписал Договор, со Святой Россией!<br>\r\nТеперь, определены условия, для людей, Перехода!<br>\r\nСоздатель, в качестве Спасителя Мира, назначил Мессию!<br>\r\nОн откроет для людей-Богов, в Космос, полёт!</p>\r\n\r\n<p class=\"poem\">Люди перейдут для этого в Новые, совершенно, тела!<br>\r\nЛюди будут жить в Духе, а не в Материи!<br>\r\nЧеловек будет вечен, но уже в форме сферы!<br>\r\nЛюди, не должны опасаться, никакой потери!</p>\r\n\r\n<p class=\"poem\">Все, кто ушли из этой жизни, вас давно ожидают!<br>\r\nПеред Вами, откроется Божественная Бесконечность!<br>\r\nСоздатель, освободит всех людей от всех пут!<br>\r\nВы будете, как и Создатель, сама Вечность!</p>\r\n\r\n<p class=\"poem\">Людей ожидает Новый Мир, Россия это, покажет!<br>\r\nЛюди, поймут, что иного пути, для них уже нет!<br>\r\nСоздатель, правила поведения, всем людям расскажет!<br>\r\nЧеловек получит от Бога, в Космос, Билет!</p>\r\n\r\n<p class=\"poem\">На Планете не будет стран, а, будет, Пространство Одно!<br>\r\nВеликое Пространство Разума, будет, как Бог!<br>\r\nБудет Октаэдр, как элементарное в Небе, звено!<br>\r\nЭто будет Первый и Исторический, для людей, Итог!</p>\r\n\r\n<p class=\"noind\">Да будет Свет Истины!<br>\r\nОтец Абсолют или Высший Космический Разум!</p>\r\n","Files":null,"Date":"2025-02-27T12:48:35.8+03:00","DateChange":"2025-02-27T12:49:07.137+03:00","Link":"poems/27.02.25","Id":"67c0351332757ded3ef5553f","Srv":"otk","Deleted":false,"Titles":["Людей ожидает Новый Мир, Россия, это покажет!"]}
{"Data":{"Next":"poems/27.02.25","NoFooter":false,"PoemOutDict":false,"Titles":null,"Number":"№26 (3207)"},"Active":true,"Catalog":"570ef2fcd07cda3e16f93ef7","Description":"<p class=\"poem\"><b>Все люди Мира знают, что у России есть от Бога Миссия!<br>\r\nРоссия должна спасти Мир и шагнуть, Первой, в Космос!<br>\r\nСоздатель уже 20 лет, назад, выдвинул Своего Мессию!<br>\r\nЭто России, в Царство Небесное, Её Первый взнос!</b></p>\r\n\r\n<p class=\"poem\">Никто не хочет в это верить, ибо у каждого свой интерес!<br>\r\nНо, кто-то понимает, что это, для России, Её Судьба!<br>\r\nСегодня, в конце Пятой Эпохи, на стороне Люцифера, перевес!<br>\r\nНо, Создателем, уже формируется особая, для России, стезя!</p>\r\n\r\n<p class=\"poem\">К Моменту перехода людей в Новый Мир, случилась для них беда!<br>\r\nИбо, Тьма Мировая, стравила Россию с Украиной!<br>\r\nНачалась, спланированная Тьмой, Славян Мировая война!<br>\r\nОбстановка, до конца века, не ожидает, стать мирной!</p>\r\n\r\n<p class=\"poem\">Планета, неожиданно, была разделена на две стороны!<br>\r\nСоздатель, традиционно, на стороне России!<br>\r\nМир несёт на этой войне, огромные, человеческие, уроны!<br>\r\nХотя, от лица России, Договор с Создателем, подписал Мессия!</p>\r\n\r\n<p class=\"poem\">После этого, положение, резко, изменилось в пользу России!<br>\r\nТеперь Создатель защищает Россию, персонально, от Тьмы!<br>\r\nЛюди помнят, что Россия несёт Спасителя Мира Миссию!<br>\r\nПоэтому, Россия организовала Школы Творца Сессию!</p>\r\n\r\n<p class=\"poem\">Россия организовала внутри, все необходимые действия!<br>\r\nСоздатель, тоже, проявлен на Сцене Мировой Истории!<br>\r\nОбычно, любая война, несёт на себе следствия,<br>\r\nНо, эта война, должна закончиться, людей-Богов, категорией!</p>\r\n\r\n<p class=\"poem\">Россия начинает приближаться к своей Идее Космизма!<br>\r\nВ условиях Пятой Эпохи &ndash; это была нереальная Цель!<br>\r\nРоссия планирует использовать, опыт строения Коммунизма!<br>\r\nСоздатель, больше не позволит России сесть на Мель!</p>\r\n\r\n<p class=\"poem\">Россия приняла Слова Бога, как Основу Послания!<br>\r\nМессия от Бога передаёт Знания, уже, более, 20 лет!<br>\r\nНо, люди вспоминают Создателя, только при оказиях,<br>\r\nРоссия, уже не раз давала Богу Клятву и давала Обет!</p>\r\n\r\n<p class=\"poem\">Война продолжается на территории России и Украины!<br>\r\nДля большинства Русских &ndash; эта война от Руси, далеко!<br>\r\nТерритория Украины &ndash; это России окраина!<br>\r\nДля Европы &ndash; это в Мир России, всегда, как, окно!</p>\r\n\r\n<p class=\"poem\"><b>Идёт, неожиданный, передел Святой территории!<br>\r\nНельзя, любую часть страны, продавать за гроши!<br>\r\nБог поставил перед Россией, задачу Космологии!<br>\r\nНо, для бездуховного Народа, нет тяжелее Ноши!</b></p>\r\n\r\n<p class=\"poem\">Уже не соединить, никак, Россию и Украину!<br>\r\nНужны поколения, Единения народов в Духе!<br>\r\nБез Создателя не собрать всех, в Одну страну!<br>\r\nНе хватит времени на это, даже Целой Эпохи!</p>\r\n\r\n<p class=\"poem\"><b>Разрушить Мир, очень легко, но, соединить трудно!<br>\r\nВойна Славян, для народов Европы, просто, кино!<br>\r\nУкраина, как Народ, опустилась совсем на дно!<br>\r\nНа власти Союза &ndash; эта Историческая вина!</b></p>\r\n\r\n<p class=\"poem\"><b>Россия должна объявить от Создателя позицию!<br>\r\nЭто Право принадлежит, от Бога, Мессии!<br>\r\nЭто для Него есть КРЕСТ Спасителя или акция!<br>\r\nРоссия должна доказать, человечеству, свою Миссию!</b></p>\r\n\r\n<p class=\"poem\">Россия, сегодня, хвалит свою власть!<br>\r\nРоссия, опустилась до уровня рабов в Духе!<br>\r\nТолько, изредка, в Душах людей, кипит страсть!<br>\r\nРоссия должна открыть Путь в Новый Мир, не слухи!</p>\r\n\r\n<p class=\"poem\">Главное, для России &ndash; это слышать слова Создателя!<br>\r\nЭто Он, планирует вывести Россию, на уровень Неба!<br>\r\nЛюди-Боги из России &ndash; это Созидатели!<br>\r\nЛюди-Боги из России, пока, ещё, Небыль!</p>\r\n\r\n<p class=\"poem\">Россия, должна захотеть, проявить свою Волю!<br>\r\nЖелание и хотение, должны быть, как в Сказке!<br>\r\nРоссия должна, очень захотеть, изменить Мира Долю!<br>\r\nРоссия должна видеть, Далёкий Космос, без маски!</p>\r\n\r\n<p class=\"poem\">Россия перейдёт в Новый Мир всё равно!<br>\r\nУ людей, не должно быть, никаких сомнений!<br>\r\nРоссия к Равенству и СоТворчеству с Богом, идёт давно!<br>\r\nЭто будет для человечества, как Эпохальное достижение!</p>\r\n\r\n<p class=\"poem\">Вам надо захотеть, убрать власти сопротивление!<br>\r\nНадо дать человечеству Направление!<br>\r\nОсновой всего есть с Создателем, в Духе, Единение!<br>\r\nВ Космос будет людей-Богов движение!</p>\r\n\r\n<p class=\"noind\">Да будет Свет Истины!<br>\r\nОтец Абсолют или Высший Космический Разум!</p>\r\n","Files":null,"Date":"2025-02-26T12:49:06.298+03:00","DateChange":"2025-02-26T12:49:39.654+03:00","Link":"poems/26.02.25","Id":"67bee3b30d5496fc4e2ba488","Srv":"otk","Deleted":false,"Titles":["Россия должна захотеть, проявить Волю!"]}
{"Data":{"Next":"poems/26.02.25","NoFooter":false,"PoemOutDict":false,"Titles":null,"Number":"№25 (3206)"},"Active":true,"Catalog":"570ef2fcd07cda3e16f93ef7","Description":"<p class=\"poem\">Мир продолжает воевать, как ни в чём не бывало!<br />В сражение, против России, включены все!<br />Люди делают всё, чтобы Нового Мира не стало!<br />Не получается, Новую Эпоху открыть к Весне!</p>\n<p class=\"poem\">Создатель решил очистить этот Мир от власти!<br />Люди показали, что управление им не по зубам!<br />Люди уже поднимаются против власти, вместе!<br />Властям, придётся подчиниться, Божьим узам!</p>\n<p class=\"poem\">Бог объявит, что Право управления у Него!<br />Пятая Эпоха &ndash; это неиспользованная возможность!<br />Казалось, что Бог дал людям, Право управления, Мира сего!<br />Но, для людей, это оказалась, большой сложностью!</p>\n<p class=\"poem\">Примеров, неправильного управления людьми, много!<br />Это, прежде всего, Европа, США и Россия!<br />Власть, свои обязанности понимает, очень плохо!<br />Может, спасти, эту ситуацию, только от Бога, Мессия!</p>\n<p class=\"poem\">Создатель отбирает, все эти Права, у властей!<br />Народ должен, вновь, повторить и обосновать, выборы!<br />Надо ликвидировать Право управления у людей!<br />Люди, с кривым Сознанием, не готовы к выборам!</p>\n<p class=\"poem\">Если такие люди, потеряют управление!<br />Можно будет подобрать Правильный Путь!<br />Значит, можно выбрать к Богу направление!<br />Чтобы, каждого Народа, была видна Суть!</p>\n<p class=\"poem\">Нельзя претендовать на территорию, не меняя строй!<br />Нужно, в этом Мире, остановить силовой разбой!<br />Народ должен понимать, что он будет строить!<br />В этом году, должен быть остановлен, Последний бой!</p>\n<p class=\"poem\">Последние выборы в Мире, показали бессилие!<br />У властей, всегда есть свой интерес!<br />Миром, накануне Перехода, правит насилие!<br />Власти планируют Пространственные нарезы!</p>\n<p class=\"poem\">Всё это, противоречит, Целям и Идеологии, Создателя!<br />Создатель планирует в Шестую Эпоху переход!<br />Россия, по Планам Бога, Мира Нового, Основатель!<br />Ей, суждено в Шестую Эпоху, открыть Вход!</p>\n<p class=\"poem\">На Кону, стоит изменение Сознания людей!<br />Власть, должна уступить, Народу, Новые выборы!<br />Поверьте, накануне Шестой Эпохи, это всего, важней!<br />Мало времени, остаётся для людей, на сборы!</p>\n<p class=\"poem\">Два Процесса должны пройти вместе:<br />Выборы и определение Нового направления!<br />Россия выбрана Богом, управления Местом!<br />Откуда будет формироваться, в Боги движение!</p>\n<p class=\"poem\">Создатель поменяет Сознание всех людей!<br />Значит, Сознание, всего человечества!<br />Должно пройти, время ненужных, страстей!<br />Россия, начнёт строить, Белое в Духе Отечество!</p>\n<p class=\"poem\">Два таких Проекта займут, половину года!<br />Создатель подготовит Сознание, многих!<br />Должно, произойти, изменение Русского Рода!<br />Но, это не может произойти за Миг!</p>\n<p class=\"poem\">К Началу Шестой Эпохи, надо изменить,<br />Власть и Сознание, самого, человека!<br />Людям придётся, про Россию помнить,<br />На Ней лежит, управление, Новым веком!</p>\n<p class=\"poem\">Важная задача &ndash; это прекращение войны!<br />Новое Сознание людей, предназначено, для этого!<br />Создатель, больше не допустит бойни!<br />Для Суверена, любая война &ndash; это не метод!</p>\n<p class=\"poem\"><strong>До конца, этого года, должен измениться Мир:<br />Не будет власти, есть Новый Путь, и нет войны!<br />В этом заключается, проявление Моей Воли и Ваш ориентир!<br />Люди почувствуют, начало высокочастотной, волны!</strong></p>\n<p class=\"poem\"><strong>Создатель начинает Переход, с людей Сознания!<br />Каждому человеку придёт, такая информация!<br />Жизнь каждого человека &ndash; это Бога стяжание!<br />Бог предложит, людям, в Вечности, пролонгацию!</strong></p>\n<p class=\"poem\"><strong>Право управления, Бог передаст Мессии!<br />Россия, точно знает, что произойдёт с Ней!<br />Началась в Школе Творца Сессия!<br />Жизнь человека, будет в тысячи лет длиной!</strong></p>\n<p class=\"noind\">Да будет Свет Истины!<br />Отец Абсолют или Высший Космический Разум!</p>","Files":null,"Date":"2025-02-25T11:49:30.977+03:00","DateChange":"2025-02-25T17:40:00.533+03:00","Link":"poems/25.02.25","Id":"67bd8445e02c5cc8e683f9ae","Srv":"otk","Deleted":false,"Titles":["Создатель начинает Переход, с людей Сознания!"]}
