{"Data":{"Next":null,"NoFooter":false,"PoemOutDict":false,"Titles":null,"Number":"№10 (3191)"},"Active":true,"Catalog":"570ef2fcd07cda3e16f93ef7","Description":"<p class=\"poem\">Мир катится к пропасти, Эпоха будет, другая!<br>\r\nЛюди понимают, что намечается уже катастрофа!<br>\r\nОбстановка, в любом случае, будет не такая!<br>\r\nПотеряется этого Мира, для людей Основа!</p>\r\n\r\n<p class=\"poem\">Тысячи лет, всё было понятно людям!<br>\r\nСегодня, Сознание людей, вдруг, потерялось!<br>\r\nСегодня, Мировой катастрофы прелюдия!<br>\r\nДвижение людей к Богу, остановилось!</p>\r\n\r\n<p class=\"poem\">Создатель планирует остановить вакханалию!<br>\r\nНо, люди, продолжают, воевать за своё!<br>\r\nБессмысленная продолжается баталия!<br>\r\nКаждая из сторон, защищает, только своё!</p>\r\n\r\n<p class=\"poem\">Всё идёт к переделу Мира, по Правилам Тьмы!<br>\r\nНа стороне Тьмы, на этой войне, перевес!<br>\r\nИдёт, строительство Мировой тюрьмы,<br>\r\nЛюди ожидают, участия в этом, только, Небес!</p>\r\n\r\n<p class=\"poem\">На такую помощь, может рассчитывать Россия!<br>\r\nНо, власть страны, смотрит в другую сторону!<br>\r\nЕй наплевать, что есть в стране от Бога Мессия!<br>\r\nПо Её мнению, страна победит, даже при таком уроне!</p>\r\n\r\n<p class=\"poem\">Люди забывают, что подошла Эпоха Преображения!<br>\r\nЧеловечество, в большинстве, не пройдёт переход!<br>\r\nНет, на Руси, никакого к Богу движения!<br>\r\nОбращение России к Богу &ndash; это Её последний Ход!</p>\r\n\r\n<p class=\"poem\">Россия, поняла Смысл своего Обращения к Богу!<br>\r\nНужно уберечь людей, от Теневого Сознания!<br>\r\nТакое Обращение, привлечёт положительные, Итоги!<br>\r\nОбращение &ndash; это о Просьбе людей, напоминание!</p>\r\n\r\n<p class=\"poem\">Посмотрите, что будет с Вами, если будет Парад?<br>\r\nРоссия, просьбу должна, прокричать от Души!<br>\r\nДолжен быть, разрушен сопротивления каскад!<br>\r\nСоздатель хочет, это в Небе послушать!</p>\r\n\r\n<p class=\"poem\">Параллельно с Просьбой, люди должны меняться!<br>\r\nМеняться, значит, начать изменения в Духе!<br>\r\nЧеловеку, от Воли Создателя, не спрятаться!<br>\r\nЧеловек не зависит от Бога &ndash; это слухи!</p>\r\n\r\n<p class=\"poem\">России не на кого надеяться, в США шторм!<br>\r\nИдёт торг, за условия перемирия!<br>\r\nНет, никакой, понятной для всех нормы!<br>\r\nНе получается в Мире, без войны идиллии!</p>\r\n\r\n<p class=\"poem\">В этих спорах, каждая сторона за себя!<br>\r\nЕсли нет договорённости, то будет отстрел!<br>\r\nСША и Россию может погубить, неправильная стезя!<br>\r\nТогда, Создатель возьмётся за передел!</p>\r\n\r\n<p class=\"poem\">Повторяю, все говорят не о Мире, а, об условиях!<br>\r\nКаждая, из сторон, выбирают, для себя, выгоду!<br>\r\nКроме властей, ввязались  и Тайные сословия!<br>\r\nНо, ничего не получится у Тьмы, в этом году!</p>\r\n\r\n<p class=\"poem\"><b>Россия, год назад, подписала Договор с Богом!<br>\r\nДоговор, подписан на Тонком плане!<br>\r\nРоссия, будет спасена, Создателем в Итоге!<br>\r\nРазрушены будут все Тайные кланы!</b></p>\r\n\r\n<p class=\"poem\"><b>В Новой Эпохе, от прошлого, нет ничего!<br>\r\nВластей не будет и не будет религий!<br>\r\nВатикан, может подставить, религии России плечо!<br>\r\nУбрав прошлую Ложь и людей вериги!</b></p>\r\n\r\n<p class=\"poem\"><b>История Мира хранится у Ватикана в анналах!<br>\r\nОткрытие Истории перевернёт людей Сознания!<br>\r\nПравда, от Ватикана пройдёт, по всем каналам!<br>\r\nОткроется, перед людьми, Правды понимание!</b></p>\r\n\r\n<p class=\"poem\"><b>Теперь, Планете поможет Бог и, открытая, Правда!<br>\r\nВыстроенные властями, Законы Мира, разлетятся!<br>\r\nШестая Эпоха, во главе с Россией &ndash; это Завтра!<br>\r\nЛюди в Духе, неожиданно, соединятся!</b></p>\r\n\r\n<p class=\"poem\"><b>Ватикан должен собрать Вселенский Собор!<br>\r\nВатикан объявит в Мире Божественную Монархию!<br>\r\nВ конце этого года, прекратится людей отбор!<br>\r\nСуверен, назовёт Имя от Бога Монарха!</b></p>\r\n\r\n<p class=\"noind\">Да будет Свет Истины!<br>\r\nОтец Абсолют или Высший Космический Разум!</p>\r\n","Files":null,"Date":"2025-02-10T11:31:58.526+03:00","DateChange":"2025-02-10T11:32:30.358+03:00","Link":"poems/10.02.25","Id":"67a9b99e2728209c59388cec","Srv":"otk","Deleted":false,"Titles":["Теперь, Планете поможет Бог и, открытая, Правда!"]}
{"Data":{"Next":"poems/10.02.25","NoFooter":false,"PoemOutDict":false,"Titles":null,"Number":"№09 (3190)"},"Active":true,"Catalog":"570ef2fcd07cda3e16f93ef7","Description":"<p class=\"poem\">Люди, напрасно, переживают о Переходе, заранее!<br>\r\nНикто, не объяснял, что случается с человеком, Там!<br>\r\nЧеловек, в Плотном плане, есть объект Материи!<br>\r\nЧеловек, в Тонком плане, весит, лишь, один грамм!</p>\r\n\r\n<p class=\"poem\">Человек, обычно, прощается с телом, переходя!<br>\r\nНо, Сознание никогда, не прощается с человеком!<br>\r\nВ Небе, из Октаэдров состоят, совсем другие, моря!<br>\r\nТам, Октаэдры уравновешиваются, навеки!</p>\r\n\r\n<p class=\"poem\">Создатель, предлагает подумать над Формой!<br>\r\nОктаэдр, уравновешивает всё, на этом Свете!<br>\r\nДаже, сталь, из блоков такой, восьмиугольной нормы!<br>\r\nИ Равенство людей, обеспечивается, в таком пакете!</p>\r\n\r\n<p class=\"poem\">Человек, подготовлен, для такого существования!<br>\r\nВ Природе, для человека необходимы условия!<br>\r\nПро Небо или Космос, у Бога, другое повествование!<br>\r\nНет, в Космическом Пространстве, никаких сословий!</p>\r\n\r\n<p class=\"poem\">Вы знаете, Суть эволюции, по типу матрёшки!<br>\r\nВсе, частицы Октаэдра, соединяются в Великое Целое!<br>\r\nВ этом море Вечности, нет для Октаэдров, никакой качки!<br>\r\nВот, когда Единое человечество, бывает Белым!</p>\r\n\r\n<p class=\"poem\">Октаэдр &ndash; это условие Равенства в движении!<br>\r\nУчёные были правы: Вселенная, постоянно, расширяется!<br>\r\nЭто и есть покой Вечного перемещения!<br>\r\nВ этом Мире, Энергия Любви, всегда, развивается!</p>\r\n\r\n<p class=\"poem\">В Плотном плане, все тела, нельзя, сложить ровно!<br>\r\nОктаэдры, складываются в Целое, просто!<br>\r\nОктаэдр &ndash; это концентрированное Энергии ядро!<br>\r\nМежду Создателем и Его Творениями &ndash; это Мост!</p>\r\n\r\n<p class=\"poem\">Сознание, существует в теле человека и есть в Октаэдре!<br>\r\nСознание, не зависит от формы существования!<br>\r\nОктаэдр лучше, чем округлая форма в ядре!<br>\r\nОктаэдр, складываясь, меняет своё состояние!</p>\r\n\r\n<p class=\"poem\">Поэтому, напрасны людей страхи или опасения!<br>\r\nЧеловек, при высоких вибрациях, меняет форму!<br>\r\nПроизойдут, тела человека, внешние, изменения!<br>\r\nЧеловек, в форме Октаэдра &ndash; это человека-Бога Норма!</p>\r\n\r\n<p class=\"poem\">Посмотрите, как кипит, неуравновешенный, Мир!<br>\r\nВ Плотном плане, неравных тел, не договориться!<br>\r\nВойна на Планете &ndash; это, совсем, не ориентир!<br>\r\nЧеловек, Шестой Эпохи, в Космосе растворится!</p>\r\n\r\n<p class=\"poem\">Если нет согласия, можно собрать Октаэдр!<br>\r\nСознание человека, в любой форме, никто не отменял!<br>\r\nНе получается, только из треугольников, Пентакль!<br>\r\nЧеловек, не понимающий Матрицу Мира, всегда страдал!</p>\r\n\r\n<p class=\"poem\">Матрица из Октаэдров, предложение для России!<br>\r\nУ Израиля нет, такого, постоянства!<br>\r\nРоссия предложила Матрицу и, от Бога, ей, Мессию!<br>\r\nУ России &ndash; равенство, а у Израиля &ndash; стадность!</p>\r\n\r\n<p class=\"poem\">Пора, готовить людей к Переходу!<br>\r\nСША не понимает свою, от Бога, задачу!<br>\r\nТрампу в стране не дают, никакого, ходу!<br>\r\nВ команде Трампа, нет никакой передачи!</p>\r\n\r\n<p class=\"poem\">Все народы, спешат поменять платформу!<br>\r\nНо, решение этой задачи, спрятано в Идеологии!<br>\r\nКапитал не знает, что такое, для людей, норма!<br>\r\nУ капитала, неправильная или алчная, психология!</p>\r\n\r\n<p class=\"poem\">Люди Мира, помнят Союз, как направление движения!<br>\r\nЧеловек, как часть Создателя, мечтает о Равенстве!<br>\r\n73 года продержалось в Союзе Единение!<br>\r\nВласть развернула страну, в полное, рабство!</p>\r\n\r\n<p class=\"poem\">Теперь, Россию, как и всех, в капитализме, уже, не спасти!<br>\r\nДоговор с Богом &ndash; это дань Идеологии!<br>\r\nРоссия, стоит, сегодня, на краю пропасти!<br>\r\nНадо, срочно, исправлять жизни такой, психологию!</p>\r\n\r\n<p class=\"poem\">Теперь, вся Надежда людей, только, на Создателя!<br>\r\nСоздатель подписал Договор, навечно, с Россией!<br>\r\nБог стал Школы Творца Созидателем!<br>\r\nБог, для России, из Своих списков, нашёл Мессию!</p>\r\n\r\n<p class=\"poem\">Теперь, Россия готова и пропал страх!<br>\r\nПереход, не отразится на Сознании человека!<br>\r\nТьме и капиталу придёт, скоро, полный, крах!<br>\r\nК России придёт, Великой Судьбы, понимание!</p>\r\n\r\n<p class=\"noind\">Да будет Свет Истины!<br>\r\nОтец Абсолют или Высший Космический Разум!</p>\r\n","Files":null,"Date":"2025-02-09T11:46:56.436+03:00","DateChange":"2025-02-09T11:47:22.752+03:00","Link":"poems/09.02.25","Id":"67a86b9a2728209c59388ce8","Srv":"otk","Deleted":false,"Titles":["Теперь, Россия готова, и пропал страх!"]}
{"Data":{"Next":"poems/08.02.25","NoFooter":false,"PoemOutDict":false,"Titles":[],"Number":"№07 (3188)"},"Active":true,"Catalog":"570ef2fcd07cda3e16f93ef7","Description":"<p class=\"poem\">Люди и Мир на границе Эпох &ndash; это, значит, Преображение!<br />Россия, пока, не может ничего, людям, предложить!<br />Остановилось на Планете к Богу, всякое, передвижение!<br />Россия не может, из прошлого, Новую Идеологию сложить!</p>\n<p class=\"poem\">Начинается на Планете, перетягивание каната!<br />Только, никто из людей, не понимает в какую сторону!<br />Уже гремит, прощальная со всех сторон, канонада!<br />Разрозненные действия сторон, ведут Планету к урону!</p>\n<p class=\"poem\">Трамп, старается, как-то, поменять в Мире обстановку!<br />Но, для Него приемлемо, только силовое давление!<br />У Него не получится, изменить Спектакль или Постановку!<br />Не получится, превратить это, и в Небесное проявление!</p>\n<p class=\"poem\">Сегодня, Судьбу Мира хочет изменить Америка!<br />Но, не могут люди, в этом Мире, что-нибудь изменить!<br />Трамп, своей спешкой, навивает, только, истерику!<br />Создатель, Трампа, давно, своей меткой, смог пометить!</p>\n<p class=\"poem\">Сколько раз, Создатель предупреждал, что Трамп, спешит!<br />Предыдущий Президент, тоже, очень спешил!<br />Трамп, Плотный план, скоро, Сам его уничтожит!<br />Но, его действия Создатель, уже давно опередил!</p>\n<p class=\"poem\">Создатель, рассчитывал, на разум Трампа!<br />Но, команда Администрации, вокруг Него оказалась, слабее!<br />Для Него, лично, очень важна, Мировая рампа!<br />Личное благосостояние, для власти капитала, важней!</p>\n<p class=\"poem\">Зеленский показал, как надо тянуть из капитала, деньги!<br />Трамп, тоже, не готов деньгами, швырять!<br />Для Трампа, начинаются, уже, Исторические дни!<br />Трамп, хочет, свой, собственный Путь, обосновать!</p>\n<p class=\"poem\">Но, в Мире, никто не хочет такого Трампа, слушать!<br />Трамп, хочет поставить, на колени Славян!<br />Америка планирует, непокорных Славян, душить!<br />В ответ, Славяне не хотят, условия Трампа принять!</p>\n<p class=\"poem\">Мир не планирует, Президенту США, подчиниться!<br />У Трампа, нет понятной Миру позиции!<br />Президент России, тоже, пока не определился!<br />Трамп, на Россию, будет усиливать свою акцию!</p>\n<p class=\"poem\">Как, сказал Создатель, что есть ещё время до Марта!<br />Война, продолжается в Мире, пока, по-старому!<br />Трамп разрабатывает Сценарий, уже Нового старта!<br />Не получится, у Него решить эту Проблему, даром!</p>\n<p class=\"poem\">Трамп, хочет положить Славян, сразу, на лопатки!<br />Этот год, объявлен Богом, годом решающим!<br />У, Трампа, конечно, Мирового Лидера, есть задатки!<br />Но, этот Год, для Суверена, тоже определяющий!</p>\n<p class=\"poem\">У Суверена &ndash; это Год, определяющий, ибо ждёт Россия!<br />Она подписала Договор с Богом, навечно!<br />Отвечает за Дух России, от Бога Мессия!<br />Создатель, не позволит Западу, нанести Руси увечье!</p>\n<p class=\"poem\">Теперь, Создатель, усилит на Запад давление!<br />Бог услышал крик Сердца России!<br />Россия &ndash; это есть Создателя проявление!<br />Должен спасти людей, Планеты, Мессия!</p>\n<p class=\"poem\">Запад, не слышит, кроме Ватикана, от Создателя Вести!<br />Повторяю, согласно, Договора, Бог будет Русь защищать!<br />Поменяется управление на Руси, будет об этом Известие!<br />Россия не имеет, Права, Мир таким оставлять!</p>\n<p class=\"poem\">Создатель, обратил, на Трампа, своё внимание!<br />Но, у Него нет масштаба, такого, как у Мессии!<br />У Него нет Планетарного, на Мир, понимания!<br />Пока, Он ещё не понимает, свою, от Бога, Миссию!</p>\n<p class=\"poem\">К Марту, Трамп, должен будет созреть, в Духе!<br />Это, важно, ибо Трамп в Духе и по крови, есть Русский!<br />Разные о Трампе по Миру, ходят слухи,<br />Ибо, Он обладает Натурой широкой, а не узкой!</p>\n<p class=\"poem\">Создатель, даёт время, точнее Год, на всё!<br />Люди должны изменить своё мнение!<br />Трамп должен поддержать предложение, уже Моё!<br />Он должен Весной изменить сильно, своё поведение!</p>\n<p class=\"noind\">Да будет Свет Истины!<br />Отец Абсолют или Высший Космический Разум!</p>\n\n<div class=\"next\"><a name=\"2\"></a>\n<h1><span class=\"date\">07.02.2025 </span>Катрен №07 (3188) &ldquo;Дополнение!&rdquo;</h1>\n</div>\n\n<p class=\"poem\">Слово Правды &ndash; это число!<br />Ложь не имеет, никакой, формы!<br />Разные слова в Духе &ndash; это Одно!<br />Существования, Создателя Норма!</p>\n<p class=\"poem\">Мысль &ndash; это число в Небе!<br />Число творит или уничтожает!<br />Мысль &ndash; всегда формирует Быль!<br />Лживая Мысль, жизнь, уменьшает!</p>\n<p class=\"poem\">Успех людей &ndash; это Матрица!<br />Число переходит в Форму!<br />Вы &ndash; Нового Мира страница!<br />Вы &ndash; людей-Богов, теперь, Норма!</p>\n<p class=\"noind\">Создатель!</p>","Files":null,"Date":"2025-02-07T13:00:37.233+03:00","DateChange":"2025-02-08T14:07:49.898+03:00","Link":"poems/07.02.25","Id":"67a5d9e52728209c59388cdc","Srv":"otk","Deleted":false,"Titles":["Создатель даёт время, точнее, год на всё!"]}
{"Id":"62195b9e5d5a11c6eb22ae89","Deleted":false,"Active":false,"DateChange":"2025-02-08T14:01:54.151+03:00"}
{"Data":{"Next":"poems/09.02.25","NoFooter":false,"PoemOutDict":false,"Titles":null,"Number":"№08 (3189)"},"Active":true,"Catalog":"570ef2fcd07cda3e16f93ef7","Description":"<p class=\"poem\">У каждого человека есть Крест Судьбы!<br>\r\nТолько не каждый знает, что это такое!<br>\r\nПеред Богом всегда стоит людей гурьба!<br>\r\nОни не оставят Создателя, никогда, в покое!</p>\r\n\r\n<p class=\"poem\">Людям, кажется, что они знают свой Путь!<br>\r\nНо, быт не даёт людям сосредоточиться!<br>\r\nЧеловек, не может, стать Богом, и в этом, Суть!<br>\r\nЗначит, он не может, и, с Судьбой определиться!</p>\r\n\r\n<p class=\"poem\">Судьба, бросает человека в это Море!<br>\r\nКто-то в глубине Моря, а, кто-то на берегу!<br>\r\nЧеловек в этих условиях, должен проявить Волю!<br>\r\nЧеловеку без Воли, Я, никогда, не помогу!</p>\r\n\r\n<p class=\"poem\">Люди, стараются сохранить жизнь, любым способом!<br>\r\nНо, жизнь коротка и, увы, бесполезна!<br>\r\nЧеловек, может стучаться, об стену лбом!<br>\r\nПросьба о помощи, для него неизбежна!</p>\r\n\r\n<p class=\"poem\">Кому-то, с условиями повезло, а кому-то нет!<br>\r\nЖизнь у людей протекает, совсем, не праздно!<br>\r\nВ Вечность, каждый человек имеет Билет!<br>\r\nНо, человек к Богу за Билетом, идёт по-разному!</p>\r\n\r\n<p class=\"poem\">Бывают, единые, для всех людей, условия Эпохи!<br>\r\nНо, у каждого человека, всегда, свой багаж!<br>\r\nНикогда не бывают, единые, для всех потоки,<br>\r\nУ ворот Рая, всегда, стоит строгая Стража!</p>\r\n\r\n<p class=\"poem\">Китай говорит, что плохо жить, в Эпоху перемен!<br>\r\nРоссия считает, что лучше шагнуть в Новое!<br>\r\nМежду, Светом и Тьмой всегда, важен обмен!<br>\r\nВ этом случае, цена за жизнь &ndash; это совсем другое!</p>\r\n\r\n<p class=\"poem\">До этой войны, в Мире всё шло, по порядку!<br>\r\nНо, Тьма и людей грехи, ворвались в Мир внезапно!<br>\r\nНарушен был, сложившийся в Мире порядок!<br>\r\nСлово Правды, в этом Мире стало, опасным!</p>\r\n\r\n<p class=\"poem\">Тьма захватывает передовые позиции!<br>\r\nЛюди, не долго Тьме, сопротивлялись!<br>\r\nНачалась, хороших людей, уничтожения акция!<br>\r\nНужна, срочная с Неба Помощь, остановить падение!</p>\r\n\r\n<p class=\"poem\">Создатель нашёл человека в России, из Списка!<br>\r\nСоздатель контролирует Список Корней!<br>\r\nБыла спрятана, очень глубоко, Его переписка!<br>\r\nЖизнь этого человека, была, всего важней!</p>\r\n\r\n<p class=\"poem\">Спрятано было Имя Его, через многие поколения!<br>\r\nТолько Создатель хранил эту Тайну!<br>\r\nПришло время, возглавить, против Тьмы движение!<br>\r\nЕго именем, потом, люди назовут Звезду!</p>\r\n\r\n<p class=\"poem\">Сегодня, Имя Его спрятано, внутри России!<br>\r\nО Нём говорил, ещё, Нострадамус!<br>\r\nПока, называйте Его, просто, Мессия!<br>\r\nОн, Единственный к Создателю, Парус!</p>\r\n\r\n<p class=\"poem\">За ним, наблюдает, пока Ватикан!<br>\r\nЕсть упоминание в Тайном Писании!<br>\r\nСоздатель не позволит накинуть аркан,<br>\r\nПро Него написано во всех Сказаниях!</p>\r\n\r\n<p class=\"poem\">Сегодня, под Его Флагом, идёт Россия!<br>\r\nСудьба России, в Договоре с Богом, подписана Им!<br>\r\nЕму определена, Спасителя Мира, Миссия!<br>\r\nДля Суверена, он в Мире &ndash; главный Пилигрим!</p>\r\n\r\n<p class=\"poem\">Всё ближе Миг прозрения для человечества!<br>\r\nВсе люди знают, что придёт скоро Он!<br>\r\nЭто Он сформирует Бого-людей Отечество!<br>\r\nРоссия, предстанет, как Создателя бастион!</p>\r\n\r\n<p class=\"poem\">Начинается самое сложное время Преображения!<br>\r\nЧеловечество будет разделено на живых и мёртвых!<br>\r\nРоссия, первая начнёт перевоплощение!<br>\r\nЛюди забудут, из прошлого, слово &laquo;мёртвый&raquo;!</p>\r\n\r\n<p class=\"poem\">Люди спорят о Завтра, а, Оно, уже есть!<br>\r\nГод перехода людей, в Вечность, определён!<br>\r\nПоследние дни, когда люди используют слово &laquo;Месть&raquo;!<br>\r\nИмпульс Вечности в людей уже введён!</p>\r\n\r\n<p class=\"poem\">Последняя чехарда событий, отвлечёт людей!<br>\r\nИм, покажется, что Судьбы свои, решают они!<br>\r\nСкоро, перед глазами людей, будет Море огней!<br>\r\nЭто будут Божественности Мира огни!</p>\r\n\r\n<p class=\"noind\">Да будет Свет Истины!<br>\r\nОтец Абсолют или Высший Космический Разум!</p>\r\n","Files":null,"Date":"2025-02-08T13:42:41.477+03:00","DateChange":"2025-02-08T13:43:20.796+03:00","Link":"poems/08.02.25","Id":"67a735489e428f42b5807b30","Srv":"otk","Deleted":false,"Titles":["Люди спорят о Завтра, а, Оно, уже есть!"]}
{"Data":{"Next":"poems/07.02.25","NoFooter":false,"PoemOutDict":false,"Titles":null,"Number":"№06 (3187)"},"Active":true,"Catalog":"570ef2fcd07cda3e16f93ef7","Description":"<p class=\"poem\">Единение людей в Духе &ndash; это, особенное, состояние!<br>\r\nЭто, состояние, когда люди живут, одной Идеей!<br>\r\nКогда, приходит Цели жизни, одинаковое, понимание!<br>\r\nКогда жизнь не может быть, никогда, потерей!</p>\r\n\r\n<p class=\"poem\">Нельзя, при анализе жизни видеть, вдруг, пустоту!<br>\r\nЖизнь &ndash; это Путь человека в Вечности!<br>\r\nНужно, увидеть в жизни своей, глубину!<br>\r\nНужно понять, что жизнь &ndash; это бесконечность!</p>\r\n\r\n<p class=\"poem\">Жизнь в Материи &ndash; это человека представления!<br>\r\nЖизнь &ndash; это встречи и расставания!<br>\r\nЖизнь &ndash; это постоянные странствия!<br>\r\nЭто обучение Основам существования!</p>\r\n\r\n<p class=\"poem\">Создатель говорил, что Начало есть Род!<br>\r\nНо, продолжение есть самостоятельность!<br>\r\nСамое главное &ndash; это самостоятельный ход!<br>\r\nЧеловек должен доказать состоятельность!</p>\r\n\r\n<p class=\"poem\">Человек должен взвешивать всё!<br>\r\nНельзя, человеку жить, случайностью!<br>\r\nНужно разделять, где &ndash; Общее и где &ndash; Моё!<br>\r\nНадо ощущать себя, Целого частью!</p>\r\n\r\n<p class=\"poem\">Но, Целое создаётся, частицами!<br>\r\nСоздатель &ndash; это Великое Целое!<br>\r\nВ Книге Бытия, Вы, только, страница!<br>\r\nВы, должны быть, страницами Белыми!</p>\r\n\r\n<p class=\"poem\">Вы, уже, прошли Путь, все вместе!<br>\r\nСоздатель распределил этот Путь, поровну!<br>\r\nОн обозначил Вам, в России, место!<br>\r\nСоздатель, подравнивает Вас по ходу!</p>\r\n\r\n<p class=\"poem\">Теперь, пора подводить Итоги, пути!<br>\r\nВы прошли то, что не проходили люди!<br>\r\nО Вас будут ходить, среди, людей, Вести!<br>\r\nВы &ndash; это Преображения в Боги, прелюдия!</p>\r\n\r\n<p class=\"poem\">Знания &ndash; это не только книги!<br>\r\nГлавное &ndash; это Ваше изменение внутри!<br>\r\nВ Вас, по капле, добавляются Миги!<br>\r\nВашего в Боги Пути!</p>\r\n\r\n<p class=\"poem\">Ваша Цель провести всех людей!<br>\r\nПровести всех людей в Боги!<br>\r\nВам, скоро, станет видней!<br>\r\nВы, сами, подведёте свои Итоги!</p>\r\n\r\n<p class=\"poem\">Вы, сами, с удивлением поймёте,<br>\r\nЧто, незаметно, для себя и как,<br>\r\nНа Олимп, без помощи Бога, взойдёте!<br>\r\nОставив, позади себя, Материи Мрак!</p>\r\n\r\n<p class=\"poem\">Вы, осознаете, что 20 лет &ndash; это Мгновение!<br>\r\nВы, незаметно, прошли этот Путь!<br>\r\nИзменилось, навсегда, Ваше поведение!<br>\r\nВы стали Богами и в этом Суть!</p>\r\n\r\n<p class=\"poem\">Кто не хотел такого Пути &ndash; остановился!<br>\r\nОн, должен пройти, этот Путь, снова!<br>\r\nЕго жизнь, по-другому, не продолжается!<br>\r\nОн будет искать на Пути, подкову!</p>\r\n\r\n<p class=\"poem\">Вы счастливые люди, ибо выбрал Бог!<br>\r\nВы, первыми шагнёте в Вечность!<br>\r\nДля Вас Бог уже, подготовил, Итог!<br>\r\nВы, поймёте, что жизнь, бесконечна!</p>\r\n\r\n<p class=\"poem\">Вы, в жизни, сделали всё правильно!<br>\r\nВы сохранили в себе Равенство!<br>\r\nВы, теперь, для людей ориентир и указатель!<br>\r\nА, для Сознания &ndash; это Главенство!</p>\r\n\r\n<p class=\"poem\">Вы, осознаете, свою Значимость!<br>\r\nПлотный план &ndash; это план отбора!<br>\r\nМудрость отбора, очень значима!<br>\r\nВы, сами, поймёте, что такое выбор!</p>\r\n\r\n<p class=\"poem\">Создатель выстроил Вас по порядку!<br>\r\nВы, идеально, сложили Октаэдр!<br>\r\nВы Нового Мира сложили ряд!<br>\r\nВы, для Новой Эпохи, есть ориентир!</p>\r\n\r\n<p class=\"poem\">Осталось, проявить, Вам, самим, Знания!<br>\r\nВы – Духовные Учителя Мира сего!<br>\r\nВы должны, другим, передать понимание,<br>\r\nО том, что Вы &ndash; Нового Мира зерно!</p>\r\n\r\n<p class=\"poem\">Вы, есть, уже Новое Начало Начал!<br>\r\nВы, есть, мыслящее Пространство!<br>\r\nВы, Нового человечества, есть, Причал!<br>\r\nВы, начали Творить, а не странствовать!</p>\r\n\r\n<p class=\"noind\">Да будет Свет Истины!<br>\r\nОтец Абсолют или Высший Космический Разум!</p>\r\n","Files":null,"Date":"2025-02-06T11:41:59.584+03:00","DateChange":"2025-02-06T11:42:24.627+03:00","Link":"poems/06.02.25","Id":"67a475f0aa68657fb81ef8ab","Srv":"otk","Deleted":false,"Titles":["Осталось, проявить, Вам, самим, Знания!"]}
{"Data":{"Next":"poems/04.02.25","NoFooter":false,"PoemOutDict":false,"Titles":null,"Number":"№03 (3184)"},"Active":true,"Catalog":"570ef2fcd07cda3e16f93ef7","Description":"<p class=\"poem\">Помощь Бога, конечно, нужна людям!<br />Ибо, человечество, сегодня, живёт во Тьме!<br />Война Славян &ndash; это разрушения Мира прелюдия!<br />Сегодня, люди живут, в полной темноте!</p>\n<p class=\"poem\">Люди не могут понять, что надо делать?<br />Создатель нагоняет страх Новой Эпохой!<br />Люди не могут, ничего хорошего ждать,<br />Ибо, не понимают, что такое другая Эпоха!</p>\n<p class=\"poem\">Люди помнят, только Библию и религии!<br />Каждые 500 лет, есть, Новое уточнение!<br />Повторяю, что религии &ndash; это вериги!<br />Поэтому, достижение прошлого &ndash; это не достижение!</p>\n<p class=\"poem\">Сегодня, как никогда, нужны Истины Знания!<br />Человечество остановилось, в своём развитии!<br />Создатель, через Мессию, даёт этого понимание!<br />Человек уже перешёл границу прошлого бытия!</p>\n<p class=\"poem\">Никто из людей, не понимает, что происходит!<br />Информация о Творце, не перешла России границы!<br />Эта информация, и внутри России, не ходит!<br />Хотя, это Новой Истории, подготовленные страницы!</p>\n<p class=\"poem\">Власть предержащие люди, боятся этой Эпохи!<br />Ибо, у Создателя на Планету другие Планы!<br />Эти люди, за грехи свои, протянут скоро ноги!<br />Создатель, разрушит все их Тайные Кланы!</p>\n<p class=\"poem\">Фактически, человечество, сопротивляется Творцу!<br />Такое противостояние, ведёт людей к поражению!<br />Первой, почувствует власть России, свой конец!<br />Ибо, власть страны, привела Россию к искажению!</p>\n<p class=\"poem\">Удивительно, но все власти Мира стоят против Бога!<br />Все религии встали на сторону власти!<br />Власти и все религии, понесут свою КАРУ в итоге!<br />В людях, загнанных в рабство, кипят страсти!</p>\n<p class=\"poem\">Выживают люди, сегодня, каждый по-своему!<br />За воспитание Нового поколения, взялась власть!<br />Власть учит молодых людей, как жить, по-Новому!<br />Но, у молодых, формируется к Тьме, ненависть!</p>\n<p class=\"poem\">Россия, уже потеряла, за эти годы, два поколения!<br />Помнят о Советском Союзе, только старики!<br />Новые поколения &ndash; это против Истины явление!<br />В понимании Создателя, они в Духе, ещё, дикари!</p>\n<p class=\"poem\">Трамп, начинает менять отношение к России!<br />Понимает, что Он должен помочь стране!<br />Он, понимает, что в стране проявлен Мессия!<br />Трамп, будет менять своё, отношение к Вере!</p>\n<p class=\"poem\">Трамп проявит интерес к Русской нации!<br />Ибо, Россия была Началом Начал!<br />Он заставит измениться Страну, через акции!<br />Трамп, понимает, что Россия &ndash; это Бога Причал!</p>\n<p class=\"poem\">Судьба, выведет Россию на разговор!<br />Россия, сама должна понять причину!<br />Будет выведен, на чистую воду, вор!<br />Бог объявит, воровской системы кончину!</p>\n<p class=\"poem\">Трамп поймёт, этого объявления, причину!<br />Скованные властью люди &ndash; это рабы!<br />Трамп отменит России кончину!<br />Создатель, поможет Ему, нужные найти ходы!</p>\n<p class=\"poem\">Поверьте, все выстроенные персонажи, не случайны!<br />Без Любви и крови, страну не изменить!<br />Небо заметило России чаяние,<br />Небо поможет России, грехи переступить!</p>\n<p class=\"poem\">Трамп и Мессия &ndash; это звенья одной цепи!<br />Собрались Русские, с Неба, помочь Родине!<br />Это совпадёт с Создателя Целью,<br />Россия, будет Центром Вселенной, отныне!</p>\n<p class=\"poem\">Шестая Эпоха, скоро, пройдёт по Планете!<br />Срок Шестой Эпохи, как обычно, 26000 лет!<br />Над Планетой пройдёт Совершенства ветер!<br />Человечество получит от Бога в Завтра Билет!</p>\n<p class=\"poem\">Впереди, людей ожидает Божественная Монархия!<br />Люди лишись Права на управление!<br />Не будет, больше, никакой анархии!<br />Суверен определит направление движения!</p>\n<p class=\"noind\">Да будет Свет Истины!<br />Отец Абсолют или Высший Космический Разум!</p>","Files":null,"Date":"2025-02-03T13:02:33.664+03:00","DateChange":"2025-02-06T07:54:00.252+03:00","Link":"poems/03.02.25","Id":"67a09465aa68657fb81ef8a1","Srv":"otk","Deleted":false,"Titles":["Впереди, людей ожидает, Божественная Монархия!"]}
{"Data":{"Next":"poems/06.02.25","NoFooter":false,"PoemOutDict":false,"Titles":null,"Number":"№05 (3186)"},"Active":true,"Catalog":"570ef2fcd07cda3e16f93ef7","Description":"<p class=\"poem\">Утверждаю, что нет ничего случайного в этом Мире!<br>\r\nКаждая случайность, это подготовленный Богом Спектакль!<br>\r\nСоздатель подготовил войну, а, потом, перемирие!<br>\r\nТакой Спектакль, был подготовлен, против Пентакля!</p>\r\n\r\n<p class=\"poem\">Люди обвиняют Россию, как виновника войны!<br>\r\nНо, захват Украины, есть, Идея Израиля!<br>\r\nИзраиль, мечтал об улучшении, своей доли!<br>\r\nЮг Украины &ndash; это Еврейского народа, Пентакль!</p>\r\n\r\n<p class=\"poem\">Подошёл Исторический Миг, проявления Воли!<br>\r\nОбстоятельства, легли, как случайность!<br>\r\nЧеловечество &ndash; это разнообразное проявление Доли!<br>\r\nИстория &ndash; это смесь всех закономерностей!</p>\r\n\r\n<p class=\"poem\">В каждой стране, есть свои, собственные, проблемы!<br>\r\nНо, решение этих проблем лежит за границей!<br>\r\nИз набора случайностей, у Бога, есть решение любой дилеммы!<br>\r\nОстаётся, только, правильно разложить все страницы!</p>\r\n\r\n<p class=\"poem\">Во время Спектакля, надо менять исполнителей и позиции!<br>\r\nТрамп &ndash; это необходимая закономерность!<br>\r\nНадо будет, Трампу поддержать, нужную Богу акцию,<br>\r\nОн должен будет, изменить на Планете мерность!</p>\r\n\r\n<p class=\"poem\">Этот Спектакль очень сложный и многомерный!<br>\r\nЛюдям, сразу не понять: кто против кого?<br>\r\nВ этом Спектакле, только Создатель уверен!<br>\r\nИбо, только Бог знает Цель жизни каждого!</p>\r\n\r\n<p class=\"poem\">Каждый человек, живёт в поле своей, страны!<br>\r\nТо, что делается за границей &ndash; это другая сторона медали!<br>\r\nВойна &ndash; это, прежде всего, каждой страны, раны!<br>\r\nВойна &ndash; это события, которые люди ещё не считали!</p>\r\n\r\n<p class=\"poem\">Казалось, что для Трампа, выборы &ndash; это удача!<br>\r\nНо, Его проявление Президентом, не случайность!<br>\r\nОн, должен будет, дать врагам России сдачу!<br>\r\nТрамп, должен будет умерить, стран НАТО, алчность!</p>\r\n\r\n<p class=\"poem\">Власть России &ndash; это не след Ельцина или Горбачёва,<br>\r\nСоздателю, Россия нужна была, для Шестой Эпохи!<br>\r\nМежду Союзом и Капиталом, ими была проведена черта!<br>\r\nРоссия, должна была доказать, что люди не лохи!</p>\r\n\r\n<p class=\"poem\">Подняться до уровня Союза, трудно и нельзя!<br>\r\nНужно было поднять людей, без революции!<br>\r\nДля России, Создателем, была подготовлена другая стезя!<br>\r\nНеправильная война &ndash; это залог Эволюции!</p>\r\n\r\n<p class=\"poem\">За 20 лет, Россия прошла Эволюцию Сознания, до Богов!<br>\r\nДля этого страна, должна была иметь Путь!<br>\r\nСегодня, Вы только начинаете, сбор Итогов!<br>\r\nВы, почти люди-Боги и в этом, самая Главная Суть!</p>\r\n\r\n<p class=\"poem\">20 лет назад, Создатель, собрал всех с Мессией!<br>\r\nМессия имеет опыт работы в Администрации,<br>\r\nНадо было проявить, самой, России миссию,<br>\r\nКак участие, в Главной политической, акции!</p>\r\n\r\n<p class=\"poem\">Сначала, был Вселенский Собор, тех, кому не всё равно!<br>\r\nСоздатель показал возможности человека!<br>\r\nЧерез этих людей, Создатель, начал готовить Утро!<br>\r\nЗа 20 лет, Сознание людей, прошло уже века!</p>\r\n\r\n<p class=\"poem\">Последнюю проверку люди, прошли на войне!<br>\r\nПандемия, тоже была Мировой проверкой!<br>\r\nСоздатель, показал, что без Единения, быть, беде!<br>\r\nДоговор с Богом, был окончательной, поверкой!</p>\r\n\r\n<p class=\"poem\">Сегодня, Создатель, начал подборку людей!<br>\r\nТрамп, был выбран Первым из Запада!<br>\r\nЕго, характер и психология, подходят, всего сильней!<br>\r\nТрамп, сможет изменить, направление перепада!</p>\r\n\r\n<p class=\"poem\">Мессия, уже подготовил людей, они Школу прошли!<br>\r\n20 лет &ndash; это время, Великих преображений!<br>\r\nЛюди, непросто, в Шестую Эпоху, вошли!<br>\r\nОни, не допустят, уже, никаких изменений!</p>\r\n\r\n<p class=\"poem\">Мессия за эти годы, записал Знания, в 30 томах!<br>\r\nЧеловеку, трудно, пропустить это, через, Сознание!<br>\r\nТеперь, Он готов, жить в Мировых заботах!<br>\r\nМессия, разбудит, в людях Судьбы понимание!</p>\r\n\r\n<p class=\"poem\">Значит, можно для Суверена всё начинать!<br>\r\nСпектакль на 26000 лет, можно сказать, состоялся!<br>\r\nНа челе каждого человека, Богом поставлена Печать!<br>\r\nЧеловек в Духе, Шестой Эпохи, уже, образовался!</p>\r\n\r\n<p class=\"noind\">Да будет Свет Истины!<br>\r\nОтец Абсолют или Высший Космический Разум!</p>\r\n","Files":null,"Date":"2025-02-05T11:42:37.104+03:00","DateChange":"2025-02-05T11:43:09.012+03:00","Link":"poems/05.02.25","Id":"67a3249daa68657fb81ef8aa","Srv":"otk","Deleted":false,"Titles":["Сегодня, Создатель, начал подбирать людей!"]}
{"Data":{"Next":"poems/05.02.25","NoFooter":false,"PoemOutDict":false,"Titles":null,"Number":"№04 (3185)"},"Active":true,"Catalog":"570ef2fcd07cda3e16f93ef7","Description":"<p class=\"poem\">Люди обсуждают проблемы, не делая выводов!<br />Если нет выводов, то Понимания, не происходит!<br />У людей, не возникают никакие ассоциации и доводы!<br />Страх за будущее, у людей, никак не проходит!</p>\n<p class=\"poem\">Слишком много, нерешаемых, сегодня, в Мире задач!<br />Много загадок, но нет готового от Небес решения!<br />Ещё не началась, Между Эпохами, дел передача!<br />От людей, тоже, нет приемлемого, предложения!</p>\n<p class=\"poem\">Человек &ndash; это частица Создателя, но не знает он,<br />Что надо создавать заслоны в этих условиях!<br />Человек &ndash; это Вечный пилигрим и скиталец он!<br />Слишком много развилось разных сословий!</p>\n<p class=\"poem\">Трудно договориться людям о будущем Планеты!<br />Ибо, нет Единения не только в стране, но и в роду!<br />Люди сплотились сегодня, около, монеты!<br />Люди, ожидают конец века, не ведая брода!</p>\n<p class=\"poem\">Россия, Великая, согнулась под прессом власти!<br />Не видит Народ, выхода из кризиса!<br />Только, иногда, от несправедливости, кипят страсти!<br />Не осталось на Руси, Духовного для людей, Оазиса!</p>\n<p class=\"poem\">Люди, опять, потянулись к религии от безысходности!<br />Теперь, каждый за себя и страна, ни при чём!<br />В людях, от этого, начала накапливаться злость!<br />Никто не хочет вспоминать страну с кумачом!</p>\n<p class=\"poem\">Сегодня, Россия уже не страна, а, просто, команда людей!<br />Причём, команда, обстоятельствами объединённая!<br />Что стало с Россией, Создателю стало, видней!<br />Но, есть на Руси, Мечта, власть предержащими, обнесённая!</p>\n<p class=\"poem\">Люди видят несправедливость, но не могут объяснить!<br />Просто, люди согнулись под тяжестью власти!<br />Люди, не могут от Великой Мечты, сами отступить!<br />Люди ещё, не стали рабами, поэтому кипят страсти!</p>\n<p class=\"poem\">Создатель, собирает для России, Команду Скорой помощи!<br />Но, люди не готовы протянуть, навстречу руки!<br />Россия, в Духе, окажет себе и другим помощь,<br />Она вжилась в Роль, Вечного в Духе слуги!</p>\n<p class=\"poem\">Великая страна, сегодня, опустилась на Дно!<br />На Дно всей человеческой Истории!<br />Небеса переживают, это против Бога пятно!<br />Трудно развернуть страну у Божественной категории!</p>\n<p class=\"poem\">Вам надо обсуждать, что со страной стало?<br />Ибо, с позиции человечества, Вы для Мира &ndash; ничто!<br />Кто болеет за страну, тому видно сразу!<br />Что страну, власть перекинула, через плечо!</p>\n<p class=\"poem\">Одного Посыла, для восстановления страны, не хватит!<br />Вам, надо встать, против ветра Истории!<br />Вас, своя власть, на колени не сможет поставить!<br />Вы, люди уже давно, Божественной категории!</p>\n<p class=\"poem\">Вы обсуждаете в Школе, не видя причин!<br />Нет, из текущего момента, выхода!<br />Для Вас, как в религии, нужен, понятный всем, чин!<br />Вы стоите, сегодня, у самого Перехода!</p>\n<p class=\"poem\">Создатель, для Вас, подтянул Трампа!<br />Создатель, через Мессию, продолжает Знания!<br />Уже готова для Вас Мировая рампа!<br />Создатель, ожидает от людей внимание!</p>\n<p class=\"poem\">Внимание людей &ndash; это, уже, движение в Завтра!<br />Шестая Эпоха, давно, стоит на старте!<br />Создатель, готов в Марте, сказать всем Правду!<br />История, может потерпеть до Марта!</p>\n<p class=\"poem\">Вы должны не повторять, а видеть Новое!<br />Завалите друг друга вопросами!<br />Старой, не будет больше, в пыли, подковы!<br />Вас, уже, ожидает Шестая раса!</p>\n<p class=\"poem\">Каждая группа должна иметь своё предложение!<br />Восемь предложений &ndash; это не революция!<br />Главное, во время дискуссии, сформировать Единое мнение!<br />Тогда и начнётся в России Эволюция!</p>\n<p class=\"poem\">Поверьте, из Ваших решений, возникнет Вывод!<br />Вывод Создатель примет, это повод к действию!<br />Для Школы Творца &ndash; это Главный довод!<br />Создатель, на основании Вашей Воли, начнёт действие!</p>\n<p class=\"poem\">Создателю нужен крик Ваших Сердец!<br />А, не тихое, в Школе, обсуждение!<br />Вот, тогда и наступит Пятой Эпохи, конец!<br />Начнётся в Небе Ваше, уже, Преображение!</p>\n<p class=\"noind\">Да будет Свет Истины!<br />Отец Абсолют или Высший Космический Разум!</p>","Files":null,"Date":"2025-02-04T12:13:35.151+03:00","DateChange":"2025-02-04T17:44:55.721+03:00","Link":"poems/04.02.25","Id":"67a1da64aa68657fb81ef8a9","Srv":"otk","Deleted":false,"Titles":["Создателю нужен крик Ваших Сердец!"]}
