{"Id":"62195b9e5d5a11c6eb22ae89","Deleted":false,"Active":false,"DateChange":"2025-10-09T11:06:00.604+03:00"}
{"Data":{"Next":null,"NoFooter":false,"PoemOutDict":false,"Titles":null,"Number":"№09 (3433)"},"Active":true,"Catalog":"570ef2fcd07cda3e16f93ef7","Description":"<p class=\"poem\">Жизнь, требует, всегда, корректировки!<br>\nОсобенно, на Историческом перекрёстке!<br>\nЖизнь, не терпит, никаких, уловок!<br>\nВсегда, начинается Новой Главы, вёрстка!</p>\n\n<p class=\"poem\">Вам, пора определиться с решением!<br>\nУ Вас выбора нет, ибо Вы с Богом!<br>\nВпереди, одно направление движения!<br>\nТолько прямо и никогда боком!</p>\n\n<p class=\"poem\">Вы прошли Вече, как Экзамен!<br>\nВам не хватило Мужества!<br>\nНачинается, время Перемен!<br>\nВозможностей, будет множество!</p>\n\n<p class=\"poem\">Теперь, впереди Вас ждёт Эпоха!<br>\nНебывалый переход в Боги!<br>\nСоздатель говорит об Эпохе!<br>\nПредупреждая о том, что ждёт в Итоге!</p>\n\n<p class=\"poem\">Вам, надо на Мир обратить внимание!<br>\nПланете грозит Мировая война!<br>\nВы, для Создателя, необычное достояние!<br>\nВас не коснётся, Цунами или Морская волна!</p>\n\n<p class=\"poem\">Создатель, заставит взглянуть на Россию!<br>\nИбо, Она начинает возвращать Равенство!<br>\nСпасти этот Мир &ndash; это Руси Миссия!<br>\nРоссия, заслужила в Мире, Главенство!</p>\n\n<p class=\"poem\">Пятая Эпоха, уходя, разделила Мир!<br>\nРазрешив, обсуждать, Мировую войну!<br>\nВ Ней, обогащение, было ориентиром!<br>\nЭто, развернуло человечество ко дну!</p>\n\n<p class=\"poem\">Сегодня, Россия реализует свою Миссию!<br>\nОна сохранила Равенство и Любовь!<br>\nСегодня, по этому пути, ведёт Русь Мессия,<br>\nКак, Источник Духа, сегодня, ещё на Крови!</p>\n\n<p class=\"poem\">Пророк-Мессия, хорошо знает свой Путь!<br>\nОн знает, как пройти Эволюцию!<br>\nРоссия, для Планеты &ndash; это людей-Богов Суть!<br>\nДля них, не нужна, никакая инструкция!</p>\n\n<p class=\"poem\">Вами, вымерен Путь в Боги, до миллиметра!<br>\nВече сыграло роль, неудачного опыта!<br>\nТеперь, Вас с Пути не собьёт, даже Солнечный ветер!<br>\nВ Новой Эпохе, не будет, как раньше, мешать быт!</p>\n\n<p class=\"poem\">Вы готовы, внутри себя, к этому!<br>\nБолее того, Вы спешите уже начать!<br>\nВы, готовы, теперь, окончательно,<br>\nНа Вас Создатель, поставил Печать!</p>\n\n<p class=\"poem\">Вам, как ни странно, Вече помогло решить!<br>\nДругого Пути нет и никогда, не будет!<br>\nВы, осознали, Значимость, этого движения!<br>\nКоторому, в Новой Эпохе, конца, не будет!</p>\n\n<p class=\"poem\">Главное, что внутри себя, принято Вами, решение!<br>\nВпервые, Создатель, осознал Ваше Единство!<br>\nВ Новом году, начнёте, наконец, движение!<br>\nСами, поймёте, что это есть Естество!</p>\n\n<p class=\"poem\">Вас, уже не разъединить в Мире, ничем!<br>\nВы, уже, есть Основа Шестой Расы!<br>\nВам не нужны, для освещения дороги, свечи!<br>\nВы, сами, сотворили Освящённую, трассу!</p>\n\n<p class=\"poem\">Удивительно, но теперь Вам внутри, легко!<br>\nВы, приняли, наконец, для себя решение!<br>\nФактически, Вы открыли в Космос окно,<br>\nОсталось, открыть дверь, для движения!</p>\n\n<p class=\"poem\">После, Вече, Вы, вдруг, поднялись!<br>\nНеудача, неожиданно, сплотила Вас!<br>\nВы, в Идеологии Равенства, сплотились!<br>\nВы, сами определили свой Святой час!</p>\n\n<p class=\"poem\">Час, Перехода в Боги или Преображение!<br>\nТеперь, Сергий, не позволит Вас спугнуть!<br>\nВы, уже рвётесь начать изменение!<br>\nВы, утвердили к Создателю, свой Путь!</p>\n\n<p class=\"poem\">Нет, уже, для Вас никаких препятствий!<br>\nБудущее захватило Вас!<br>\nВы, спасёте человечество от бедствий!<br>\nНаступает Вашей Судьбы час!</p>\n\n<p class=\"noind\">Да будет Свет Истины!<br>\nОтец Абсолют или Высший Космический Разум!</p>","Files":null,"Date":"2025-10-09T11:02:55.759+03:00","DateChange":"2025-10-09T11:05:50.485+03:00","Link":"poems/09.10.25","Id":"68e76c7db63e39044b563e2a","Srv":"otk","Deleted":false,"Titles":["Нет, уже, для Вас, никаких, препятствий!"]}
{"Data":{"Next":"poems/09.10.25","NoFooter":false,"PoemOutDict":false,"Titles":null,"Number":"№08 (3432)"},"Active":true,"Catalog":"570ef2fcd07cda3e16f93ef7","Description":"<p class=\"poem\">Года летят, Вас обгоняя!<br>\nСпеша, всё время на Восток!<br>\nИ это спешка, Вас цепляет!<br>\nПреобразуя, Вас, в Росток!</p>\n\n<p class=\"poem\">Вы, знаете, что есть вокруг!<br>\nНо, для себя, Вы, сами, Тайна!<br>\nВам, кажется, что это круг!<br>\nНо, это внутренняя в Вас война!</p>\n \n<p class=\"poem\">Вы, видите годов стремленье!<br>\nУ повзрослевших, вдруг, детей!<br>\nСоздатель, ждёт от Вас решенье,<br>\nЕму, которое, видней!</p>\n\n<p class=\"poem\">Вы, так устроены, как, дети!<br>\nВам, Знаний не хватает впрок!<br>\nПроблемы надоели эти,<br>\nИ каждый день, Вам, как урок!</p>\n\n<p class=\"poem\">Привыкли жить, как Бог, подскажет!<br>\nНе надо, делать лишний шаг!<br>\nНадеетесь, что Он укажет,<br>\nИ, что поможет, Бога Стяг!</p>\n\n<p class=\"poem\">Уж, 20 лет, Вы все в шеренге!<br>\nОт Бога ожидая взмах!<br>\nОт власти, слышится к ноге!<br>\nИ жизнь, Вам, кажется, как промах!</p>\n\n<p class=\"poem\">Вы делаете, но, всё не так!<br>\nЕсть Знания, но, их немного!<br>\nЖизнь, оказалась не пустяк!<br>\nНе получилось, шагнуть в ногу!</p>\n\n<p class=\"poem\">Создатель, строит Вас, по восемь!<br>\nКак Вечности, Своё, звено!<br>\nНо, Вы, сегодня, ждёте Осень!<br>\nПока, закрытое окно!</p>\n\n<p class=\"poem\">Весь Мир в войне, а Вы, отдельно!<br>\nНе принимая свой удел!<br>\nВы, перестроились, предельно!<br>\nХотя, Вам не знаком, предел!</p>\n\n<p class=\"poem\">Создатель, требует усилий!<br>\nВы, ждёте взмаха от Него!<br>\nУ Вас, в команде, лишь идиллия,<br>\nНет понимания всего!</p>\n\n<p class=\"poem\">Создатель, говорит о Завтра!<br>\nНо, опыта нет у людей!<br>\nМы, понимаем эту Правду,<br>\nНо, сами, словно, у дверей!</p>\n\n<p class=\"poem\">Мы, понимаем, что у края!<br>\nСоздатель, ждёт решения!<br>\nНа Вече, пропустили Рай!<br>\nВедь, было рядом, Откровение!</p>\n\n<p class=\"poem\">Но, Вы привыкли быть в команде!<br>\nИдти туда, куда велят!<br>\nПривыкли, даже, быть в узде,<br>\nИ Вас считают, как цыплят!</p>\n\n<p class=\"poem\">Вы говорили, не решая!<br>\nНе видно, Воли проявленья,<br>\nВы не уверены, что зная,<br>\nНачнёте в Духе измененье!</p>\n\n<p class=\"poem\">Привыкли, Бога ждать, поддержки!<br>\nПривыкли, как в Материи!<br>\nБез опыта, жизнь &ndash; передержка!<br>\nВам, кажутся, одни потери!</p>\n\n<p class=\"poem\">Вам надо доказать, что сможем!<br>\nНо, страх, сильней желанья!<br>\nНадеетесь, что Бог поможет!<br>\nНабраться пониманья!</p>\n\n<p class=\"poem\">Остался, страх в Вас, от системы!<br>\nДолжно помочь Сознание!<br>\nВам, Вечности, известна Тема!<br>\nНужно, лишь, осознание!</p>\n\n<p class=\"poem\">Без смелости не перейти!<br>\nСчитайте безрассудства!<br>\nТакой Вам опыт не найти,<br>\nПоверьте в Превосходство!</p>\n\n<p class=\"noind\">Да будет Свет Истины!<br>\nОтец Абсолют или Высший Космический Разум!</p>","Files":null,"Date":"2025-10-08T11:01:38.088+03:00","DateChange":"2025-10-08T12:09:27.497+03:00","Link":"poems/08.10.25","Id":"68e61a96b63e39044b563e28","Srv":"otk","Deleted":false,"Titles":["Без смелости, в Небо не перейти!"]}
{"Data":{"Next":"poems/08.10.25","NoFooter":false,"PoemOutDict":false,"Titles":null,"Number":"№07 (3431)"},"Active":true,"Catalog":"570ef2fcd07cda3e16f93ef7","Description":"<p class=\"poem\">Разговор, с людьми получился строгий!<br>\nМир, разделился по интересам!<br>\nЗапад, навострил от Бога, ноги!<br>\nСоздатель, принял решение, сам!</p>\n\n<p class=\"poem\">Время не терпит паузы, надо решать!<br>\nЧасть России, уже, готова!<br>\nЛюди, будущее своё должны знать,<br>\nВпервые, России, не нужна подкова!</p>\n\n<p class=\"poem\">В России, сформировался Дух!<br>\nРаньше у России, была религия!<br>\nУ России, Свет самосознания, не потух!<br>\nНо, от религии остались, внутри, вериги!</p>\n\n<p class=\"poem\">Создатель для Неё подготовил Мессию!<br>\nСоздатель, долго проводил, выбор!<br>\nНужна была, особая, Миссия,<br>\nНужен, был честный, людей отбор!</p>\n\n<p class=\"poem\">Россия, после Союза, потеряла Равенство!<br>\nУправление, взяла на себя, система!<br>\nПартии стало, как тогда, главенство,<br>\nБудущее людей, стало партии темой!</p>\n\n<p class=\"poem\">Жизнь под давлением &ndash; это не жизнь!<br>\nЖизнь, под управлением, власти!<br>\nГлавное, для власти, как быть?<br>\nПротив власти, накопились страсти!</p>\n\n<p class=\"poem\">Теперь, власть России, в другой игре!<br>\nУровень власти, сравнился с Мировой!<br>\nВласть, в стране, подсела на другой игле!<br>\nТеперь, она отвечает, за богатство, головой!</p>\n\n<p class=\"poem\"><b>Власть, вошла в Альянс с Тьмой!<br>\nВласть, везде, это представители Тьмы!<br>\nОна забыла, что за Мир отвечает, головой!<br>\nВласть России, стала частью Мировой кутерьмы!</b></p>\n\n<p class=\"poem\">Создатель делит, такой Мир, на части!<br>\nДля Него есть Запад и есть Россия!<br>\nКапитализм, тоже, разделён на масти!<br>\nНо, для Бога, у России &ndash; это Особая миссия!</p>\n\n<p class=\"poem\">Создатель, заранее, дал России Пророка-Мессию!<br>\nВласть, России, отказалась от этих услуг!<br>\nВласть, играет в свою, особую, сессию!<br>\nДля власти России, свой Народ, не друг!</p>\n\n<p class=\"poem\">У власти, есть полномочия и стратегия!<br>\nВ Мире, формируются Мировые коалиции,<br>\nУ Власти России, есть, своя, точка зрения!<br>\nИ есть на всё, у власти России, свои акции!</p>\n\n<p class=\"poem\">Но, всё это, не в русле интересов Бога!<br>\nВласть, считает, что Она есть пуп Земли!<br>\nПоэтому, печальным будет власти Итог!<br>\nНет, у власти понятной всем, Цели!</p>\n\n<p class=\"poem\">Мировые лидеры, хотят власть во всём Мире!<br>\nНикто из них не видит, рядом, Россию!<br>\nСегодня, Россия, для них, как мишень в тире!<br>\nМировая власть, тоже, не видит Мессию!</p>\n\n<p class=\"poem\">Власть, Мировая, считает, что у Неё есть Право!<br>\nРешать Судьбу людей и страны!<br>\nНо, есть, у Создателя Мира сего, Правило!<br>\nСмотреть на всё в Мире, со стороны!</p>\n\n<p class=\"poem\">Со стороны, сегодня, Россия, выглядит плохо!<br>\nНет, Идеология для всех и нет Равенства!<br>\nСоздатель, этот Мир, отодвинул от входа!<br>\nЗа гордыню, грехи и неравенство!</p>\n\n<p class=\"poem\">Создатель поддержал Дух, а не Материю!<br>\nБудущая Эпоха &ndash; это Высокий Дух!<br>\nНа войне у России, очень большие потери!<br>\nЭто называется, для всех, заколдованный круг!</p>\n\n<p class=\"poem\"><b>Создатель, принял, власти России, условия!<br>\nНо, для Новой Эпохи, они не подходят!<br>\nМешают России, богатых людей, сословия!<br>\nВласть, с сословиями, из этого Мира, уходят!</b></p>\n\n<p class=\"noind\">Да будет Свет Истины!<br>\nОтец Абсолют или Высший Космический Разум!</p>","Files":null,"Date":"2025-10-07T11:50:39.612+03:00","DateChange":"2025-10-07T11:52:13.055+03:00","Link":"poems/07.10.25","Id":"68e4d496b63e39044b563e25","Srv":"otk","Deleted":false,"Titles":["Власть, вошла в Альянс с Тьмой!"]}
{"Data":{"Next":"poems/07.10.20","NoFooter":true,"PoemOutDict":false,"Titles":[],"Number":null},"Active":true,"Catalog":"570ef2fcd07cda3e16f93ef7","Description":"<p class=\"poem\">Люди в панике и нет понимания!<br>\nЧто же ожидает людей Завтра?<br>\nМного в головах не туда внимания,<br>\nСегодня в прессе нет Правды!</p>\n\n<p class=\"poem\">С одной стороны давление!<br>\nТребование носить маски,<br>\nЭто рукотворное проявление,<br>\nВласть Тьмы сгущает краски!</p>\n\n<p class=\"poem\">Была первая волна насилия!<br>\nТеперь людей ожидает вторая!<br>\nЛюди совершенно бессильны,<br>\nСловно стоят у смертельного края!</p>\n\n<p class=\"poem\">Этот Спектакль &ndash; промысел Тьмы!<br>\nНичего в этом Спектакле от Бога!<br>\nЛюди совсем забыли Великое &laquo;Мы&raquo;,<br>\nНе понимают, куда приведёт дорога!</p>\n\n<p class=\"poem\">Люди молятся на религию!<br>\nНикто не вспоминает о Боге!<br>\nНа Сознание людей надеты вериги,<br>\nВоюют между собой в итоге!</p>\n\n<p class=\"poem\">Религия обрывается на Эволюции!<br>\nРелигии ждут Второго пришествия,<br>\nНа Руси Бог был включён в Конституцию,<br>\nНеожиданно, но это Бога Восшествие!</p>\n\n<p class=\"poem\">Тысячелетия люди были без Бога!<br>\nНе проявлена связь с Создателем,<br>\nПятая раса не стала итогом,<br>\nПроявление Шестой &ndash; обязательно!</p>\n\n<p class=\"poem\">Обязательно, по вине человечества!<br>\nМежду Пятой и Шестой нет связи!<br>\nЛюди скоро окажутся в Вечности,<br>\nРелигиями люди повязаны!</p>\n\n<p class=\"poem\">Забыли, что они &ndash; производная Бога!<br>\nСегодня не восстановлена с Богом связь!<br>\nНет без Бога для людей дороги,<br>\nГлавное, нарушена Эволюции вязь!</p>\n\n<p class=\"poem\">Религии &ndash; прошлые рассуждения!<br>\nОни не готовы принять Правду!<br>\nНет в религиях Создателя проявления,<br>\nБез Бога нет у людей Завтра!</p>\n\n<p class=\"poem\">Религии &ndash; это слова, Создатель &ndash; действия!<br>\nМежду Богом и людьми &ndash; нет никого!<br>\nЧеловечество на краю &ndash; следствие!<br>\nПричина &ndash; разрушенное звено!</p>\n\n<p class=\"poem\">Человек &ndash; это Божественная Энергия!<br>\nС религией нет ничего общего!<br>\nНе связан Он и с проявлением Материи,<br>\nЛюдям в религии жить проще!</p>\n\n<p class=\"poem\">Проще, не значит правильно!<br>\nЧеловек &ndash; это выброс Энергии!<br>\nЧеловек включён в Небесные Правила,<br>\nЖизнь по Правилам &ndash; без потери!</p>\n\n<p class=\"poem\">В религиях &ndash; с точностью до наоборот!<br>\nЧеловек погружён в Материю!<br>\nНе знает, что скоро Исторический переход!<br>\nС религиями надо ждать потери!</p>\n\n<p class=\"poem\">Переход в Шестую &ndash; уже реальность!<br>\nВсё произойдёт очень быстро!<br>\nПонять смысл всего ещё актуально,<br>\nЛюди поймут это остро!</p>\n\n<p class=\"poem\">Есть &ndash; Вселенная и есть &ndash; Разум!<br>\nЖизнь Ваша внутри Создателя!<br>\nВы должны создать Коллективный Ум,<br>\nСлишком много вокруг обывателей!</p>\n\n<p class=\"poem\">Повторяю, человек &ndash; Энергия,<br>\nВстречный, с другой стороны, поток!<br>\nЕсли с Богом &ndash; не бывать потери,<br>\nЖдёт Вас Эволюционный виток!</p>\n\n<p class=\"poem\">Люди зациклились на Материи!<br>\nНо Материя &ndash; лишь оболочка!<br>\nЛюди в развитии своём сквозь тернии,<br>\nДолжны перейти в Точку!</p>\n\n<p class=\"poem\">Люди и Создатель &ndash; единая Цель!<br>\nСледующий шаг &ndash; люди Боги!<br>\nНе разорвать эту Эволюционную Цепь,<br>\nВы в Шестую скоро перейдёте в итоге!</p>\n\n<p class=\"noind\">Аминь.<br>\nОтец Абсолют.</p>\n<p class=\"noind\">06.10.2020</p>","Files":null,"Date":"2020-10-06T00:00:00+03:00","DateChange":"2025-10-06T12:59:56.023+03:00","Link":"poems/06.10.20","Id":"6488a42d9231157cf9aafcc9","Srv":"otk","Deleted":false,"Titles":["Есть – Вселенная и есть – Разум"]}
{"Data":{"Next":"poems/07.10.25","NoFooter":false,"PoemOutDict":false,"Titles":null,"Number":"№06 (3430)"},"Active":true,"Catalog":"570ef2fcd07cda3e16f93ef7","Description":"<p class=\"poem\">Пришлось, пересмотреть все условия,<br>\nИбо, человечество остановилось в развитии!<br>\nПланета разделилась на сословия!<br>\nРазвитие людей пошло по понятиям!</p>\n\n<p class=\"poem\">Если, нет развития, то не нужен человек!<br>\nОн не нужен Создателю, для Завтра!<br>\nПопусту заканчивается человека век,<br>\nОт людей, тогда Бог, закрывает Правду!</p>\n\n<p class=\"poem\">Шестая Эпоха &ndash; это Новые для людей условия!<br>\nНе смогут принять это, выделенные сословия!<br>\nШестая Эпоха &ndash; это Создателя послесловие!<br>\nЛюдям, придётся принять все условия!</p>\n\n<p class=\"poem\">Люди не смогут, просто, так, шагнуть в Небо!<br>\nИбо, у них на ногах тяжелейший, груз!<br>\nОни, только в Материи поступают смело,<br>\nИм, кажется, что и в Новой Эпохе, что человек &ndash; туз!</p>\n\n<p class=\"poem\">Люди, совсем, свихнулись, на богатстве!<br>\nДля людей, особенно, во власти нет пределов!<br>\nОни, преуспели, и очень, в этом мастерстве!<br>\nОни, постарались расширить свои наделы!</p>\n\n<p class=\"poem\">Их наделы, сегодня, как малые государства!<br>\nОни вернулись в Эпоху уже, Феодализма!<br>\nОни, моделируют семейные Царства,<br>\nИм, уже, не важно, какой на Планете &laquo;Изм&raquo;!</p>\n\n<p class=\"poem\">Эти люди, диктуют на Планете свои Правила!<br>\nЭто, похоже, на Международный капитализм!<br>\nГлавное, чтобы их Система в Мире дела вела,<br>\nИм, действительно, наплевать, какой в Мире &laquo;Изм&raquo;!</p>\n\n<p class=\"poem\">Главное, для них &ndash; это в Мире договориться!<br>\nПланируется Международное управление!<br>\nСегодня, Мир богатых людей, хочет определиться,<br>\nВ какую сторону, будет их Завтра, движение?</p>\n\n<p class=\"poem\">Власть богатых, хочет иметь Один, общий, Мир!<br>\nВластелины Мира, скоро, будут определены!<br>\nПланируется на Единые деньги, ориентир!<br>\nДругие страны, уже между собой, поделены!</p>\n\n<p class=\"poem\">Но, это только, предварительные условия!<br>\nБогатые люди, не могут, пока, договориться!<br>\nНет, на этой базе, единого, сегодня, решения!<br>\nЛюбой Лидер, может на войне, раствориться!</p>\n\n<p class=\"poem\">Должны остаться представители Империй!<br>\nЭто, испокон веков, считается голубая кровь!<br>\nРади этого, Они пойдут на любые потери,<br>\nИм, наплевать, на Равенство и Любовь!</p>\n\n<p class=\"poem\">Создатель увидел, что с Ними, не договориться!<br>\nОни, не согласятся на Мировую Эволюцию!<br>\nПеред ними, на уговоры, нельзя становиться!<br>\nДля них нужна, только, силовая экзекуция!</p>\n\n<p class=\"poem\">Создатель, принял решение, с ними не говорить!<br>\nЭто, бесполезная и пустая, трата времени!<br>\nНадо, просто, существование Пятой Эпохи прекратить!<br>\nНеобходимо, очистить Планету, от бремени!</p>\n\n<p class=\"poem\">Создатель, давно, подписал Договор с Россией!<br>\nРоссия, дала согласие, Эволюцию довести до Конца!<br>\nПовторяю, у России есть от Меня, Пророк-Мессия!<br>\nПророк, выполняет Миссию, от Бога Гонца!</p>\n\n<p class=\"poem\">Теперь, Создатель определил два Процесса!<br>\nПятая Эпоха уйдёт, не прощаясь!<br>\nНе будет, в этом случае, никакого эксцесса!<br>\nРоссия, переходит в Небо, Судьбой, наслаждаясь!</p>\n\n<p class=\"poem\">Теперь, всё, внимание, принадлежит России!<br>\nСкоро, будет назначен Пророк &ndash; Белый Царь!<br>\nОн более 20 лет играет роль Мессии!<br>\nБудет Империя Бога, как было, встарь!</p>\n\n<p class=\"poem\">Других, предложений нет, и не будет!<br>\nРоссии, надо спешить к Новому Миру!<br>\nРоссия, своё прошлое, рабство, забудет!<br>\nОна, понесёт в Пространстве Веру!</p>\n\n<p class=\"noind\">Да будет Свет Истины!<br>\nОтец Абсолют или Высший Космический Разум!</p>","Files":null,"Date":"2025-10-06T11:18:41.753+03:00","DateChange":"2025-10-06T11:19:55.064+03:00","Link":"poems/06.10.25","Id":"68e37b86b63e39044b563e24","Srv":"otk","Deleted":false,"Titles":["Теперь, всё внимание, принадлежит России!"]}
{"Data":{"Next":"poems/06.10.25","NoFooter":false,"PoemOutDict":false,"Titles":null,"Number":"№05 (3429)"},"Active":true,"Catalog":"570ef2fcd07cda3e16f93ef7","Description":"<p class=\"poem\">Поток не может прерываться,<br>\nОн отзвук предыдущих дней!<br>\nНастало время, открываться,<br>\nДля тех, кому это видней!</p>\n\n<p class=\"poem\">Россия, в этом отношении,<br>\nВсегда, витала в облаках!<br>\nДух стал, Ей возвышением!<br>\nИ направлением в Сердцах!</p>\n\n<p class=\"poem\">Создатель выделил Россию!<br>\nСознания людей их меру!<br>\nИз глубины веков, Мессию,<br>\nНесущего, в Народе, Веру!</p>\n\n<p class=\"poem\">Россия, вечно, без исканий!<br>\nТянулась в Небо, вопреки!<br>\nЕё История, в Сказаниях!<br>\nСвятой, Россию, нарекли!</p>\n\n<p class=\"poem\">Теперь, уж точно, Ей на Небо!<br>\nСоздатель, указал Ей Путь!<br>\nОна пойдёт, пусть неумело,<br>\nНо, в искренности, Её Суть!</p>\n\n<p class=\"poem\">Создатель, выбрал по Истоку!<br>\nИдущему, теперь, с Небес!<br>\nБог верит Русскому потоку,<br>\nВ Душе, хранящихся Чудес!</p>\n\n<p class=\"poem\">Никто, не знает Суть, России!<br>\nБогатств, не нужных человеку!<br>\nОна, несёт в себе Мессию,<br>\nПонявшего, Проблему века!</p>\n\n<p class=\"poem\">Во все века, Русь удивляла!<br>\nСоседей, Вещей простотой!<br>\nОна, Любовью наделяла,<br>\nЛюдей, стремящихся толпой!</p>\n\n<p class=\"poem\">Страна большая, есть характер!<br>\nОна, открыта для людей!<br>\nРусь, не страдала от манер!<br>\nДля иностранцев, всех милей!</p>\n\n<p class=\"poem\">Создатель, принял, что Она,<br>\nКак Свет, станет в Эпохе!<br>\nОна, Создателю верна!<br>\nЕй, не сойти с дороги!</p>\n\n<p class=\"poem\"><b>Создатель принял иной вариант!<br>\nОна, одна, на этом Свете!<br>\nНе будет в Мире плагиат,<br>\nОдна, за всё в ответе!</b></p>\n\n<p class=\"poem\">Уйдёт Эпоха, Тёмных вод!<br>\nРоссия, примет груз!<br>\nПреображению, есть повод,<br>\nОткрыто море, в Духе, муз!</p>\n\n<p class=\"poem\">Россия приняла согласье!<br>\nЕё влечёт, Пространства Даль!<br>\nВеликих дней напоминанье,<br>\nРусь, закалялась, словно, сталь!</p>\n\n<p class=\"poem\">Теперь, потоки поднебесья,<br>\nВсе соберутся, как Одно!<br>\nНачнётся бурное движенье,<br>\nНа Небо, и никто, на дно!</p>\n\n<p class=\"poem\">Мир, поделён уже на части,<br>\nЕсть древний Запад и Восток!<br>\nЛишь, на Руси кипели страсти!<br>\nСтал, Совершенством, тот Росток!</p>\n\n<p class=\"poem\">Уходит вниз, тот Запад старый!<br>\nВосток закрыли Небеса!<br>\nНет, для Руси, на Свете пары,<br>\nОна, спешит на парусах!</p>\n\n<p class=\"poem\">Теперь, уже другой Сценарий!<br>\nСоздатель утвердил Её Путь!<br>\nНе нужен больше комментарий,<br>\nОна, одна, и в этом Суть!</p>\n\n<p class=\"noind\">Да будет Свет Истины!<br>\nОтец Абсолют или Высший Космический Разум!</p>","Files":null,"Date":"2025-10-05T11:23:49.292+03:00","DateChange":"2025-10-05T11:27:37.661+03:00","Link":"poems/05.10.25","Id":"68e22b48b63e39044b563e23","Srv":"otk","Deleted":false,"Titles":["Создатель, принял иной вариант!"]}
{"Data":{"Next":"poems/05.10.25","NoFooter":false,"PoemOutDict":false,"Titles":null,"Number":"№04 (3428)"},"Active":true,"Catalog":"570ef2fcd07cda3e16f93ef7","Description":"<p class=\"poem\">Мир, Пятой Эпохи, продолжает катиться в омут!<br>\nПриближаясь, одновременно, и к Переходу!<br>\nНо, этому Миру, не вырваться из бытовых пут,<br>\nНичего не получится, у людей, в Новой Эпохе, сходу!</p>\n\n<p class=\"poem\">Планете, нужен анализ и, между людьми, общение!<br>\nЛюди, даже не догадываются, что будет потом?<br>\nВ Мировой науке, нет никаких, глубоких, достижений!<br>\nКосмос, для людей, похож, на дверь с замком!</p>\n\n<p class=\"poem\"><b>Сегодня, перед людьми, заколдованный круг, Эпохи!<br>\nЧеловечество, остановилось в своём развитии!<br>\nПодошли к окончанию все, Создателя, сроки!<br>\nЛюди, продолжают существовать, лишь, по наитию!</b></p>\n\n<p class=\"poem\">Нет, у людей планов на будущее, значит, нет и Завтра!<br>\nПосле Союза, нет в Мире, никаких предложений!<br>\nМир, в своём развитии, совсем, отказался от Правды!<br>\nЛюдям, непонятно, каким будет, их продолжение!</p>\n\n<p class=\"poem\">Пятая Эпоха, уже, прошла, все допустимые &laquo;Измы&raquo;!<br>\nКоммунизм, не выполнимая, людьми задача!<br>\nРоссия, очень давно, обратила внимание на Космизм,<br>\nНе принимается, человечеством и эта задача!</p>\n\n<p class=\"poem\">Люди, привыкли, что всё в Мире, идёт самотёком!<br>\nНе получается у людей, совершенствование их Сознания!<br>\nИз всех предложений, получился идеологический ком,<br>\nНет, у человечества Истинных, о Мире, Знаний!</p>\n\n<p class=\"poem\">Всё, что предлагают люди &ndash; это размышления!<br>\nИмеющие, только, теоретический характер!<br>\nНет, основы Знаний, для правильного мышления,<br>\nЗнания, которые есть у людей &ndash; это набор полумер!</p>\n\n<p class=\"poem\">Пятая Эпоха, уже, прошла свой долгий Путь!<br>\nНо, люди, так и не познали секрет Создателя!<br>\nОни, так и не поняли, в чём, Создателя Мира сего, Суть?<br>\nЛюди, так и не поднялись, в развитии, выше обывателя!</p>\n\n<p class=\"poem\">Людям, в развитии, всегда, что-то мешало:<br>\nПриродные обстоятельства или Мировые войны!<br>\nТеперь, уже, время Квантового перехода, настало!<br>\nЛюди, опять, сами дождались, Океанской волны!</p>\n\n<p class=\"poem\">Люди, пришли в Мир, никем и уйдут из Него, теми же!<br>\nПятая Эпоха, заканчивается ничем!<br>\nЛюди, остались в Истории, людьми, такими же!<br>\nСоздатель, хочет снять Вечный вопрос: зачем?</p>\n\n<p class=\"poem\">Создатель начинает готовить Новую Эпоху!<br>\nХотя, теоретически, Она, уже наступила!<br>\nНо, люди, не смогут, перейти сходу!<br>\nПятая Эпоха, с окончанием, поспешила!</p>\n\n<p class=\"poem\">Создатель, в Начале Эпохи, начал давать Знания!<br>\nКоторых, раньше не было у людей!<br>\nБог, хочет привить людям, понимание,<br>\nЧто, Шестая Эпоха должна будет, начаться с Нулей!</p>\n\n<p class=\"poem\">Нечего передавать, от Пятой Эпохи, в Шестую!<br>\nСоздатель, решил подготовить часть России!<br>\nНо, Он возьмёт с собой Россию, не такую!<br>\nСоздатель, возьмёт часть России, во главе с Мессией!</p>\n\n<p class=\"poem\"><b>В Шестой Эпохе, всё, начнётся с Нуля!<br>\nИстоком людей, станет Росток из Союза!<br>\nВ Сознании этих людей, давно, прошла буря!<br>\nОни, в Новой Эпохе, больше не допустят юза!</b></p>\n\n<p class=\"poem\"><b>Теперь, Создатель, расскажет людям Правду:<br>\nШестая Эпоха &ndash; это запланированный Этап!<br>\nШестая Эпоха &ndash; Новое, для Планеты, Завтра!<br>\nПо-современному &ndash; это Новых людей, Start up!</b></p>\n\n<p class=\"poem\">Создатель, рассматривает Преображение людей!<br>\nСоюз был, тогда, хорошим Началом!<br>\nЭто Начало, стало, хорошо, сегодня, видней!<br>\nЕстественное, продолжение Союза, стало печатью!</p>\n\n<p class=\"poem\">Без, Знаний никто не перейдёт в Новый Мир!<br>\nЧеловечество не заслужило на это Право!<br>\nУ Создателя, только на Россию, есть ориентир!<br>\nИбо, 73 года в Союзе, это, Нужная Правда!</p>\n\n<p class=\"poem\"><b>Повторяю, Бог, принял решение, начать с Нуля!<br>\nРостком Нового человека-Бога, будет Россия!<br>\nСоюз &ndash; это Нового понимания Мира, стезя!<br>\nПоведёт Русь в Завтра, Белый Царь или Мессия!</b></p>\n\n<p class=\"noind\">Да будет Свет Истины!<br>\nОтец Абсолют или Высший Космический Разум!</p>","Files":null,"Date":"2025-10-04T11:36:10.203+03:00","DateChange":"2025-10-04T12:41:24.015+03:00","Link":"poems/04.10.25","Id":"68e0dcbda54a1c5e921ef20e","Srv":"otk","Deleted":false,"Titles":["В Шестой Эпохе, всё начнётся с Нуля!"]}
{"Data":{"Next":"poems/04.10.25","NoFooter":false,"PoemOutDict":false,"Titles":null,"Number":"№03 (3427)"},"Active":true,"Catalog":"570ef2fcd07cda3e16f93ef7","Description":"<p class=\"poem\">Люди, никак, не хотят слушать Бога!<br>\nЛюдям, проще, зайти в любой, Храм!<br>\nХрам &ndash; это, просто, служба религии в Итоге!<br>\nПри обращении к Богу, надо очистить, срам!</p>\n\n<p class=\"poem\">Жизнь человека, полна, нарушений!<br>\nГрех, начинается, ещё, от Рождения!<br>\nУ человека задача, это, быта улучшение!<br>\nБогатство &ndash; это для людей, вожделение!</p>\n\n<p class=\"poem\"><b>Человек, выбирает для себя, как лучше!<br>\nВыбор за бытом, а не за Душой!<br>\nЧем богаче быт, тем, человек круче!<br>\nЧеловек, в обогащение залез с головой!</b></p>\n\n<p class=\"poem\">Создатель, говорит о равенстве и о Душе!<br>\nА, человек, волнуется о зарплате!<br>\nЧеловека, по жизни, жадность душит!<br>\nЧеловек, жизнью, за богатство платит!</p>\n\n<p class=\"poem\">Война &ndash; это кровь и богатство, для людей!<br>\nДля страны, кроме проблем, ничего, не будет!<br>\nВойна, приносит очень много, смертей!<br>\nНо, ради богатства, человек и это позабудет!</p>\n\n<p class=\"poem\">Люди не понимают, что Новая, на горизонте Эпоха!<br>\nЭпоха, других, совершенно, вибраций!<br>\nОбрывается для человечества, жизни дорога!<br>\nЛюди столкнутся, скоро, с неземной акцией!</p>\n\n<p class=\"poem\"><b>Эволюция &ndash; это закономерность Неба!<br>\nСпрятаться, от Эволюции никому нельзя!<br>\nЭволюция Пространства &ndash; это Важная тема!<br>\nДля людей откроется, необычная уже стезя!</b></p>\n\n<p class=\"poem\">Власть считает, что она спасётся!<br>\nПомогут деньги, страх людей и войска!<br>\nНо, Шестая Эпоха, мимо, не пронесётся!<br>\nНельзя, людям, на это смотреть свысока!</p>\n\n<p class=\"poem\"><b>Будет всё то, о чём говорит Создатель!<br>\nМожно менять власть, сколько надо!<br>\nБез Создателя, человек &ndash; обыватель!<br>\nДля людей во власти, Создатель &ndash; преграда!</b></p>\n\n<p class=\"poem\">Передача власти, другой власти, запрещена!<br>\nВласть не может передать Эстафету!<br>\nНебесная власть над людьми, Богом освящена!<br>\nОна подчиняется, Божественному Завету!</p>\n\n<p class=\"poem\"><b>Создатель, это разрешил, только, Мессии!<br>\nТолько, выбранный Богом, человек, может это!<br>\nПервой, шагнёт в Космос, вместе с Пророком, Россия!<br>\nНа всех других людей наложено Вето!</b></p>\n\n<p class=\"poem\"><b>Власть, может выбрать кого угодно!<br>\nНо, без решения Неба, это очень сложно!<br>\nБез разрешения, всякая власть, пойдёт на дно!<br>\nУговорить Создателя, невозможно!</b></p>\n\n<p class=\"poem\"><b>Сегодня, на это место, Бог готовит Мессию!<br>\nНикого другого, из людей, не может быть!<br>\nУже проведена Совета, поэтому вопросу, Сессия!<br>\nРоссия, под руководством Мессии, будет жить!</b></p>\n\n<p class=\"poem\"><b>Кто, останется жить, тот примет Бога, Веру!<br>\nБез Равенства и Любви, людьми-Богами, не быть!<br>\nВ Тонком плане, будет жизни, другая мера!<br>\nТам, продолжится в Духе, как и у Бога, жизнь!</b></p>\n\n<p class=\"poem\">Надо помнить, что Квантовый переход, есть реальность!<br>\nЛюди, должны будут, пройти Преображение!<br>\nПодготовка к Переходу, сегодня, актуальна,<br>\nСчитайте, что всех Вас, ждёт Перевоплощение!</p>\n\n<p class=\"poem\"><b>Люди, а, не власть, должны будут принять решение!<br>\nЛюди, отвечают за Завтра Планеты!<br>\nСоздатель, хочет увидеть, в Боги, людей движение!<br>\nСегодня, планы Суверена, на будущее, задеты!</b></p>\n\n<p class=\"noind\">Да будет Свет Истины!<br>\nОтец Абсолют или Высший Космический Разум!</p>","Files":null,"Date":"2025-10-03T13:14:52.225+03:00","DateChange":"2025-10-03T13:16:45.001+03:00","Link":"poems/03.10.25","Id":"68dfa260a54a1c5e921ef20b","Srv":"otk","Deleted":false,"Titles":["Люди, а, не власть, должны будут принять решение!"]}
{"Data":{"Next":"poems/03.10.25","NoFooter":false,"PoemOutDict":false,"Titles":null,"Number":"№02 (3426)"},"Active":true,"Catalog":"570ef2fcd07cda3e16f93ef7","Description":"<p class=\"poem\">Эволюция, Пространства не может ожидать людей!<br>\nЛюди, заняты только своими интересами!<br>\nЛюди, отстают от Эволюции и это стало видней!<br>\nЛюди, виноваты в этом отставании, только сами!</p>\n\n<p class=\"poem\">Смешно объяснять, то, что всем хорошо, известно!<br>\nЕсть, понятие в Астрономии, как, Солнечный год!<br>\nЛюди считают, что порядок на Планете вечен!<br>\nИ что, не скоро, коснётся людей, Квантовый переход!</p>\n\n<p class=\"poem\">Сегодня, Мир занят войной и переделом Мира!<br>\nВсе силы, брошены на Новый порядок!<br>\nЯдерные во всех странах, собираются силы,<br>\nЛюди, не понимают, что их преследует Рок!</p>\n\n<p class=\"poem\"><b>Никто, не хочет слышать слово &laquo;опасность&raquo;!<br>\nЛюдям, кажется, что это пустая тревога!<br>\nНет, никакой в Мире ясности,<br>\nНо, прервалась в Завтра, людей, дорога!</b></p>\n\n<p class=\"poem\">Россия, сегодня, тоже в этой, неразберихе!<br>\nРоссия,  грозит Миру Новой войной!<br>\nЕсли, начнётся Третья Война, конец всем будет тихим!<br>\nМир, накроется разрушительной волной!</p>\n\n<p class=\"poem\"><b>Но, страны продолжают обсуждать войну!<br>\nВместо диалога, они перешли на брань!<br>\nПридётся, выбирать Океанскую или Ядерную волну!<br>\nВ любом случае, Мир станет пустыней, как встарь!</b></p>\n\n<p class=\"poem\">Создатель, оставит на Планете, часть России!<br>\nРоссия будет от Океана до Океана!<br>\nУ руля России, будет Белый Царь – Мессия,<br>\nЕго, кандидатура, в Небе уже согласована!</p>\n\n<p class=\"poem\">Создатель, предложил установить Мир!<br>\nНо, Лидеры стран не хотят договориться!<br>\nШестая Эпоха, должна стать ориентиром,<br>\nШестая Эпоха, должна, со всеми примириться!</p>\n\n<p class=\"poem\">Есть, уже, План Создателя до Новой Весны!<br>\nВсе события, переносятся на следующий год!<br>\nСоздателем, против войны ,заслоны поставлены!<br>\nОн, хочет Мирным сделать Переход!</p>\n\n<p class=\"poem\"><b>Но, если Запад не пойдёт навстречу!<br>\nНавстречу Миру, хлынет Бога Энергия!<br>\nЛюди не знают, что такое, с Богом встреча!<br>\nВпереди, человечество ждут большие потери!</b></p>\n\n<p class=\"poem\">Россия, спешит обогнать Запад!<br>\nНо, не оружием, а, Духом Святым!<br>\nНачинается в Мире, военного настроя, спад,<br>\nСоздатель поменяет человечества быт!</p>\n\n<p class=\"poem\"><b>Люди на Планете, не знают этого!<br>\nРазвитие людей, по их причине, ограничено!<br>\nВаша, Цивилизация в Космосе, слабое звено!<br>\nЧеловечество, неверием пронизано!</b></p>\n\n<p class=\"poem\"><b>Сегодня, впереди всех, немного Россия!<br>\nИбо, 30 томов Знаний не расширили Ум!<br>\nВ стихах, ежедневно, передаются Знания,<br>\nНо, в головах людей, потусторонний шум!</b></p>\n\n<p class=\"poem\">Создатель, решил, пересмотреть Россию!<br>\nИбо, мало Творящего Начала Начал!<br>\nМежду Создателем и людьми, стоит Мессия,<br>\nНо, в России нет Духа, а есть, только, печаль!</p>\n\n<p class=\"poem\"><b>Россия, готовится к Переходу, усиленно!<br>\nНо, Мир не обращает на это внимания!<br>\nРоссия, не будет воспринимать это смиренно!<br>\nУ России, проснулось Судьбы понимание!</b></p>\n\n<p class=\"poem\"><b>Мир уходит, постепенно, во Тьму!<br>\nБез Создателя, люди обречены на смерть!<br>\nНадо, России, срочно, остановить войну!<br>\nСпасение людей, заложено в Вере!</b></p>\n\n<p class=\"noind\">Да будет Свет Истины!<br>\nОтец Абсолют или Высший Космический Разум!</p>","Files":null,"Date":"2025-10-02T12:13:46.846+03:00","DateChange":"2025-10-02T12:16:53.679+03:00","Link":"poems/02.10.25","Id":"68de427fa54a1c5e921ef20a","Srv":"otk","Deleted":false,"Titles":["Россия, готовится к Переходу, усиленно!"]}
