{"Id":"62195b9e5d5a11c6eb22ae89","Deleted":false,"Active":false,"DateChange":"2026-01-22T12:10:03.193+03:00"}
{"Data":{"Next":null,"NoFooter":false,"PoemOutDict":false,"Titles":null,"Number":"№22 (3539)"},"Active":true,"Catalog":"570ef2fcd07cda3e16f93ef7","Description":"<p class=\"poem\">Создатель, подводит Итоги!<br>\nИтоги Правды или статистики!<br>\nОбнищали людей потоки!<br>\nЖизнь, оказалась мистикой!</p>\n\n<p class=\"poem\">Россия, теперь, как все!<br>\nОбщий объём населения!<br>\nПланета, почти, во Мгле,<br>\nСрока жизни снижение!</p>\n\n<p class=\"poem\">Россия, тоже, шагнула вниз!<br>\nСоюз, видел подъём жизни!<br>\nРаспад Союза &ndash; это карниз!<br>\nТеперь, все люди лишние!</p>\n\n<p class=\"poem\">Россию, теперь, не отличишь!<br>\nОт всего населения!<br>\nНичего, Нового не встретишь,<br>\nСегодня, власти исполнение!</p>\n\n<p class=\"poem\">Нет, у Руси концепции!<br>\nНет, Планов страны вперёд!<br>\nУ России, плохая позиция!<br>\nЭкономика, задом наперёд!</p>\n\n<p class=\"poem\">Нет Концепции, и нет Задачи!<br>\nЧто хочет, видеть Русь впереди?<br>\nВ Народе, слышен, постоянный плачь!<br>\nРяды людей, очень поредели!</p>\n\n<p class=\"poem\">Вам, надо, срочно повернуться к Богу!<br>\nЛюди, не имеют Права, руководить!<br>\nПора, подводить Итоги!<br>\nТакой, России не жить!</p>\n\n<p class=\"poem\">Никто не понял, зачем война?<br>\nЧто имел в виду Президент?<br>\nРоссию скоро встретит волна!<br>\nОстанется, от Союза монумент!</p>\n\n<p class=\"poem\">Это, коснётся, всего Мира, тоже!<br>\nНет, у Планеты, никакой, перспективы!<br>\nКонец, Пятой Эпохи, сложен!<br>\nНет, у Планеты, впереди, позитива!</p>\n\n<p class=\"poem\">Необходимо, срочно поменять!<br>\nНаправление развития!<br>\nНадо против Тьмы встать!<br>\nЗначит, поменять людей бытие!</p>\n\n<p class=\"poem\">Россия, имеет Договор с Богом!<br>\nНо, это не страна, а Народ!<br>\nСоздатель недоволен Итогом!<br>\nПора, Квантовый, начинать переход!</p>\n\n<p class=\"poem\">Но, Переход &ndash; это не слова,<br>\nЭто, прежде всего, дело!<br>\nВо власти должна быть голова,<br>\nПока, нет, ни головы, и ни тела!</p>\n\n<p class=\"poem\">Планета &ndash; это Промысел Бога!<br>\nЭволюция &ndash;это другая Эпоха!<br>\nПечальные пока, Итоги!<br>\nНе перейти, никому, сходу!</p>\n\n<p class=\"poem\">У России есть основания!<br>\nИбо, согласованы условия!<br>\nУ Белого Царя, есть понимание!<br>\nЧто, надо убрать сословия!</p>\n\n<p class=\"poem\">Сословия на Руси &ndash; это власть!<br>\nПотерявшая, Право быть!<br>\nУ Народа, отнята сопротивления, страсть!<br>\nЛюди, в таких условиях не хотят жить!</p>\n\n<p class=\"poem\">Россия, нужна Создателю!<br>\nЕму, понятна не страна, а, Народ!<br>\nУ Него есть Право владения,<br>\nБог, может для власти, закрыть вход!</p>\n\n<p class=\"poem\">Ему, не нужна власть людей!<br>\nЭпохи, показали, что это, плохо!<br>\nДля Создателя, Разум важней!<br>\nЛюди – это воры или лохи!</p>\n\n<p class=\"poem\">Надо, срочно поменять Мир!<br>\nСоздатель, ждёт этого на Вече!<br>\nТолько, Создатель для людей ориентир!<br>\nОн, на Вече зажжёт свечи!</p>\n\n<p class=\"poem\">В этом году, создатель примет всё!<br>\nШестая Эпоха, должна состояться!<br>\nБог уберёт с Планеты жульё!<br>\nВам, надо на Вече определиться!</p>\n\n<p class=\"poem\">На Вече, Белый Царь скажет,<br>\nРешение Создателя и Народа!<br>\nОн, Планеты Новый Путь покажет!<br>\nНачинается, людей-Богов, порода!</p>\n\n<p class=\"noind\">Да будет Свет Истины!<br>\nОтец Абсолют или Высший Космический Разум!</p>","Files":null,"Date":"2026-01-22T10:56:56.763+03:00","DateChange":"2026-01-22T10:58:20.151+03:00","Link":"poems/22.01.26","Id":"6971d87963211ec1b61bbeaa","Srv":"otk","Deleted":false,"Titles":["Вам, надо, срочно повернуться к Богу!"]}
{"Data":{"Next":"poems/22.01.26","NoFooter":false,"PoemOutDict":false,"Titles":null,"Number":"№21 (3538)"},"Active":true,"Catalog":"570ef2fcd07cda3e16f93ef7","Description":"<p class=\"poem\">Делать, уже, ничего не надо!<br>\n<b>Надо готовить Сознание!</b><br>\nНикаких, впереди преград!<br>\nТолько, Судьбы осознание!</p>\n\n<p class=\"poem\">Эволюция &ndash; это порядок!<br>\nПорядок, в Небе и на Планете!<br>\nПятая Эпоха уносит упадок!<br>\nИ прошлое от монеты!</p>\n\n<p class=\"poem\">Люди не знают, что надо?<br>\nНет, впереди продолжения!<br>\nЧеловек, сам себе преграда!<br>\nОн, сам себе, торможение!</p>\n\n<p class=\"poem\">Создатель, начинает движение!<br>\nРоссия, переходит в Небо!<br>\nМатерия, повторяю, торможение!<br>\nПятая Эпоха, уже, Небыль!</p>\n\n<p class=\"poem\">Люди, против Бога, из Пятой!<br>\nОни, перемещаются на Погост!<br>\nДругие, ожидают, Там с лопатой!<br>\nЛюди, в гробах во весь рост!</p>\n\n<p class=\"poem\">Они, прожили, по-разному!<br>\nНо, все раньше, конца!<br>\nОни, прошли Путь, праздно!<br>\nОриентируясь, на тельца!</p>\n\n<p class=\"poem\">Теперь, на Планете смена!<br>\nРусь, занимает место!<br>\nЭто Планетарная перемена,<br>\n<b>Пришли Боги, людей, вместо!</b></p>\n\n<p class=\"poem\">Путь, очерчен Богом, ясно!<br>\nЛюди переходят в Энергию!<br>\nЖизнь, ожидается прекрасной!<br>\nУ Богов, не бывают потери!</p>\n\n<p class=\"poem\">Знания, есть от Создателя!<br>\nОни, раскрыли Сознание!<br>\nНачинают Нового созидание:<br>\nНового Мира здание!</p>\n\n<p class=\"poem\">Теперь, на Планете Боги!<br>\nС совершенным Сознанием!<br>\nПланета, подведёт Итоги!<br>\nБудет, Судьбы осознание!</p>\n\n<p class=\"poem\">Пройдёт, репетиция Вече!<br>\nКак, предпоследний Парад!<br>\nСоздатель, зажжёт свечи!<br>\n<b>Не будет Пути назад!</b></p>\n\n<p class=\"poem\">Планета, уберёт сословия!<br>\nКак, материальный балласт!<br>\nБудут выравнены условия!<br>\nДля Богов, не бывает погост!</p>\n\n<p class=\"poem\"><b>Теперь, всем, будет понятно!<br>\nЧто Мир перешёл черту!<br>\nБелый Царь сказал, внятно,<br>\nЧто, прошлое ушло к Чёрту!</b></p>\n\n<p class=\"poem\">Россия, подписала Договор!<br>\nДоговор, как условия!<br>\nДороге, теперь, открыт створ!<br>\nКак, войны, послесловие!</p>\n\n<p class=\"poem\">Теперь, Боги, уже, начинают!<br>\nПерестраивать Пространство!<br>\nОни, уже понимают,<br>\nЧто, прекращены все странствия!</p>\n\n<p class=\"poem\"><b>Этот Мир, перестраивает Россия!<br>\nСделает, так, как в Небе!<br>\nПерестроить Мир &ndash; это Её миссия!<br>\nЛюди-Боги в Небе, ещё, не были!</b></p>\n\n<p class=\"poem\"><b>В, Шестой Эпохе Планета, засияет Светом!<br>\nЯрче, которого, на Небе нет!<br>\nБоги, станут жить по Заветам!<br>\nПланета, получит в Космос, Билет!</b></p>\n\n<p class=\"poem\">Теперь, Планета &laquo;Святая Русь&raquo;,<br>\nПривлекает людей внимание!<br>\nЧистота Расы, это главное условие, пусть!<br>\nНо, это Главное от Бога, Задание!</p>\n\n<p class=\"poem\">Планета, поднимется выше!<br>\nИбо, нет ничего порочного!<br>\nОна, будет всех Планет свыше!<br>\nБудет, примером, Высшей точности!</p>\n\n<p class=\"poem\">Планета, станет образцом!<br>\nОбразцом, совершенства, в Духе!<br>\nШестая Эпоха, со счастливым лицом!<br>\n<b>Началом, будет, Седьмой Эпохи!</b></p>\n\n<p class=\"poem\">Создатель, покажет, что это &ndash; Рай!<br>\nВершина Эволюции, в Духе!<br>\nТеперь это Центр, а не край!<br>\nТьма, уменьшит, свои потуги!</p>\n\n<p class=\"poem\">Вы, начинаете Переход к Свету!<br>\nДостигнете Великого Равновесия!<br>\nМир, будет жить по Заветам!<br>\nЭто, для всех Вселенных, Известие!</p>\n\n<p class=\"noind\">Да будет Свет Истины!<br>\nОтец Абсолют или Высший Космический Разум!</p>","Files":null,"Date":"2026-01-21T10:44:30.571+03:00","DateChange":"2026-01-21T10:46:14.628+03:00","Link":"poems/21.01.26","Id":"697084041665a2f97e1bd708","Srv":"otk","Deleted":false,"Titles":["В Шестой Эпохе, Планета засияет Светом!"]}
{"Data":{"Next":"poems/21.01.26","NoFooter":false,"PoemOutDict":false,"Titles":null,"Number":"№20 (3537)"},"Active":true,"Catalog":"570ef2fcd07cda3e16f93ef7","Description":"<p class=\"poem\">Погода, бушует в Мире!<br>\nПредсказать ничего нельзя!<br>\nНе ожидается перемирия!<br>\nС Ума сошла, Планета Земля!</p>\n\n<p class=\"poem\">Энергия людей, против Планеты!<br>\nЗлоба, со знаком Минус!<br>\nЖизнь, уже не стоит монеты!<br>\nЛюди, словно, разожгли примус!</p>\n\n<p class=\"poem\">Теперь, это остановить трудно!<br>\nНачало Эпохи, тоже, не остановить!<br>\nЛюди, устало, идут на Дно!<br>\nПридётся, помощь у Бога, просить!</p>\n\n<p class=\"poem\">Дисбаланс набирает силу!<br>\nЭто называется, Минус на Плюс!<br>\nЭнергия, недовольства идёт по Миру!<br>\nНа Небесах, превалирует, Минус!</p>\n\n<p class=\"poem\">Пока, не пройдёт, эта болезнь,<br>\nПланету, будет качать!<br>\nЭто, для людей месть!<br>\nВойна &ndash; это не Бога, печать!</p>\n\n<p class=\"poem\">Перед людьми, Планета!<br>\nСо своей Психологией!<br>\nЛюди, продолжают жить монетой,<br>\nА не Идеологией!</p>\n\n<p class=\"poem\">Все, получают по Полной Программе!<br>\nЛюди &ndash; часть Бога и часть Планеты!<br>\nЗа всё надо платить, до грамма!<br>\nТеперь, здоровьем, а не монетой!</p>\n\n<p class=\"poem\"><b>Иудеи, выбрали Золотого Тельца!<br>\nЛюцифер, предложил, как надо!<br>\nТелец, ведёт их до конца!<br>\nПревратив Народ в стадо!</b></p>\n\n<p class=\"poem\">Из всех людей, впереди, Русь!<br>\nОна, первая, опустилась на Твердь!<br>\nСреди, Славян, есть не русские, пусть!<br>\nОни, вместе, открыли дверь!</p>\n\n<p class=\"poem\">Теперь, есть Мир Славян!<br>\nИ есть Мир, пришлых!<br>\nМожно сказать, есть Мир древлян!<br>\nИ Мир, людей, прошлых!</p>\n\n<p class=\"poem\">Не соединить тех, кто с Неба!<br>\nС людьми из других Планет!<br>\nУ них, разная в Духе Быль!<br>\nИ Свой, настрой на монету!</p>\n\n<p class=\"poem\">Даже, в Ветхом Завете &ndash; это есть!<br>\nОни, предложили религию!<br>\nУ Славян накопилась месть,<br>\nЗа, надетые на них, вериги!</p>\n\n<p class=\"poem\"><b>Планета, была превращена в Погост!<br>\nВ Погост, для Первых Богов!<br>\nСегодня, соблюдается Пост!<br>\nКак время, оков, для Богов!</b></p>\n\n<p class=\"poem\"><b>Теперь, Русь объявит Тьме отмену!<br>\nЛюди-Боги пошли на второй круг!<br>\nДругие люди-Боги придут на смену!<br>\nЭволюция закончит Шестой круг!</b></p>\n\n<p class=\"poem\">Все, кто с Люцифером уйдут!<br>\nВо Вселенной много Планет!<br>\nПланету Земля, Русские займут!<br>\nНо, конечно, без монеты!</p>\n\n<p class=\"poem\">Россия, будет Началом Начал!<br>\nПовторяю, это Её Судьба!<br>\nОн, уже, сегодня, Неба Причал!<br>\nЗабывая, что есть людская гурьба!</p>\n\n<p class=\"poem\">Пройдёт, этот год, испытаний!<br>\nКак, Начало Нового Пути!<br>\nНе будет никаких скитаний!<br>\nРусь, Начало Нового Пути, по сути!</p>\n\n<p class=\"poem\">Теперь, остаётся убрать Тьму!<br>\nТьма &ndash; это люди, без Света!<br>\nЖизнь, похожая на кутерьму,<br>\nНо, Боги, будут жить по Завету!</p>\n\n<p class=\"poem\">Власть, богатых людей уйдёт!<br>\nТакого, не повторится!<br>\nКаждый Бог, поймёт,<br>\nЧто Тьма, растворится!</p>\n\n<p class=\"poem\">До, конца года пройдёт всё!<br>\nПланета развеет Тьму!<br>\nУйдёт с Планеты и ворьё!<br>\nБоги, забудут и про тюрьму!</p>\n\n<p class=\"poem\">Пятая Эпоха, как страшный сон!<br>\nЭто, набор всех грехов!<br>\nПогост будет уже, как газон!<br>\nГазон, прогнивших оков!</p>\n\n<p class=\"poem\">За один год, всё изменится!<br>\nК 30 году, Планету не узнать!<br>\nБоги в Духе, в Небо поднимутся!<br>\nЭтих Богов, Создатель будет ожидать!</p>\n\n<p class=\"noind\">Да будет Свет Истины!<br>\nОтец Абсолют или Высший Космический Разум!</p>","Files":null,"Date":"2026-01-20T11:07:36.384+03:00","DateChange":"2026-01-20T11:09:44.556+03:00","Link":"poems/20.01.26","Id":"696f37e796154060684687df","Srv":"otk","Deleted":false,"Titles":["Теперь, Русь объявит Тьме, отмену!"]}
{"Data":{"Next":"poems/18.01.26","NoFooter":false,"PoemOutDict":false,"Titles":null,"Number":"№17 (3534)"},"Active":true,"Catalog":"570ef2fcd07cda3e16f93ef7","Description":"<p class=\"poem\">Мир, продолжает воевать!<br>\nНо, есть предупрежденье!<br>\nБог, продолжает угрожать!<br>\nЧто, Он начнёт движенье!</p>\n\n<p class=\"poem\">Начнёт движенье, против всех!<br>\nНо, на своих условиях!<br>\nОн станет для людей помехой,<br>\nОсобенно, для сословий!</p>\n\n<p class=\"poem\">Война людей против Создателя,<br>\nЕсть переход &laquo;на Вы&raquo;!<br>\nИ это станет указанием,<br>\nЧто, нет больше Мечты!</p>\n\n<p class=\"poem\">Эпоха Пятая, упрямства!<br>\nИ нет, при Равенстве Любви!<br>\nПодобие, есть для людей мытарства,<br>\nНа человеческой крови!</p>\n\n<p class=\"poem\">За эти годы, были войны!<br>\nПожары были, грабежи!<br>\nСлучались и Морские волны,<br>\nРабов, случались мятежи!</p>\n\n<p class=\"poem\">Эпоха, прошлая старела!<br>\nУмом и Духом не росла!<br>\nЖизнь прожила так неумело,<br>\nИ опустила, всех до дна!</p>\n\n<p class=\"poem\">Люди пытались доказать,<br>\nЧто Мир &ndash; это Восход!<br>\nИ люди, попытались встать!<br>\nИ перейти, в Поход!</p>\n\n<p class=\"poem\">Поход, похожий на восстанье!<br>\nНе поддержал никто!<br>\nИ с жизнью, было расставанье!<br>\nИ жизнь не стоила ничто!</p>\n\n<p class=\"poem\">Прошло, Начало и Конец!<br>\nПрактически, нет изменений!<br>\nПрощальным, был людей Венец!<br>\nИ никаких в Духе, видений!</p>\n\n<p class=\"poem\">Сегодня, не видать и Завтра!<br>\nЭпохи, наступил Конец!<br>\nИ грустная, открылась Правда!<br>\nИ бесполезным, был Венец!</p>\n\n<p class=\"poem\">Эпоха Новая не продолженье!<br>\nА, Новый резкий поворот!<br>\nНо, для Руси &ndash; это везенье!<br>\nЕй уготован в Небо вход!</p>\n\n<p class=\"poem\">Это, почти, как продолженье!<br>\nВойна, идёт среди людей!<br>\nИ Бога слышно наставленье,<br>\nОно звучит сильней!</p>\n\n<p class=\"poem\">Вам, место есть в Шестой Эпохе!<br>\nПо Плану &ndash; это Духа год!<br>\nПо Тверди не пройдут потоки,<br>\nДля плоти, Бог закрыл проход!</p>\n\n<p class=\"poem\">Практически, людей не будет!<br>\nПройдут, лишь Единицы!<br>\nСоздатель, Пятый шаг забудет!<br>\nОн, перепишет все страницы!</p>\n\n<p class=\"poem\">Создатель, выбрал, только, Русь!<br>\nВ Надежде на успех!<br>\nОшибок, было много, пусть!<br>\nНе будет, впереди помех!</p>\n\n<p class=\"poem\">Упрямства, Ей не занимать!<br>\nОсталось пониманье!<br>\nОна, пыталась Дух поднять!<br>\nКак, Бога пожеланье!</p>\n\n<p class=\"poem\">И подготовка в 20 лет,<br>\nНе срок, а, лишь, мгновенье!<br>\nНо, пригодился Ей момент,<br>\nКак Бога, проведенье!</p>\n\n<p class=\"poem\">Создатель подарил Мессию!<br>\nКак, тайну из Ларца!<br>\nПрошла успешно сессия,<br>\nНо, с помощью Творца!</p>\n\n<p class=\"poem\">Теперь, Эпоха не погибнет!<br>\nИ подготовлен Исполнитель!<br>\nИ Новый Мир, уже возникнет!<br>\nА, Белый Царь &ndash; хранитель!</p>\n\n<p class=\"poem\">Создатель, Вам сказал одно!<br>\nНа Вече повторить слова!<br>\nХочу услышать, лишь, одно,<br>\nВеликое России: &laquo;ДА&raquo;!</p>\n\n<p class=\"poem\">А, дальше всё будет по Плану:<br>\nПланета поменяет свод!<br>\nНе будет никакого клана,<br>\nОткроется, Вам в Небо, Вход!</p>\n\n<p class=\"poem\">Вы сохраните Ум, Сознание!<br>\nИ осознание Богов!<br>\nПридёт от Бога указанье,<br>\nКак, продолжение томов!</p>\n\n<p class=\"poem\">Очнётся, Мир завещанный Вам Богом!<br>\nВы, заслужили облака!<br>\nВы, Боги, первого потока!<br>\nВы, первые и навсегда!</p>\n\n<p class=\"poem\">Теперь, все встречные потоки!<br>\nНе встретят горя никогда!<br>\nВы &ndash; Свет встающий на Востоке!<br>\nВы &ndash; в Небе Яркая Звезда!</p>\n\n<p class=\"noind\">Да будет Свет Истины!<br>\nОтец Абсолют или Высший Космический Разум!</p>","Files":null,"Date":"2026-01-17T11:36:51.16+03:00","DateChange":"2026-01-19T19:42:40.85+03:00","Link":"poems/17.01.26","Id":"696b4a490005eb7df4f2eeb6","Srv":"otk","Deleted":false,"Titles":["Очнулся Мир, завещанный Вам Богом!"]}
{"Data":{"Next":"poems/20.01.26","NoFooter":false,"PoemOutDict":false,"Titles":null,"Number":"№19 (3536)"},"Active":true,"Catalog":"570ef2fcd07cda3e16f93ef7","Description":"<p class=\"poem\">Уже, Крещение России!<br>\nПеред Началом Важен Крест!<br>\nИ впереди, Руси, Мессия!<br>\nБез Бога, нет России мест!</p>\n\n<p class=\"poem\">Но, у России, нет Идеи!<br>\nОна, оставила всё в Пятой!<br>\nСегодня, Русь, словно, Помпеи,<br>\nПод властью, Супостата!</p>\n\n<p class=\"poem\"><b>Она, сегодня, на Пороге!<br>\nОдна нога Её, во Тьме!<br>\nВокруг, Неё одни отроги!<br>\nНога, вторая на Земле!</b></p>\n\n<p class=\"poem\">Россия &ndash; это половины!<br>\nОдна &ndash; капитал, а вторая &ndash; Союз!<br>\nУ Народа, нет в том вины!<br>\nВласть, продолжает юз!</p>\n\n<p class=\"poem\">Крещение, толкает к Богу!<br>\nНо, на другой, уже, волне!<br>\nПридётся, подвести Итоги,<br>\nНа крещенской воде!</p>\n\n<p class=\"poem\">Святое, ждёт Русь омовение!<br>\nУже, на грани Перехода!<br>\nОна, начнёт к Богу движение!<br>\nПодойдя, к Входу!</p>\n\n<p class=\"poem\">Сегодня, всё не так, как раньше!<br>\nДругие, будут времена!<br>\nВам видится, теперь, подальше!<br>\nВы, для Эпохи &ndash; смена!</p>\n\n<p class=\"poem\">Пророк, пришёл и Он - готов!<br>\nСказать, Слова Создателя!<br>\nОн должен снять оковы,<br>\nИ это, обязательно!</p>\n\n<p class=\"poem\">Эпоха, Новая и Кон!<br>\nПорядок от Создателя!<br>\nРоссия, поменяет тон!<br>\nОна есть Созидатель!</p>\n\n<p class=\"poem\">Россия, предлагает Знания!<br>\nОна, от Бога, в Новый век!<br>\nЗа Ней и понимание!<br>\nСвет на Руси, ещё не мерк!</p>\n\n<p class=\"poem\">Без Бога, не войти в Эпоху!<br>\nВ Эпохе, наставление!<br>\nЕй, перейти Эпоху сходу!<br>\nВ том, будет достижение!</p>\n\n<p class=\"poem\">Она, для Мира, как пример!<br>\nДуховность &ndash; это Вера!<br>\nСознание, есть, человека Мера,<br>\nИ в Духе, Атмосфера!</p>\n\n<p class=\"poem\">Создатель рядом &ndash; это Цепь!<br>\nЦель, Тьме противостояние!<br>\nА, Равенство Богов &ndash; есть Цель!<br>\nИ в Духе состояние!</p>\n\n<p class=\"poem\">Сегодня, в Мире, не война!<br>\nСегодня, есть прозрение!<br>\nВажно, услышать Бога слова,<br>\nНачать, надо движение!</p>\n\n<p class=\"poem\">Россия, предлагает Дух!<br>\nНаправление, только, Белое!<br>\nНапрасен на Планете слух,<br>\nУ Руси, желание смелое!</p>\n\n<p class=\"poem\">Бог, предложил Её Судьбу!<br>\nШестую, возглавить Эпоху!<br>\nРусь, предложила воинство, а не гурьбу,<br>\nРоссия &ndash; это в Духе, подмога!</p>\n\n<p class=\"poem\">Россия с Создателем, создала религию!<br>\nРелигию, Белого образца,<br>\nНет, в этой религии, вериг!<br>\nЭто, религия ПервоТворца!</p>\n\n<p class=\"poem\">Все религии, остаются в Пятой!<br>\nВ них, не было ничего от Бога!<br>\nВ этих, религиях и Свет невнятный!<br>\nЭто, управление людьми, в итоге!</p>\n\n<p class=\"poem\">Создатель, передал Знания!<br>\nЗначит, Свою религию!<br>\nПроснётся Вед, понимание!<br>\nПовторяю, не будет вериг!</p>\n\n<p class=\"poem\">Белый Царь, проводник Веры!<br>\n30 томов, не энциклопедия!<br>\nЭто, образец, жизни, меры!<br>\nИли Конституция поведения!</p>\n\n<p class=\"poem\">В этом году, Первый шаг!<br>\nРоссия, станет Основой!<br>\nОна, поднимет Создателя Стяг!<br>\nОна, сотворит Мир Новый!</p>\n\n<p class=\"noind\">Да будет Свет Истины!<br>\nОтец Абсолют или Высший Космический Разум!</p>","Files":null,"Date":"2026-01-19T11:36:17.675+03:00","DateChange":"2026-01-19T11:37:38.373+03:00","Link":"poems/19.01.26","Id":"696ded250005eb7df4f2eebb","Srv":"otk","Deleted":false,"Titles":["Россия с Создателем, создали религию!"]}
{"Data":{"Next":"poems/19.01.26","NoFooter":false,"PoemOutDict":false,"Titles":null,"Number":"№18 (3535)"},"Active":true,"Catalog":"570ef2fcd07cda3e16f93ef7","Description":"<p class=\"poem\">Нужны Миру, слова, от Бога!<br>\nКак, карусель на Небесах!<br>\nНачинаются, Планеты итоги!<br>\nМир, раскрывается в Чудесах!</p>\n\n<p class=\"poem\">Открылись, Новые просторы!<br>\nМир, поменяется, опять!<br>\nИ, на Россию, будут взоры!<br>\nЕй, перед Миром, надо встать!</p>\n\n<p class=\"poem\">В начале года, будут страсти!<br>\nПланета вздрогнет, как всегда!<br>\nЛюдей, откроются, все масти!<br>\nРоссия, будет, лишь, одна!</p>\n\n<p class=\"poem\">За год, Мир сразу перейдёт!<br>\nВ другую, Новую, Эпоху!<br>\nРоссия, первая поймёт,<br>\nОткрылись в Небо, переходы!</p>\n\n<p class=\"poem\">И, чудеса, увидят люди!<br>\nПреображение заденет!<br>\nА Космос, станет, всем прелюдией!<br>\nИ, Новый Мир, всех примет!</p>\n\n<p class=\"poem\">Прозрение, охватит всех!<br>\nПланету, человечество!<br>\nНе будет, никаких помех!<br>\nДля, Нового Отечества!</p>\n\n<p class=\"poem\">Религии, уже не смогут,<br>\nПомочь, кто в них!<br>\nИх в бездну тины, унесут,<br>\nЗа, очень краткий, Миг!</p>\n\n<p class=\"poem\">Останутся, кто в Боге!<br>\nРоссия, сохранит своё!<br>\nСпасёт, своих в Итоге!<br>\nКак, Воинство, Моё!</p>\n\n<p class=\"poem\">Другие, страны пострадают!<br>\nПройдётся, смерч по городам!<br>\nЭнергии, грехи откроют,<br>\nИ, чистота, прорвётся, там!</p>\n\n<p class=\"poem\">А, переход не будет долгим!<br>\nВ году, закончится, на шесть!<br>\nПоток смерчей, почти, как Волга!<br>\nТо, будет чистка, а, не месть!</p>\n\n<p class=\"poem\">Война Славян, Вам помешала!<br>\nСлова от Бога, в стороне!<br>\nЭпоха Пятая, устала,<br>\nВедь, не на той, она тропе!</p>\n\n<p class=\"poem\">Россия, летом, всем объявит!<br>\nЧто, надо делать шаг, вперёд!<br>\nОна, Новый порядок, явит!<br>\nИ Первая, туда войдёт!</p>\n\n<p class=\"poem\">Россия, скажет, как всем, надо!<br>\nСоздатель, в Небо, всех возьмёт!<br>\nСоздатель, уберёт преграды!<br>\nИ за собой, всех позовёт!</p>\n\n<p class=\"poem\">Готовность, будет у России!<br>\nСоздатель, подготовил Путь!<br>\nЕсть у Руси, Пророк-Мессия!<br>\nОн, Белый Царь, Планеты, Суть!</p>\n\n<p class=\"poem\">Другие страны в изумлении!<br>\nИбо, Россия впереди!<br>\nОна покажет исполнение,<br>\nВсё, прошлое, уж, позади!</p>\n\n<p class=\"poem\">Теперь, пред Ней, только, Эпоха!<br>\nОткрытый, Путь на Небеса!<br>\nОна, всех, подождёт у Входа!<br>\nОткроет, людям, чудеса!</p>\n\n<p class=\"poem\">И год, окажется прекрасным!<br>\nНе надо, ожидать преград!<br>\nНе будет, ничего опасным!<br>\nЖизнь в Духе, Вам, награда!</p>\n\n<p class=\"poem\">Все, кто мечтали о гордыне!<br>\nИ, говорили о тельце,<br>\nНа дне, останутся отныне!<br>\nУ Тьмы, сегодня, на крыльце!</p>\n\n<p class=\"poem\">Планета, с чисткой поспешит!<br>\nОна, Пентакль, остановит!<br>\nОна, поможет грехи, смыть!<br>\nОктаэдр, поставит!</p>\n\n<p class=\"poem\">События, пройдут мгновенно!<br>\nНикто, не будет ожидать!<br>\nРоссия, начала готовить, смену!<br>\nДля, тех, кто будет начинать!</p>\n\n<p class=\"poem\">Россия, вспомнит про Союз!<br>\nНо, на Божественной основе!<br>\nПятая Эпоха &ndash; это юз!<br>\nМир будет, уже, Новым!</p>\n\n<p class=\"poem\">Мир, ожидает Руси, предложение!<br>\nКоторое, готовит Народ!<br>\nСлова Создателя, как Заключение!<br>\nВ Новый Мир, будет открыт Проход!</p>\n\n<p class=\"noind\">Да будет Свет Истины!<br>\nОтец Абсолют или Высший Космический Разум!</p>","Files":null,"Date":"2026-01-18T11:16:19.882+03:00","DateChange":"2026-01-18T11:19:48.39+03:00","Link":"poems/18.01.26","Id":"696c96fb0005eb7df4f2eeba","Srv":"otk","Deleted":false,"Titles":["Мир ожидает от Руси, Предложение!"]}
{"Data":{"Next":"poems/17.01.26","NoFooter":false,"PoemOutDict":false,"Titles":null,"Number":"№16 (3533)"},"Active":true,"Catalog":"570ef2fcd07cda3e16f93ef7","Description":"<p class=\"poem\">Мир, словно, в изумлении!<br>\nПеред наступающей грозой!<br>\nИ люди, как в оцепенении!<br>\nПред, незнакомою тропой!</p>\n\n<p class=\"poem\">Но, шаг вперёд, Вам надо сделать!<br>\nДругого нет решения!<br>\nПланету надо переделать!<br>\nПод, Новое движение!</p>\n\n<p class=\"poem\">Путь в Эволюцию, не отменить!<br>\nЭто закономерность Мира!<br>\nОбречены, Вы так прожить!<br>\nБез, нужного ориентира!</p>\n\n<p class=\"poem\">Есть, много путей человечества!<br>\nЕсть и Эволюция Природы!<br>\nЕсть много Народов или Отечеств,<br>\nУ каждого их всех, своя дорога!</p>\n\n<p class=\"poem\">Цикл Эволюции 26000 лет!<br>\nЧеловечеству не знакомо!<br>\nЭто от Природы, людям Совет!<br>\nЗа нарушение Канонов!</p>\n\n<p class=\"poem\">Люди вспомнили об этом!<br>\nКогда, постучалась Эпоха!<br>\nЛюди забудут потом,<br>\nЭволюция для них, не подвох!</p>\n\n<p class=\"poem\">Приближается Шестая Эпоха!<br>\nВибрации изменят Мир!<br>\nНикто, не перейдёт сходу,<br>\nЛюди, не имеют ориентир!</p>\n\n<p class=\"poem\">Никто, не получит поддержки!<br>\nБог, недоволен людьми!<br>\nЛюдей, ожидают издержки,<br>\nИбо, что ни возьми!</p>\n\n<p class=\"poem\">Люди, живут без Веры!<br>\nСловно, они в Мире, одни!<br>\nАлчность, не имеет меры,<br>\nНе видно, вокруг, ни зги!</p>\n\n<p class=\"poem\">Первой, проснулась Россия!<br>\nОна, словно, остров Духа!<br>\nСпасти, других Её миссия!<br>\nНеизвестно, откуда!</p>\n\n<p class=\"poem\">Россия развернулась к Богу!<br>\nЕё направление в Небо!<br>\nПервые, подвела Итоги!<br>\nОна, шагнула в Небыль!</p>\n\n<p class=\"poem\">Всё, может быть нереально!<br>\nТакого, не было никогда!<br>\nСпасать людей, актуально!<br>\nВулканов, готова череда!</p>\n\n<p class=\"poem\">Люди, должны опасаться!<br>\nЕсть, у Бога Сценарий!<br>\nОт жизни, нельзя отказаться,<br>\nДля объяснения, есть Глоссарий!</p>\n\n<p class=\"poem\">Преображение &ndash; Новое слово!<br>\nЗначит, и Новая жизнь!<br>\nДух, теперь будет Основой!<br>\nЛюди, иные, будут жить!</p>\n\n<p class=\"poem\">Пришёл, срок изменений!<br>\nПервый Этап &ndash; это Дух!<br>\nУ людей, нет единого мнения!<br>\nГлавное, что это, не вдруг!</p>\n\n<p class=\"poem\">Россия, должна подняться!<br>\nДо уровня Энергии!<br>\nЭто должно сказаться,<br>\nНа жизни людей, без потери!</p>\n\n<p class=\"poem\">С чего начинать, неизвестно?<br>\nСпасает людей, Сознание!<br>\nЛюди, должны решить совместно!<br>\nИбо, люди-Боги со Знаниями!</p>\n\n<p class=\"poem\">Надо, принять Решение и всем сказать &laquo;Да&raquo;!<br>\nТогда, всё изменится навсегда!<br>\nСегодня, Создатель ожидает &laquo;Да&raquo;,<br>\nЗначит, Единого для всех Мнения!</p>\n\n<p class=\"poem\">Всё, начинается с Согласия!<br>\nОдного, сразу, на Всех!<br>\nНа Вече, должна быть Единая Сессия!<br>\nСоздатель, уберёт все помехи!</p>\n\n<p class=\"noind\">Да будет Свет Истины!<br>\nОтец Абсолют или Высший Космический Разум!</p>","Files":null,"Date":"2026-01-16T11:11:57.021+03:00","DateChange":"2026-01-16T11:13:31.835+03:00","Link":"poems/16.01.26","Id":"6969f3026b59a885b42fdf98","Srv":"otk","Deleted":false,"Titles":["Надо принять решение и всем сказать «Да»!"]}
{"Data":{"Next":"poems/16.01.26","NoFooter":false,"PoemOutDict":false,"Titles":null,"Number":"№15 (3532)"},"Active":true,"Catalog":"570ef2fcd07cda3e16f93ef7","Description":"<p class=\"poem\">Русь поднялась, Она готова!<br>\nТуда, где нет, ещё, людей!<br>\nСоздатель, подарил подкову!<br>\nЕй жить для Бога, всех милей!</p>\n\n<p class=\"poem\">Она, решает, что Ей делать!<br>\nСостав на уровне Богов!<br>\nСегодня, знает, что Ей ведать!<br>\nОсвободившись от оков!</p>\n\n<p class=\"poem\">Сегодня, Русь уже, как Лидер!<br>\nВ Её рядах, нет прошлых дней!<br>\nНет, для неё поспешной меры!<br>\nИ Вера для Неё, сильней!</p>\n\n<p class=\"poem\">Такие меры &ndash; это Знанья!<br>\nБез этого, Мир &ndash; тёмный лес!<br>\nДолжно проснуться пониманье,<br>\nЧто, правит Миром, Бес!</p>\n\n<p class=\"poem\">Сегодня, Бес, на горизонте!<br>\nРоссия, чистит Небеса!<br>\nИ жизнь такая, как на Фронте!<br>\nЖизнь, словно, Чудеса!</p>\n\n<p class=\"poem\">России, надо знать, что делать!<br>\nСегодня, только, подготовка!<br>\nРоссия, помнит все Заветы,<br>\nДля, Завтра, Постановка!</p>\n\n<p class=\"poem\">Жизнь, в ожидании, прекрасна!<br>\nИ в омут жизни, с головой!<br>\nНе ощущается, опасность!<br>\nМорской, не тронут Мир, волной!</p>\n\n<p class=\"poem\">Но, применить Управу надо!<br>\nКипенье, перейдёт во взрыв!<br>\nИ люди, сами, себе преграда!<br>\nС Создателем у них разрыв!</p>\n\n<p class=\"poem\">Нужно, устроить перемирье!<br>\nБез, этого, уж, нет Пути!<br>\nДругое, будет измеренье!<br>\nЧтоб, до Сознания дойти!</p>\n\n<p class=\"poem\">Мир, говорит о настоящем!<br>\nРоссия, просит перерыв!<br>\nНикто, не говорит, о стоящем,<br>\nМежду, народами, разрыв!</p>\n\n<p class=\"poem\">Теперь, понять, всё это сложно!<br>\nМир, состоит в неведении!<br>\nРоссия, говорит, что можно!<br>\nСмените, поведение!</p>\n\n<p class=\"poem\">Попробуйте, пойти навстречу?<br>\nНавстречу Миру и Судьбе!<br>\nИ не нужны, пустые речи!<br>\nБез встречи, все окажутся на Дне!</p>\n\n<p class=\"poem\">А, люди не хотят общенья!<br>\nИх накопилось за века!<br>\nИ это, словно, отраженье,<br>\nПустые в Небе, облака!</p>\n\n<p class=\"poem\">Создатель, предложил, что надо!<br>\nВам Знания, Он передал!<br>\nВы, люди, есть себе преграда,<br>\nВы, можете, остановить развал!</p>\n\n<p class=\"poem\">И Мир, пока, не на Пороге!<br>\nСегодня, Он в безмолвии!<br>\nНе ищет, Он себе дороги,<br>\nМешают, всем сословия!</p>\n\n<p class=\"poem\">Сословий, нет уже у Бога!<br>\nОчищен, только один слой!<br>\nШаг, первый, в сторону Порога!<br>\nНо, власти затянули вой!</p>\n\n<p class=\"poem\">Вам надо объяснить, что было!<br>\nВам, надо показать, что Завтра!<br>\nИ Равенство, в Союзе, смыло!<br>\nНе, продержалась, долго, Правда!</p>\n\n<p class=\"poem\">Вот, то, что надо делать!<br>\nОсобенно, сегодня!<br>\nИ люди, будут, тогда, знать,<br>\nНад Миром занялась Заря!</p>\n\n<p class=\"noind\">Да будет Свет Истины!<br>\nОтец Абсолют или Высший Космический Разум!</p>","Files":null,"Date":"2026-01-15T11:57:18.733+03:00","DateChange":"2026-01-15T11:59:35.386+03:00","Link":"poems/15.01.26","Id":"6968ac146b59a885b42fdf97","Srv":"otk","Deleted":false,"Titles":["Создатель, предложил, что надо!"]}
