{"Data":{"Next":"poems/13.06.25","NoFooter":false,"PoemOutDict":false,"Titles":null,"Number":"№12 (3314)"},"Active":true,"Catalog":"570ef2fcd07cda3e16f93ef7","Description":"<p class=\"poem\">Повторяю, что Мир, сегодня, в напряжении!<br>\nЛюди не понимают, что происходит!<br>\nЛюди у Тьмы, оказались, в распоряжении!<br>\nНадежда, на восстановление порядка, уходит!</p>\n\n<p class=\"poem\">Война, как качели: то в одну, то в другую, сторону!<br>\nУкраина, больше не вернётся в Россию!<br>\nТьма, уже объявила, для этого Мира, похороны!<br>\nНикто, не обращает внимания, на Пророка Миссию!</p>\n\n<p class=\"poem\">Эзотерики продолжают, свои песни, Лжи!<br>\nНикто из них не знает Правду!<br>\nЛюди, тоже, не знают, что они делать должны?<br>\nТьмой, закрыто от людей, Завтра!</p>\n\n<p class=\"poem\">Повторяю, что только Россия, знает Свой Путь!<br>\nСоздатель, через Пророка, передал информацию!<br>\nГлавное, что для человека к Богу дорога, и, в этом Суть!<br>\n<b>Но, это, прежде всего, добровольная акция!</b></p>\n\n<p class=\"poem\">Люди не могут сказать этой войне: &laquo;Нет&raquo;!<br>\nИбо, у Мировой власти, есть, против этого, сила!<br>\nНо, этой войны, уже, по-другому, готовится конец!<br>\nТьма, считает, что Она этот Мир остановила!</p>\n\n<p class=\"poem\">Религии, сегодня, поддержали Мировую власть!<br>\nПричём, каждая религия, сделала, по-своему!<br>\nМусульмане показали, в религии, свою страсть!<br>\nВ Библии указано, как надо следовать Ною!</p>\n\n<p class=\"poem\">Но, Создатель &ndash; Один для всего человечества!<br>\nНазван по-разному, но Смысл Бога &ndash; Един!<br>\nЭто, разнообразие продолжается Вечность!<br>\nНо, многоуровневый Мир, на Планете, Один!</p>\n\n<p class=\"poem\">Сегодня, Создатель принял Решение:<br>\nОбъединить, все Народы под Собой!<br>\nБог начал с России, Новое творить, Движение!<br>\nБог выделил Мессию, чтобы остановить, сбой!</p>\n\n<p class=\"poem\">Если не будет Единодушия, продолжится война!<br>\nКоторая, может превратиться уже в Мировую!<br>\nВот когда над Планетой соберётся ядерная гроза,<br>\nВсе разговоры сегодня, о Завтра, впустую!</p>\n\n<p class=\"poem\">Каждая страна имеет свои представления!<br>\nИм кажется, что они могут изменить Мир!<br>\nНикто не пытается осудить Европы, мнение,<br>\nВ Европе, сегодня, капитал &ndash; ориентир!</p>\n\n<p class=\"poem\">Америка, тоже, в таком же, положении!<br>\nДеньгами нельзя остановить войну!<br>\nНужно только к Богу писать прошение,<br>\nТогда, можно поправить, эту вражду!</p>\n\n<p class=\"poem\">Напоминаю, что мусульмане – это сила!<br>\nМожет случиться и с ними, столкновение!<br>\nУ Америки заблуждение, что это Она всех вела,<br>\n<b>Сегодня, Мир изменится в Мгновение!</b></p>\n\n<p class=\"poem\">США и Европа, считают, что Они &ndash; могут!<br>\nЧто Россия не должна сопротивляться!<br>\nНо, Россия и Мусульмане, для них, хомут!<br>\n<b>Мир, не может, долго таким оставаться!</b></p>\n\n<p class=\"poem\">Повторяю, время пришло для Шестой Эпохи!<br>\nВ этой Эпохе, будут уже другие, участники!<br>\nСоздатель, подведёт скоро, Пятой Эпохи итоги!<br>\nБольше не будет на Планете странников!</p>\n\n<p class=\"poem\"><b>Создатель готовит Россию на Главную Роль!<br>\nТолько, Народ России, а не руководство!<br>\nЛюди России, получившие Знания от Бога, это Соль!<br>\nВласть богатых, превратила страну в уродство!</b></p>\n\n<p class=\"poem\">Богатые люди, конечно, стоят за эту власть!<br>\nИбо воровали у Народа, все вместе!<br>\nСоздатель накажет за воровство, каждую мразь!<br>\n<b>Россия &ndash; это для Создателя, а не для воров, Место!</b></p>\n\n<p class=\"poem\">Создатель хочет почистить эту власть!<br>\nИ, конечно, прошлые, все религии!<br>\nОн уже начал творить Богов, Новую Масть!<br>\nЛюдей-Богов для Новой Эпохи, без вериг!</p>\n\n<p class=\"poem\"><b>Процесс Перехода уже принял очертания!<br>\nНапрасно, люди не хотят видеть этого!<br>\nСоздатель, прекращает для России, все скитания!<br>\nБольше, не будет на Планете, прошлого опыта!</b></p>\n\n<p class=\"noind\">Да будет Свет Истины!<br>\nОтец Абсолют или Высший Космический Разум!</p>","Files":null,"Date":"2025-06-12T11:10:38.248+03:00","DateChange":"2025-06-13T13:12:48.248+03:00","Link":"poems/12.06.25","Id":"684a8b9eaf3168edf8022857","Srv":"otk","Deleted":false,"Titles":["Процесс Перехода, уже принял очертания!"]}
{"Data":{"Next":null,"NoFooter":false,"PoemOutDict":false,"Titles":null,"Number":"№13 (3315)"},"Active":true,"Catalog":"570ef2fcd07cda3e16f93ef7","Description":"<p class=\"poem\"><b>Мир напряжён, но, Он продолжает жить!<br>\nЛюди продолжают жить, как всегда!<br>\nНе меняется для людей, ни в чём, быт!<br>\nНо, впереди у людей не будущее, а, Тьма!</b></p>\n\n<p class=\"poem\">Понятно, что в этих условиях, нет перспектив!<br>\nПрошлые поколения, показали, что нет выхода!<br>\nОчень грустный, есть для будущего мотив!<br>\nЛюди, с Надеждой, ожидают Квантовый Переход!</p>\n\n<p class=\"poem\">Видна вокруг, только, несправедливость!<br>\nЖивут хорошо те, кто нарушают Правила!<br>\nУ многих людей, между собой, несовместимость!<br>\nРазные представления у людей, о Правде!</p>\n\n<p class=\"poem\">Люди понимают, что Правда есть только на Небе!<br>\nЧто Создатель Один, есть, только, Истина!<br>\nЖизнь людей &ndash; это, скорее, Небыль!<br>\nЗакрывает от людей, Истину, Тьма!</p>\n\n<p class=\"poem\">Люди, годами, живут в ожидании!<br>\nИбо, теоретически в Этом Мире, так, не должно быть!<br>\nОднако, жизнь человека &ndash; это скитание!<br>\nЛюди, не понимают, как надо, им жить?</p>\n\n<p class=\"poem\"><b>Главное, люди, живя, не знают, жизни Правила!<br>\nНужно помнить, что человек &ndash; это частица Создателя!<br>\nУ частицы, как, и у Создателя &ndash; одни Правила:<br>\nБыть Судьбы своей обладателем!</b></p>\n\n<p class=\"poem\">Об этом говорят, древние Книги и Библия!<br>\nНо, эти слова для людей не были, никогда, Явью!<br>\nДля людей &ndash; это, просто, вечная, идиллия!<br>\nЛюди мечтают, этой жизнью править!</p>\n\n<p class=\"poem\">Но, просто, так править жизнью, нельзя!<br>\nДля этого нужны Знания и, конечно, условия!<br>\nНужна и, особенная в Небе, стезя!<br>\nНе должно быть на Планете, никаких сословий!</p>\n\n<p class=\"poem\"><b>С этой Идеологией нужно не просто жить,<br>\nЭтими условиями надо дышать и думать!<br>\nДолжны быть Правила, что без этого, не быть!<br>\nНадо Крест Ответственности, на себя, принять!</b></p>\n\n<p class=\"poem\"><b>Вы, очень скоро, поймёте смысл Этого!<br>\nИбо, этот Мир разрушается Вами и войной!<br>\nУкраина, на глазах у всех, продалась за монеты!<br>\nОна стала, против Бога, воюющей стороной!</b></p>\n\n<p class=\"poem\">Россия, выделена Создателем, как Основа!<br>\nВыделяет Её, из всех стран, Идеология Равенства!<br>\nНо, для власти богатых, это, только, слова!<br>\nВласть, хочет закрепить своё, главенство!</p>\n\n<p class=\"poem\">Но, власти России не повезло, ибо меняется Мир!<br>\nЕсть Великое слово: Эволюция!<br>\nЭволюция &ndash; это, Новый Идеологический, ориентир!<br>\n<b>Это, самим Создателем, предложенная, акция!</b></p>\n\n<p class=\"poem\">Эволюция, касается всех, на Планете, людей!<br>\nПричём, богатых, и, конечно, всех бедных!<br>\n<b>Эволюция &ndash; это Новый порядок вещей!<br>\nСоздатель, начинает отбирать людей Верных!</b></p>\n\n<p class=\"poem\">Сегодня, люди, напряжённо, ждут Новую Идеологию!<br>\nОна нужна, прежде всего, для России!<br>\nТолько, сегодня, Мир встретился с патологией!<br>\nСоздатель, выбрал против этого, на Руси Мессию!</p>\n\n<p class=\"poem\">Сегодня, Россия, Великая страна, в тупике!<br>\nСоветский Союз, был образцом, Равенства!<br>\nВласть, надела на себя чужую тунику,<br>\nПодтверждая своё, над людьми, Главенство!</p>\n\n<p class=\"poem\">Но, Шестая Эпоха, несёт в себе Новые Правила!<br>\nЗначит, условия Пирамиды, на этом уровне, другие!<br>\nИ эти, условия не только отличаются, по виду,<br>\nТам, на этом уровне, условия по Энергии, не такие!</p>\n\n<p class=\"poem\">Нельзя подниматься Вверх, не изменяясь!<br>\nЧем выше уровень, тем выше частота вибрации!<br>\nЧеловек, Там не может быть, человеком, оставаясь!<br>\nТам, условия возвышения в Духе, есть акция!</p>\n\n<p class=\"poem\">Поэтому, Мир, впереди, для людей, Новый!<br>\nВыдержат Те, которые приняли Бога условия!<br>\nМессия в России &ndash; это , для людей, порядок строгий!<br>\nНе должны быть в России сословия!</p>\n\n<p class=\"poem\">Начинается, переход России в Небо!<br>\nШестая Эпоха требует Дух и Сознание!<br>\nЧеловек-Бог, есть уже Реальность и Быль!<br>\nВам, пора на это, обратить внимание!</p>\n\n<p class=\"noind\">Да будет Свет Истины!<br>\nОтец Абсолют или Высший Космический Разум!</p>","Files":null,"Date":"2025-06-13T13:10:16.568+03:00","DateChange":"2025-06-13T13:10:48.63+03:00","Link":"poems/13.06.25","Id":"684bf928af3168edf802285b","Srv":"otk","Deleted":false,"Titles":["Мир, впереди, для людей, Новый!"]}
{"Id":"62195b9e5d5a11c6eb22ae89","Deleted":false,"Active":false,"DateChange":"2025-06-13T12:10:03.119+03:00"}
{"Data":{"Next":"poems/12.06.25","NoFooter":false,"PoemOutDict":false,"Titles":null,"Number":"№11 (3313)"},"Active":true,"Catalog":"570ef2fcd07cda3e16f93ef7","Description":"<p class=\"poem\">Время не бывает, для людей, простым, никогда!<br>\nНо, люди стараются найти, лёгкий Путь!<br>\nНо, есть ещё Исторических Эпох череда!<br>\nЧеловек должен подняться к Богу &ndash; в этом Суть!</p>\n\n<p class=\"poem\">События, тоже, не бывают, никогда, простыми!<br>\nИбо процессы Вверх или Вниз, местами меняются!<br>\nОтношения между людьми, не бывают простыми,<br>\nОтношения между людьми, тоже, часто изменяются!</p>\n\n<p class=\"poem\">Главная Цель жизни человека &ndash; это Путь в Небо!<br>\nТолько это направление, к сожалению, не у всех!<br>\nЧеловек, как Бог &ndash; это Вечная Сказка, но не Быль!<br>\nУ человека на этом Пути, слишком много помех!</p>\n\n<p class=\"poem\">Россия, должна выбрать Новое направление, сейчас!<br>\nТолько недавно, Она подписала с Богом, Договор!<br>\nСегодня, для неё наступает Исторический час!<br>\nНо, у руля страны оказался системный вор!</p>\n\n<p class=\"poem\">Россия, не знает, что Ей надо делать!<br>\nИбо, власть в стране перешла к богатым!<br>\nРоссии, придётся принципиально всё решать!<br>\nНе удержать в стране порядок, солдатом!</p>\n\n<p class=\"poem\">Уже все говорят, что стране нужна Идеология!<br>\nНо, от Равенства Союза, власть уже отказалась!<br>\nСегодня, в стране расцвела уже патология!<br>\nВласть России, перейти в Капитализм, постаралась!</p>\n\n<p class=\"poem\">Идеологии в России не будет, ибо, сегодня, Капитализм!<br>\nПовторение Революции, уже невозможно!<br>\nНевозможен в стране и, вновь, Социализм!<br>\nВернуть, Равенство, в стране Капитализма, сложно!</p>\n\n<p class=\"poem\">Теперь, без участия Создателя, не стоит ждать перемен!<br>\nНо, Шестая Эпоха, вне людей, готовит свой Переход!<br>\nСтрана за эти годы, прошла много вранья и измен!<br>\nБез Создателя, повторяю, не получается Руси, Восход!</p>\n\n<p class=\"poem\">По Сценарию Создателя, впереди Русь ждёт Монархия!<br>\nНо, Монархия Создателя, а не людей!<br>\nСегодня, в России, капиталистическая анархия!<br>\nСоздатель подготовил Пророка, чтобы было ясней!</p>\n\n<p class=\"poem\">20 лет Пророк передаёт людям, Бога Знания!<br>\nВласть запретила их распространение!<br>\nНо, у людей проявилось, их Судьбы, понимание!<br>\nБез Бога, страна обречена, на разрушение!</p>\n\n<p class=\"poem\">Сегодня, на Руси есть Народ, и есть, богатых, власть!<br>\nЭто, две, совершенно, разные категории!<br>\nВ Народе, против спекулянтов, кипит ненависть!<br>\nСтрана разделена, на две разные, территории!</p>\n\n<p class=\"poem\">Так долго продолжаться не может!<br>\nПоймите, у Бога на этот Мир есть свой взгляд!<br>\nСоздатель, конечно, Народу поможет!<br>\nБог, уже подготовил в Духе, Свой Отряд!</p>\n\n<p class=\"poem\">Теперь, у людей-Богов России, есть полномочия!<br>\nОни могут Волей в Духе, всё поменять!<br>\nСоздатель, хочет увидеть изменения Мира, воочию!<br>\n<b>Россия, Монархией Бога, должна будет стать!</b></p>\n\n<p class=\"poem\"><b>Власть, сегодня, уже, мешает Богу!<br>\nСоздатель, пока, терпит, богатых, присутствие!<br>\nНо, в конце года, будут подведены Итоги,<br>\nВы почувствуете, тогда, многих богатых, отсутствие!</b></p>\n\n<p class=\"poem\">Договор с Богом, для России, как Приказ!<br>\nБог, требует условий Договора, исполнения!<br>\nДоговор с Богом &ndash; это, на многие годы, Указ!<br>\nШестая Эпоха &ndash; это к Новым условиям движение!</p>\n\n<p class=\"poem\">Шестая Эпоха &ndash; это, прежде всего, Тонкий План!<br>\nСоздатель, приступил к разуплотнению людей!<br>\nБольше, Вы не встретите слова: &laquo;Тайные Кланы&raquo;!<br>\nУровень Сознания, людей-Богов, всего важней!</p>\n\n<p class=\"poem\">Начинается Историческое, людей, Преображение!<br>\nКто не связан с Богом, тот с Планеты уйдёт!<br>\nСегодня, Россия начинает своё Перестроение!<br>\nТеперь, Россия Народом-Богом, взойдёт!</p>\n\n<p class=\"poem\">Богатство и ложь не спасут человека от кары!<br>\nЛюди, погрязшие в грехах, с Планеты уйдут!<br>\nУ людей-Богов есть от Создателя Дары!<br>\nЛюди-Боги России, первыми в Небо войдут!</p>\n\n<p class=\"noind\">Да будет Свет Истины!<br>\nОтец Абсолют или Высший Космический Разум!</p>","Files":null,"Date":"2025-06-11T13:40:45.783+03:00","DateChange":"2025-06-11T13:42:05.785+03:00","Link":"poems/11.06.25","Id":"68495d7daf3168edf8022856","Srv":"otk","Deleted":false,"Titles":["Власть, сегодня, уже мешает Богу!"]}
{"Data":{"Next":"poems/13.05.25","NoFooter":false,"PoemOutDict":false,"Titles":null,"Number":"№12 (3283)"},"Active":true,"Catalog":"570ef2fcd07cda3e16f93ef7","Description":"<p class=\"poem\">Создатель дал человечеству, на всё, срок!<br />Этот срок Начала Начал Мировой Эволюции!<br />Россия помнит, своей перестройки Урок!<br />Для Эволюции Мира, не нужна революция!</p>\n<p class=\"poem\">Россия, сама, погубила Идею Союза!<br />Грехи человека, она не смогла исправить!<br />Экономика, уже, сколько лет идёт юзом!<br />Реформа нужна, чтобы всё перенаправить!</p>\n<p class=\"poem\">Реформа &ndash; это, совсем, не революция!<br />Ибо, это только исправление!<br />Нужна Мудрости Создателя акция!<br />Нужно исправить, людей правление!</p>\n<p class=\"poem\">Создатель, передал России Конституцию!<br />Создатель, предложил 10 Правил!<br />Создатель, дал другую страны конструкцию!<br />Где, только, Мессия от Бога, будет править!</p>\n<p class=\"poem\">Люди должны будут принять Условия Бога!<br />Творец, теперь, будет править Миром!<br />Создатель, подготовил Пророка в итоге!<br />Принявшего, Создателя, в качестве ориентира!</p>\n<p class=\"poem\">Это, Главное условие для Мира и для России!<br />Ибо России суждено преобразить этот Мир!<br />Белый Царь &ndash; это выбранный Богом Мессия!<br />Знающий, как должен будет развиваться Мир!</p>\n<p class=\"poem\">Люди России, уже получили от Бога Знания!<br />Знания, от Создателя, собраны в 30 томов!<br />Теперь &ndash; это для Мира сего, есть Знамя!<br />Это Вечная пища для человеческих мозгов!</p>\n<p class=\"poem\">Россия проходит экзамены, сейчас, в Школе!<br />В Школе, самого Творца, уже не один год!<br />Россия собирает людей на Духовной Основе!<br />Готовя Сознание людей на Квантовый Переход!</p>\n<p class=\"poem\">Уже не так важно, кто и на что, из людей готов!<br />Все страны Мира повязли в своих религиях!<br />Люди так и не освободились, от вранья и оков!<br />Перейти в Новую Эпоху, не позволят вериги!</p>\n<p class=\"poem\">Религии продолжают существовать, как было!<br />Но, впереди, уже, Новая или Шестая, Эпоха!<br />Равенство и Любовь, войнами людей, смыло!<br />Только, одна Россия шагнёт в Новую Эпоху, сходу!</p>\n<p class=\"poem\">Россия, конечно, должна пройти и очищение!<br />Создатель предложил пересмотреть Историю!<br />Надо объяснить людям, необходимость в Боги движения!<br />Люди-Боги, уже другая совсем, людей, категория!</p>\n<p class=\"poem\">Времени осталось мало, но помогут Знания!<br />Они помогут собрать страны остов!<br />У людей-Богов есть, Начала Начал, понимание!<br />Россия &ndash; это в Космосе, Равенства и Любви &ndash; остров!</p>\n<p class=\"poem\">Шестая Эпоха &ndash; это, совсем, другой Мир!<br />Люди-Боги, поднимутся, сами, в Небо!<br />Высокие вибрации этой Эпохи &ndash;это, не слухи!<br />Самое Главное, человек-Бог есть Быль!</p>\n<p class=\"poem\">Кто-то может успеть в Новую Эпоху, но не все!<br />Для людей-Богов открыты все двери!<br />Люди-Боги должны служить своей Мечте!<br />Такие люди должны Создателю верить!</p>\n<p class=\"poem\">Россия, должна начать, по Создателю, реформу!<br />Власть в стране должна перейти к Богу!<br />Создатель предложил, необходимую, норму!<br />Главное, чтобы не было оков в Итоге!</p>\n<p class=\"poem\">Человек-Бог &ndash; это совершенное Сознание в Духе!<br />Такой человек находится в Небе!<br />Высокие вибрации &ndash; это условия существования, а не слухи!<br />Человек-Бог, не вымысел, а, есть Быль!</p>\n<p class=\"poem\">Теперь, люди-Боги должны проявить Волю!<br />Они должны реализовать условия Равенства и Любви!<br />Создатель изменит, на Планете, людей-Богов Долю!<br />Основа Шестой Эпохи: Клятва Богу на Крови!</p>\n<p class=\"poem\">По Плану Создателя должна уйти власть!<br />Власть людей перейдёт на другую Планету!<br />Управление примет людей-Богов страсть!<br />Подвела власть людей, тяга к монете!</p>\n<p class=\"poem\">Начинается перестроение или Реформа!<br />Создатель объявит Начало Начал!<br />Изменится людей-Богов форма!<br />Россия &ndash; это Новой Эпохи Причал!</p>\n<p class=\"noind\">Да будет Свет Истины!<br />Отец Абсолют или Высший Космический Разум!</p>","Files":null,"Date":"2025-05-12T11:22:32.069+03:00","DateChange":"2025-06-10T11:08:14.022+03:00","Link":"poems/12.05.25","Id":"6821afe8f279c26177bcb73e","Srv":"otk","Deleted":false,"Titles":["Россия начинает по Создателю, реформу!"]}
{"Data":{"Next":"poems/11.06.25","NoFooter":false,"PoemOutDict":false,"Titles":null,"Number":"№10 (3312)"},"Active":true,"Catalog":"570ef2fcd07cda3e16f93ef7","Description":"<p class=\"poem\">Мир многогранен везде и повсюду!<br>\nЛюди мечутся в этом Пространстве!<br>\n<b>Я, совершенством хочу быть и буду!</b><br>\nЖизнь человека &ndash; Вечное странствие!</p>\n\n<p class=\"poem\">Дорог много, но важен один Путь!<br>\nПуть в Небо, наперекор всему!<br>\nЧеловек &ndash; искатель дороги, и в этом Суть!<br>\nТолько Богу, всё по плечу!</p>\n\n<p class=\"poem\">И не важно, что идёт война!<br>\nЭто война Тьмы со Светом!<br>\nВойна &ndash; это для жизни, стена!<br>\nЕё можно остановить Заветом!</p>\n\n<p class=\"poem\">Война &ndash; это тупик в отношениях!<br>\nЛюди не могут остановить войну!<br>\nВойна &ndash; это Мира сего, разрушение!<br>\nВойна, ведёт этот Мир ко дну!</p>\n\n<p class=\"poem\">Россия в такой Момент решает,<br>\nЧто Ей хочется предпринять?<br>\nРоссия, свой Путь в Небо знает!<br>\nОна, знает, что людям надо сказать!</p>\n\n<p class=\"poem\"><b>Создатель начинает разуплотнение!<br>\nТакого, в Мире ещё не бывало!<br>\nНельзя останавливать в Небо движение!<br>\nИбо время Преображения, настало!</b></p>\n\n<p class=\"poem\"><b>Человек должен понимать, что Он &ndash; часть!<br>\nИли частица, самого Создателя!<br>\nЧеловек может поменять свою Масть,<br>\nУ Него нет ограничений, как и у Создателя!</b></p>\n\n<p class=\"poem\">Люди Духа свободны в своём Творении!<br>\nВы можете сотворить любую Форму!<br>\nПроза, Поэзия и Музыка &ndash; Ваше достижение!<br>\nЭто, для Новых Богов, есть Норма!</p>\n\n<p class=\"poem\">Вам, надо понять, что в Новом Мире,<br>\nВами управляет Энергия, а Вы &ndash; ей!<br>\nДля Вас, Создатель стал ориентиром!<br>\n<b>Значит, Вы, сами, стали Мечтой Моей!</b></p>\n\n<p class=\"poem\">Вы, теперь в состоянии поменять Форму!<br>\nВсё зависит от Вашей Задачи!<br>\nНет, для Богов в Космосе никакой Нормы!<br>\nВы, Энергии Духа &ndash; передатчик!</p>\n\n<p class=\"poem\">Вы из Материи поднялись к Вершине!<br>\nК Вершине Пирамиды Мира!<br>\nВы, просто немного поспешили!<br>\nНо, правильно, выбрали ориентир!</p>\n\n<p class=\"poem\">Есть возможность управления, через Музыку!<br>\nЧеловек должен окунуться в Дух!<br>\nНовый Бог должен ответить Создателю звуком!<br>\nУ Новых Богов &ndash; абсолютный слух!</p>\n\n<p class=\"poem\">Для Вас начинается Преображение!<br>\nПреображение людей, и Миров!<br>\nЭто называется в Боги движение!<br>\nТак, может только Бог, без оков!</p>\n\n<p class=\"poem\">Вы, за 20 лет подошли к этому!<br>\nВойна, сегодня, это Пятый век!<br>\nВаша жизнь, теперь &ndash; это Создателя Поэма,<br>\nВы сделали это хорошо, без помех!</p>\n\n<p class=\"poem\">Теперь, процесс будет идти прямо!<br>\nЧеловек-Бог, прежде всего, Сознание!<br>\nВаш Путь только Вверх, через ямы,<br>\nВы – это Начала Начал, начинание!</p>\n\n<p class=\"poem\">Теперь, Вы творите, как Создатель!<br>\nВы, формируете Планету Святая Русь!<br>\nВы, Коллективного Разума Созидатель!<br>\nВы, теперь знаете Теорию наизусть!</p>\n\n<p class=\"poem\">Вы прошли все Экзамены, на Ура!<br>\nПравда, многих надо подучить!<br>\nВами, теперь изменена и Природа!<br>\nВам надо, теперь, Богами быть!</p>\n\n<p class=\"noind\">Да будет Свет Истины!<br>\nОтец Абсолют или Высший Космический Разум!</p>","Files":null,"Date":"2025-06-10T10:55:10.494+03:00","DateChange":"2025-06-10T10:55:49.017+03:00","Link":"poems/10.06.25","Id":"6847e505ee628aeb6c185812","Srv":"otk","Deleted":false,"Titles":["Теперь, Вы творите, как Создатель!"]}
{"Data":{"Next":"poems/10.06.25","NoFooter":false,"PoemOutDict":false,"Titles":null,"Number":"№09 (3311)"},"Active":true,"Catalog":"570ef2fcd07cda3e16f93ef7","Description":"<p class=\"poem\">Теперь, Родные люди разделены Тьмой!<br>\nЕсть народы, которые думают о себе!<br>\nСегодня, Россия воюет уже с тюрьмой!<br>\nВсе, люди спешат, сами подняться в Небе!</p>\n\n<p class=\"poem\">Но, это не так просто, как кажется!<br>\nУ руля Украины оказались евреи!<br>\nТеперь, управление уже не сложится,<br>\nНет, на Украине, Великой Русской Идеи!</p>\n\n<p class=\"poem\">Что ожидать от Украины в плену?<br>\nОна уже договорилась с Европой!<br>\nУкраинцы свою жадность, клянут,<br>\nПошла к Богу, неправильной тропой!</p>\n\n<p class=\"poem\">Теперь, выбраться из плена, нельзя!<br>\nТолько, Россия пошла, из всех, в Небо!<br>\nУкраиной потеряна в Завтра стезя,<br>\nУкраина, всегда, жила бытом и телом!</p>\n\n<p class=\"poem\">Ситуация для Украины, хуже всех!<br>\nЗа Свободу Ей придётся платить!<br>\nОтказавшись от России, получила помехи!<br>\nОчень трудно, Ей в Европе, придётся жить!</p>\n\n<p class=\"poem\">Сегодня, все осуждают Россию!<br>\nРоссия, как и все, имеет много грехов,<br>\nНо, Создатель выделил, для Неё, Мессию,<br>\nКоторый освободит, Русь от оков!</p>\n\n<p class=\"poem\">Шестая Эпоха изменит Мир!<br>\nИзменит всех, включая США и Европу!<br>\nУ России, теперь Новый ориентир!<br>\nИ другая, совершенно, в Небо тропа!</p>\n\n<p class=\"poem\">Ватикан не услышал предупреждения!<br>\nАмериканец, всегда, Американец!<br>\nРелигия &ndash; это не политическое явление!<br>\nЭта война для человечества, уже Конец!</p>\n\n<p class=\"poem\">Европа не хочет обсуждать условия!<br>\nЕй, кажется, что Победа в руках!<br>\nНо, Европе, очень мешают, сословия,<br>\nКоторые, могут этот Мир, превратить в прах!</p>\n\n<p class=\"poem\">Европа не знает, что Россия в Небе!<br>\nЧто Создатель дал Ей все Права!<br>\nУшедшие, из Материи в Атомы, есть Быль!<br>\nТеперь, Атомы будут строить Правила!</p>\n\n<p class=\"poem\">Каждая страна, в Европе, спешит!<br>\nСпешит, определить своё, положение!<br>\nНо, Сознание этих людей спит!<br>\nВ Европе к Богу, нет никакого, движения!</p>\n\n<p class=\"poem\">Уже, поздно обсуждать, что будет?<br>\nСоздатель спешит закончить войну!<br>\nЧеловек этот кошмар, тоже, забудет!<br>\nЗабудет, совсем, про войну!</p>\n\n<p class=\"poem\">Создатель начинает перестраивать Мир!<br>\nШестая Эпоха &ndash; это Тонкий план!<br>\nСоздатель для Богов &ndash; ориентир!<br>\nНа границе Эпох, последний мелькает Клан!</p>\n\n<p class=\"poem\">Россия принимает Планетарное управление!<br>\nОна знает, куда Ей надо идти!<br>\nЭто будет взвешенное движение!<br>\nЕй уже с этого Пути не сойти!</p>\n\n<p class=\"poem\">Теперь, принимаете решение, Вы!<br>\nВы &ndash; это Боги, которые в Небе!<br>\nВы, теперь, в Космосе, словно, огни!<br>\nВы подтверждаете, что Вы есть Быль!</p>\n\n<p class=\"poem\">Россия начинает перестроение!<br>\nАтомы станут за Мир стеной!<br>\nРоссия, начинает Монархии построение!<br>\nЭто будет Русской, Основой!</p>\n\n<p class=\"poem\">Россия поменяет власть на Пророка!<br>\nПророк для Неё будет, как Царь!<br>\nРоссия усвоила для себя, все уроки,<br>\nРавенство и Любовь будут, как встарь!</p>\n\n<p class=\"poem\">Мир удивится, что Русь &ndash; Монархия!<br>\nСоздатель, это согласовал с Народом!<br>\nБудет Бога порядок, а, не анархия!<br>\nБог, творит уже Божественную породу!</p>\n\n<p class=\"poem\">Это Победа Создателя и России!<br>\nСоздатель определил Её Путь!<br>\nБыл подобран для Неё Мессия!<br>\nЭто Главная Шестой Эпохи Суть!</p>\n\n<p class=\"noind\">Да будет Свет Истины!<br>\nОтец Абсолют или Высший Космический Разум!</p>","Files":null,"Date":"2025-06-09T10:53:06.223+03:00","DateChange":"2025-06-09T10:53:55.267+03:00","Link":"poems/09.06.25","Id":"68469313af3168edf8022855","Srv":"otk","Deleted":false,"Titles":["Россия, начинает, в Духе, перестроение!"]}
{"Data":{"Next":"poems/09.06.25","NoFooter":false,"PoemOutDict":false,"Titles":null,"Number":"№08 (3310)"},"Active":true,"Catalog":"570ef2fcd07cda3e16f93ef7","Description":"<p class=\"poem\"><b>Энергия, собранная по крупицам, творит Чудеса!<br>\nТак, ещё Создатель не говорил людям, об этом!<br>\nВы, ведь, только открываете для себя Небеса!<br>\nЧеловек &ndash; это Великого Творящего Разума, Атом!</b></p>\n\n<p class=\"poem\">Вы, пытались переделать Мир, безуспешно!<br>\nЛюди собранные вместе, есть лишь Масса!<br>\nКоторая, должна искать решения, взвешенные!<br>\nЗначит, решать, какой для людей, должна быть, трасса?</p>\n\n<p class=\"poem\">Россия уже прошла Революцию и развал Союза!<br>\nВ обоих случаях, этим управляли люди!<br>\nНе было выбрано трассы, поэтому был Юз!<br>\nТолько, сегодня, Шестая Эпоха, стала прелюдией!</p>\n\n<p class=\"poem\">Война Славян &ndash; это, только, разрушение сторон!<br>\nВ этой войне нет, ни с одной стороны, правых!<br>\nНет в этой войне никакого движения, только урон!<br>\nСчитайте, что в этой войне, нет и Правды!</p>\n\n<p class=\"poem\">Тьма рассчитывает победить Россию!<br>\nНо, Создатель защищает Россию от Тьмы!<br>\nСоздатель, ещё до войны, выбрал для Неё Миссию,<br>\n<b>Жизнь в Духе, не может быть жизнью взаймы!</b></p>\n\n<p class=\"poem\">20 лет передачи Знаний России, не прошли даром!<br>\nРоссия, незаметно, поднялась до уровня СоТворчества!<br>\nНо, жизнь людей на войне &ndash; это крутой слалом,<br>\nПохожая на выживание, а, не на Творчество!</p>\n\n<p class=\"poem\">Люди, пытаются оказать власти сопротивление!<br>\nНо, это, как показала История, не простой процесс!<br>\nНет, в этом процессе Надежды на противостояние!<br>\nЛюбое, сопротивление оборачивается регрессом!</p>\n\n<p class=\"poem\">Люди не умеют объединяться, как надо!<br>\n<b>История предлагает Единение, только, в Духе!</b><br>\nНо, Дух, без разъяснения, может стать преградой!<br>\nВсе Революции заканчивались, кровью с разрухой!</p>\n\n<p class=\"poem\">Сегодня, видно, что эта война не приведёт к Победе!<br>\nИбо, враждующие стороны стоят до конца!<br>\n<b>Написано, Правильное решение, только, в Ведах!<br>\nДля обеспечения Победы России, Бог прислал Гонца!</b></p>\n\n<p class=\"poem\"><b>Гонец или Пророк-Мессия &ndash; это человек от Бога!<br>\nОн может всё, но, прежде, нужна Рать!<br>\nНе хватает, для подготовки людей, срока! <br>\nЛюди не успеют, для достижения Победы, Богами стать!</b></p>\n\n<p class=\"poem\">Ситуация для Мира сего, сегодня, тупик!<br>\nЛюди не готовы осознать и принять решение!<br>\nНельзя, сделать людей, Богами за Миг!<br>\nНужно сделать к проявлению Чуда, движение!</p>\n\n<p class=\"poem\">Обычный подход воспитания, не годится!<br>\nНужно, использовать то, что хвалит, сам Бог!<br>\nНужно, чтобы Дух смог, в людях раскрыться!<br>\nЛюди должны превратиться в Небесный поток!</p>\n\n<p class=\"poem\">Никто не знает, что есть человек!<br>\nРелигии говорят, что человек есть Бога подобие!<br>\nНо, Пять Эпох проскочило, как один век!<br>\nЧеловек, не смог подтвердить, это словоблудие!</p>\n\n<p class=\"poem\">Теперь, все события смешались в Одно!<br>\nВ самую, нерешаемую, задачу!<br>\nНикому из людей, ничего, впереди не видно!<br>\nНо, на войне каждый, хочет противнику дать сдачу!</p>\n\n<p class=\"poem\">В таких условиях, не ясен войны, конец!<br>\nСегодня, всё решают деньги и оружие!<br>\n<b>Создатель, надел на Чело России Венец!<br>\nВенец, как Небесное вознесение!</b></p>\n\n<p class=\"poem\">Теперь, Россия должна подняться с колен!<br>\nСоздатель создал для этого, все возможности!<br>\nРазрушен Создателем многовековой плен!<br>\nЧеловек-Бог должен победить без сложностей!</p>\n\n<p class=\"poem\">Россия есть Целое, но, как страна, уже не то!<br>\nНужна, не людей, Масса, а Единый Дух!<br>\nСознание людей-Богов, на ВСЁ, может наложить Вето!<br>\nДолжна быть проявлена Воля Богов, а не слух!</p>\n\n<p class=\"poem\">Россия, должна, срочно, перейти в Небо!<br>\nОставив позади себя, Материю!<br>\nДолжно, наконец, свершиться Чудо или Небыль!<br>\nПоверьте, без Материи, не бывает потерь!</p>\n\n<p class=\"poem\"><b>Нужно понять, что Атомы создают Систему!</b><br>\nСознание России, тогда станет Целым!<br>\nРоссия должна принять Равенство, как Тему!<br>\nТогда Россия и станет, Светом Белым!</p>\n\n<p class=\"poem\">Направление движения определил Создатель!<br>\nИбо Ваш Путь только в Небо!<br>\nПророк от Бога, управлением обладает!<br>\n<b>Теперь, Россия есть Целое и в одной Теме!</b></p>\n\n<p class=\"noind\">Да будет Свет Истины!<br>\nОтец Абсолют или Высший Космический Разум!</p>","Files":null,"Date":"2025-06-08T12:12:28.77+03:00","DateChange":"2025-06-08T12:13:33.685+03:00","Link":"poems/08.06.25","Id":"6845543daf3168edf8022854","Srv":"otk","Deleted":false,"Titles":["Нужно знать, что Атомы создают Систему!"]}
{"Data":{"Next":"poems/22.05.25","NoFooter":false,"PoemOutDict":false,"Titles":null,"Number":"№21 (3292)"},"Active":true,"Catalog":"570ef2fcd07cda3e16f93ef7","Description":"<p class=\"poem\">Из восьми миллиардов людей, не найти признаков Единения!<br />Каждый Народ или страна, видят впереди, только своё!<br />Нет, у людей Единого, на будущее человечества, мнения!<br />Каждый из народов, считает, что, важнее всего, только, моё!</p>\n<p class=\"poem\">Разногласия между народами переходят, всегда, в войны!<br />Войны, всегда сопровождали жизнь человечества!<br />Пятая Эпоха сохранила эту, неприятную, тайну!<br />Люди, за тысячи лет, так и не поднялись, до творчества!</p>\n<p class=\"poem\">Шестая Эпоха &ndash; это уже другие вибрации Неба!<br />Не все люди устоят, против высоких Энергий!<br />У Создателя, есть в людях-Богах, острая потребность!<br />Люди, должны знать, что в Шестой Эпохе не будет Материи!</p>\n<p class=\"poem\">Люди, заканчивают, присутствие в Материи, последний раз!<br />Ибо, требования Неба, на этом уровне Энергии, ужесточаются сильно!<br />Перестанет быть для человека, в этой Эпохе, материальный каркас!<br />Человек, в поле высоких вибраций будет, как энергетическое ядро!</p>\n<p class=\"poem\">Пространство Космоса, как Пирамида разных энергий!<br />Вы переходите на другой уровень, но не уходите, из Неё навсегда!<br />За Вами остаётся Сознание и возможность творения,<br />Просто, для Вас открывается Мудрость Бога и Его Высота!</p>\n<p class=\"poem\">Ваша, начатая 20 лет назад, Школа Знаний, не прерывается!<br />Вы, переходите, благодаря Знаниям, на более высокий уровень!<br />Ваши, личные возможности Творчества, открываются!<br />Для Вас открывается в Вечности Творчества, постоянный день!</p>\n<p class=\"poem\">Вам нельзя переходить на этот Высокий уровень, с грехами!<br />Создатель, выделил Вам время на внутреннее очищение!<br />Но, война Славян захватила всех людей, с потрохами!<br />Война, отрицательное, оказала на людей, значение!</p>\n<p class=\"poem\">Теперь, обсуждение результатов войны &ndash; это только помехи!<br />У людей не осталось времени, пройти преображение!<br />Нужно, срочно, остановить эту войну и войны потехи!<br />Нужно, начинать всем людям, в Духе очищение!</p>\n<p class=\"poem\">Создатель выделил, для людей необходимое для этого, время!<br />Но, в Плотном плане, надо срочно остановить войну!<br />Но, никто из людей, не хочет верить, что война &ndash; это бремя!<br />Создателю, проще поднять океаническую волну!</p>\n<p class=\"poem\">За 20 лет передачи Знаний, люди не обратили внимания!<br />Люди, привычно живут настоящим, без Завтра!<br />Власть России, не приняла от Создателя Задания!<br />И закрыла от Народа своего, всю Правду!</p>\n<p class=\"poem\">Создатель напомнил про Союз, как про необходимость!<br />У России есть 70-летний опыт Равенства среди людей!<br />При переходе в Шестую Эпоху важнее всего, совместимость!<br />Равенство между людьми для Новой Эпохи, одна из Целей!</p>\n<p class=\"poem\">Страны Мира не успеют подготовиться к Переходу!<br />Россия, одна из всех, сможет это сделать!<br />Не готовые люди к Переходу, пойдут к Выходу!<br />Человеку в этих условиях, никогда человеком-Богом не стать!</p>\n<p class=\"poem\">Во всём виновата война, идущая, на Планете, уже 3 года!<br />Власть России не хотела, по-другому, договориться!<br />Навечно, испортилась между Славянами, внутренняя погода!<br />Украина мечтает, от России в Европе раствориться!</p>\n<p class=\"poem\">Создатель принял решение, эту войну остановить!<br />Союз должен, как пример, быть восстановлен!<br />Враги Создателя, в Новой Эпохе не должны быть!<br />Капитализм будет Создателем остановлен!</p>\n<p class=\"poem\">СССР играл раньше ключевую роль, как США!<br />США осталось на своём месте!<br />Россия, теперь разворованная, своими, страна!<br />Создатель, рассматривает этих стран, вариант, вместе!</p>\n<p class=\"poem\">Но, такое управление не годится для Новой Эпохи!<br />Система власти должна быть, как в СССР!<br />Нужны, как раньше, Равные энергетические потоки!<br />Союз, должен быть для Новой Эпохи, примером!</p>\n<p class=\"poem\">Создатель, объявил вслух, для всех об этом!<br />Система власти России не дрогнула, никак!<br />Мессия, в России, будет защищать Бога Заветы!<br />Народ в Новой Эпохе, разрушит Тьмы мрак!</p>\n<p class=\"poem\"><strong>Создатель, предупредил, пока, сразу всех!<br />Это относится, ко всем сразу, включая Европу!<br />Создатель не допустит для Перехода, никаких помех!<br />Бог перетряхнёт, у человечества в Духе, утробу!</strong></p>\n<p class=\"noind\">Да будет Свет Истины!<br />Отец Абсолют или Высший Космический Разум!</p>","Files":null,"Date":"2025-05-21T11:48:11.754+03:00","DateChange":"2025-06-07T21:47:10.336+03:00","Link":"poems/21.05.25","Id":"682d9365ae1131fa65fb73ea","Srv":"otk","Deleted":false,"Titles":["Создатель, предупредил, пока, сразу всех!"]}
{"Data":{"Next":"poems/08.06.25","NoFooter":false,"PoemOutDict":false,"Titles":null,"Number":"№07 (3309)"},"Active":true,"Catalog":"570ef2fcd07cda3e16f93ef7","Description":"<p class=\"poem\"><b>Вы часть Пространства и оно есть в Вас!<br>\nВы &ndash; переплетение неизвестных теорий!<br>\nСкоро, откроется для Вас, Истины час!<br>\nВы не люди, а Вы, есть Мира, аллегории!</b></p>\n\n<p class=\"poem\">Вы начинаете понимать, что Вы есть Ум!<br>\nЧто, Вы принимаете своё решение!<br>\nВам, кажется, что Вы &ndash; событий сумма!<br>\nНо, Вы &ndash; это Небес движение!</p>\n\n<p class=\"poem\">Вы подключены к ритму, вне себя!<br>\nНо, кажется, что Вы решаете сами!<br>\nНо, в происходящем, Вы, как дитя!<br>\nВы не проявляетесь, в Небе сами!</p>\n\n<p class=\"poem\">Вам кажется, что Вы &ndash; люди!<br>\nНо, Вы не знаете, что можете?<br>\nВы, сегодня, уже Богов, прелюдия!<br>\nВы, из себя, что хотите сможете!</p>\n\n<p class=\"poem\"><b>Вы, знаете себя, только, как тело!<br>\nВы, не знаете себя, как Энергия!<br>\nВы, можете Свет сделать Белым!<br>\nВаша жизнь – никогда потери!</b></p>\n\n<p class=\"poem\">Создатель сказал, что Вы &ndash; Живая Система!<br>\nСлова выражаете, что принято!<br>\nНо, это уже не человеческая Тема!<br>\nПоэтому, не всё для Вас, пока, внятно!</p>\n\n<p class=\"poem\">Но, Вы &ndash; это Бога произведение!<br>\nУ Вас возможности, как у Создателя!<br>\nВы привыкли к простому движению,<br>\nПора, переходить на уровень, Открывателя!</p>\n\n<p class=\"poem\"><b>Вас, обременяет, что Вы &ndash; есть тело!<br>\nДа, так видитесь Вы, в Материи!<br>\nНо, Создатель, видит в Вас дело:<br>\nВы можете то, чего нет, в Материи!</b></p>\n\n<p class=\"poem\">Вы привыкли говорить и ходить!<br>\nЛетать в Космос, даже, не пытались!<br>\nВы на расстоянии руки можете видеть!<br>\nВидеть в Космосе, Вы испугались!</p>\n\n<p class=\"poem\">Ваши возможности &ndash; Ваши страхи!<br>\nСтрахи ограничили Вас!<br>\nСоздатель, готовит другие Замахи,<br>\nЭта Планета &ndash; Ваш пробный час!</p>\n\n<p class=\"poem\">Создатель поставил Вас перед выбором:<br>\nИбо Вы способны творить!<br>\nБесполезно для Вас говорить хором,<br>\n<b>Вам, надо Волей, Новый Мир творить!</b></p>\n\n<p class=\"poem\">В Вас бьются две Энергии!<br>\nЭнергия Материи и Энергия Неба!<br>\nЛюди, по неразумению несут потери!<br>\n<b>Для Вас возможности Богов &ndash; Тема!</b></p>\n\n<p class=\"poem\">Вы, боитесь подняться в Небо!<br>\nПривычнее, быть человеком!<br>\nПовторяю, Космос &ndash; это Ваша Тема!<br>\nКоторая закрыта, от Вас, Вашим страхом!</p>\n\n<p class=\"poem\">Шестая Эпоха, открывает Другой Мир!<br>\n<b>Но, главное открывает Вас для себя!</b><br>\nСоздатель, предложил Вам Себя, ориентиром!<br>\nИбо, Вы, тоже, есть Божественная стезя!</p>\n\n<p class=\"poem\">Создатель предложил Себя, как Космос!<br>\nНо, не как Пространство!<br>\nКак, объединяющий Разумов, Мост!<br>\nПо которому Творящее странствует!</p>\n\n<p class=\"poem\">Война, подтолкнула, сегодня, на разговор!<br>\nИбо война, разрушает этот Мир!<br>\nСегодня, в Мире не обсуждение, а, ор!<br>\nНадо, срочно, в Мире изменить ориентир!</p>\n\n<p class=\"poem\"><b>Люди &ndash; это не просто Ума Масса!<br>\nЭто Главный Системный Блок!<br>\nСоздатель, поменяет людей трассу!<br>\nВойна, для людей, последний Урок!</b></p>\n\n<p class=\"poem\">Кто-то, после войны пойдёт к Знаниям!<br>\nРоссия, начнёт творить Новый Мир!<br>\nК людям придёт Судьбы Богов понимание!<br>\nРоссия &ndash; это Сотворчества с Богом, ориентир!</p>\n\n<p class=\"poem\">Создатель, начинает открывать Вам человека!<br>\nПоверьте, человек, не Материальное произведение!<br>\nЭто уникальная, многоуровневая, в Мире Пирамида!<br>\nЕсли хотите, человек &ndash; Творящего Целого, обретение!</p>\n\n<p class=\"noind\">Да будет Свет Истины!<br>\nОтец Абсолют или Высший Космический Разум!</p>","Files":null,"Date":"2025-06-07T11:46:56.137+03:00","DateChange":"2025-06-07T11:47:42.362+03:00","Link":"poems/07.06.25","Id":"6843fcaeaf3168edf8022850","Srv":"otk","Deleted":false,"Titles":["Создатель, начинает открывать Вам, человека!"]}
{"Data":{"Next":"poems/07.06.25","NoFooter":false,"PoemOutDict":false,"Titles":null,"Number":"№06 (3308)"},"Active":true,"Catalog":"570ef2fcd07cda3e16f93ef7","Description":"<p class=\"poem\">Жизнь &ndash; это тяжёлое испытание!<br />Человек не способен изменить жизнь!<br />Жизнь &ndash; это Космическое скитание!<br />Человек не знает, как ему в жизни быть?</p>\n<p class=\"poem\">Человеку, одному, всё очень сложно!<br />Сомнения и неверия, ломают жизнь!<br />Очень много, представлений, ложных!<br />Человек, не понимает, как ему жить?</p>\n<p class=\"poem\">В этом Мире, жить очень сложно!<br />Ибо, Вечное, в Духе, Сомнение!<br />Человека, в жизни окружает, ложь!<br />Для человека, в жизни, нет спасения!</p>\n<p class=\"poem\">Так продолжалось Века и Эпохи!<br />Но, Шестая Эпоха &ndash; уже Новый век!<br />Люди, начинают формироваться в потоки,<br />Необходим, уже Разума, другой разбег!</p>\n<p class=\"poem\"><strong>Новая Эпоха, заставит принять, решение!<br />Решение о своём Будущем!<br />Человек, должен начать движение,<br />Обязан стать Новым, а, не следующим!</strong></p>\n<p class=\"poem\"><strong>Создатель предупредил, что всё меняется!<br />Меняется этот Мир и, сам, человек!<br />Теперь, Сознание, человеком распоряжается!<br />Должен, кардинально, измениться Век!</strong></p>\n<p class=\"poem\">Россия, начала создавать Систему!<br />Живую Систему, своего, управления!<br />Разум человека и Сознание &ndash; это Главные Темы!<br />Которые и приведут этот Мир, в движение!</p>\n<p class=\"poem\">Уточняю, что Россия, приняла решение!<br />Ей, пора, определить направление!<br />Только в Небо, для Бога, есть движение!<br />Иными словами, это Космическое явление!</p>\n<p class=\"poem\">Сегодня, этот Мир, в полной разрухе!<br />Только у США &ndash; видимость, успеха!<br />Люди не понимают, почему такие муки?<br />Сегодня, США, самой, Америке, помеха!</p>\n<p class=\"poem\">Россия уходит, вверх, от этого, Мира!<br />Создатель перенаправил Её в Небо!<br />Сменился у России, теперь, ориентир!<br />Россия решила изменить Путь, смело!</p>\n<p class=\"poem\"><strong>Россия поменяла Главное направление!<br />Люди проснулись от тяжелого, сна!<br />Теперь, Россия будет, в Тонких мирах, Явлением!<br />В Сознании России, наступила, Весна!</strong></p>\n<p class=\"poem\">Теперь Россия стала Живой Системой!<br />Или Системой Самоуправления!<br />Это Вечная, нерешаемая, для людей Тема!<br />Определяющая, в Космос движение!</p>\n<p class=\"poem\"><strong>Теперь Россия, словно, Высший Разум!<br />Люди-Боги объединились в Целое!<br />Сформировался Коллективный Ум!<br />И Царь, определился, наконец, Белый!</strong></p>\n<p class=\"poem\">Фантазия Разума, определила Сознание!<br />Сознанию, теперь, нет нужды, в теле!<br />Пригодились, от Создателя, Знания!<br />Главное для Богов, Творчество или Дело!</p>\n<p class=\"poem\">Теперь, уже видна, Живая Система Разума!<br />Сложившаяся на Руси!<br />У Богов, проснулась Система Ума,<br />Нет проблем, на Российском Пути!</p>\n<p class=\"poem\"><strong>Теперь, есть Мессия и есть Единый Народ!<br />Впервые сотворена Живая Система!<br />Теперь видно, что такое, Бога Порода!<br />Это, Единая для всех Богов &ndash; Тема!</strong></p>\n<p class=\"poem\">Музыка, сильно помогает в этом!<br />Её аккорд объединяет всех в Духе!<br />Сознание &ndash; это представление пакетом,<br />Не может быть у Богов, сомнений и мук!</p>\n<p class=\"poem\">Теперь, Россия создала Живую Систему!<br />Систему управления Сознанием!<br />Эта Тема стала для всех Единой Темой!<br />Как, результат Создателя Знаний!</p>\n<p class=\"poem\"><strong>Теперь Вы управляете Сознанием!<br />Для Небес Ваша Воля, как указание!<br />Вы, формируете Единое Мнение!<br />Для Живой Системы &ndash; это Задание!</strong></p>\n<p class=\"poem\">Шестая Эпоха &ndash; это Новый век!<br />Самоуправление &ndash; форма движения!<br />Человек неверия, для Мира, померк!<br />Россия &ndash; это Космическое достижение!</p>\n<p class=\"noind\">Да будет Свет Истины!<br />Отец Абсолют или Высший Космический Разум!</p>","Files":null,"Date":"2025-06-06T14:11:39.048+03:00","DateChange":"2025-06-06T16:35:49.583+03:00","Link":"poems/06.06.25","Id":"6842cd0daf3168edf802284f","Srv":"otk","Deleted":false,"Titles":["Теперь, Россия создала Живую Систему!"]}
