{"Data":{"Next":null,"NoFooter":false,"PoemOutDict":false,"Titles":[],"Number":null},"Active":true,"Catalog":"5eeb5170ee6d7619745b6675","Description":"<h3>ИМПУЛЬС ЭНЕРГИИ ДУХОВНОЙ ВОЛНЫ, СОВМЕСТНО С СОЗДАТЕЛЕМ, НА РАЗРУШЕНИЕ ЦЕНТРА МИРОВОЙ ТЬМЫ, РАСПОЛОЖЕННОГО НА ТЕРРИТОРИИ США!</h3>","Files":[{"Id":"66c7702fd9473e31cbca70ef","Path":"2-Timekeeping_Spiritual_Wave.jpg","Name":"2-Timekeeping_Spiritual_Wave.jpg","Store":0,"NoToGallery":false},{"Id":"66c77032d9473e31cbca70f3","Path":"3-The_Path_of_the_impulse.jpg","Name":"3-The_Path_of_the_impulse.jpg","Store":0,"NoToGallery":false}],"Date":"2024-08-27T00:00:00+03:00","DateChange":"2024-08-26T03:10:02.846+03:00","Link":"","Id":"62195b9e5d5a11c6eb22ae89","Srv":"otk","Deleted":false,"Titles":["ДУХОВНАЯ ВОЛНА"]}
{"Data":{"Next":null,"NoFooter":false,"PoemOutDict":false,"Titles":null,"Number":"№238 (3021)"},"Active":true,"Catalog":"570ef2fcd07cda3e16f93ef7","Description":"<p class=\"poem\">Помощь, конечно, нужна людям!<br>\r\nВо время войны не бывает удачи!<br>\r\nСегодня, Квантового перехода, прелюдия,<br>\r\nЛюди хотят себе, только, счастья!</p>\r\n\r\n<p class=\"poem\">В каждой стране всё зависит от власти!<br>\r\nСегодня, власти играют в свою игру,<br>\r\nВ Народе только кипят, пустые, страсти,<br>\r\nЛюдям такое положение, не по нутру!</p>\r\n\r\n<p class=\"poem\">Две части в каждой стране: власть и Народ!<br>\r\nНет между ними никакого равновесия,<br>\r\nВласть &ndash; это особая людей порода,<br>\r\nВласть не делится с Народом известием!</p>\r\n\r\n<p class=\"poem\">Поэтому Народ проживает втёмную!<br>\r\nНовости не доходят до Народа,<br>\r\nДля власти такое управление, удобно,<br>\r\nХороша для власти рабская людей порода!</p>\r\n\r\n<p class=\"poem\">Народ для власти нужен, когда война!<br>\r\nВласти необходимо пушечное мясо!<br>\r\nТогда, у человека, правда, другая цена,<br>\r\nВласть приглашает человека в этот час!</p>\r\n\r\n<p class=\"poem\">Сегодня, война за передел Мира!<br>\r\nАмерика решила, что настал Её час!<br>\r\nНет у Америки, кроме богатства, ориентира,<br>\r\nДля неё важен, полученный на войне, запас!</p>\r\n\r\n<p class=\"poem\">Любая власть имеет своё богатство!<br>\r\nВласти надо уменьшить риск!<br>\r\nВоровство в стране &ndash; это святотатство!<br>\r\nУ богатых людей &ndash; это минимальный риск!</p>\r\n\r\n<p class=\"poem\">Война, сегодня, продолжается по Уставу!<br>\r\nАмерика хочет победить Россию!<br>\r\nОна хочет поднять вверх свою Октаву,<br>\r\nЧтобы остановить от Бога Мессию!</p>\r\n\r\n<p class=\"poem\">Пока Россия не видит своей беды,<br>\r\nПресса поёт людям, только, Надежду,<br>\r\nРоссия должна помнить, что были Веды,<br>\r\nРоссия застряла в религиях, как невежда!</p>\r\n\r\n<p class=\"poem\">Власть России боится, сегодня, потерять власть!<br>\r\nНо, страна гибнет при таком управлении,<br>\r\nХотя, в Народе уже кипит страсть,<br>\r\nНет в стране, к справедливости, движения!</p>\r\n\r\n<p class=\"poem\">Россия потерялась, как Великий Союз!<br>\r\nТеперь, нет Единого в Духе Плана,<br>\r\nЭкономика рынка пошла юзом,<br>\r\nРоссия под гнётом Тайного клана!</p>\r\n\r\n<p class=\"poem\">Есть частный сектор под управлением,<br>\r\nЧастный сектор можно доить,<br>\r\nУ России нет никакого направления,<br>\r\nАмерика считает, что Её можно убить!</p>\r\n\r\n<p class=\"poem\">Это, сегодня, Главная Цель Америки!<br>\r\nВалюту печатает, ускоренно, станок!<br>\r\nТеперь, уже весь Мир в истерике,<br>\r\nГолос сопротивления, давно, умолк!</p>\r\n\r\n<p class=\"poem\">Россия переходит в Епархию Бога!<br>\r\nНепривычно Ей подчиняться,<br>\r\nБез Бога, плачевными будут Итоги!<br>\r\nСо Свободой Её не расставаться!</p>\r\n\r\n<p class=\"poem\">Надо срочно менять направление,<br>\r\nПопросите Создателя поменять Сознание,<br>\r\nВласть &ndash; это искусственное явление,<br>\r\nНадо на этом сконцентрировать внимание!</p>\r\n\r\n<p class=\"poem\">Эта война закончится плохо, без Бога!<br>\r\nНо в этом заложен Небом Плюс!<br>\r\nОчень скоро поменяется уже Эпоха,<br>\r\nУйдёт из России, насовсем, Минус!</p>\r\n\r\n<p class=\"poem\">Война может привести к разрухе!<br>\r\nСоздатель не подаст власти руки!<br>\r\nПобедные напрасно звучат слухи,<br>\r\nРоссии, повторно, не перейти реки!</p>\r\n\r\n<p class=\"poem\">НАТО &ndash; это огромные средства!<br>\r\nЕсть у них планы на десять лет!<br>\r\nДля такой России закрылась дверца,<br>\r\nУ России очень плохой бюджет!</p>\r\n\r\n<p class=\"poem\">Не получится победить Америку!<br>\r\nНет грамотного обеспечения,<br>\r\nТеперь уже Россия будет в истерике,<br>\r\nОстановилось России вперёд движение!</p>\r\n\r\n<p class=\"poem\">Создатель подготовил Программу!<br>\r\nНо власть и Народ читают не Там!<br>\r\nДля Победы нужны в Духе граммы,<br>\r\nСегодня, внутри страны полный бедлам!</p>\r\n\r\n<p class=\"poem\">Надо менять в стране положение!<br>\r\nНадо Создателю передать Управление,<br>\r\nПовторяю, надо поменять направление,<br>\r\nПока, в стране с Минусом Уравнение!</p>\r\n\r\n<p class=\"noind\">Да будет Свет Истины!<br>\r\nОтец Абсолют или Высший Космический Разум!</p>\r\n","Files":null,"Date":"2024-08-25T12:01:01.767+03:00","DateChange":"2024-08-25T12:01:31.383+03:00","Link":"poems/25.08.24","Id":"66caf2eb9b67d7a1e1c7ff2b","Srv":"otk","Deleted":false,"Titles":["Создатель подготовил Программу!"]}
{"Data":{"Next":"poems/25.08.24","NoFooter":false,"PoemOutDict":false,"Titles":null,"Number":"№237 (3020)"},"Active":true,"Catalog":"570ef2fcd07cda3e16f93ef7","Description":"<p class=\"poem\">Война, окончательно, разделила Мир на &laquo;до&raquo; и &laquo;после&raquo;!<br>\r\nСоздатель хочет, конечно, чтобы был Свет!<br>\r\nЛюдей, сегодня, больше далеко от Бога и мало &ndash; возле!<br>\r\nСомнения в Боге людей &ndash; это очень плохая примета!</p>\r\n\r\n<p class=\"poem\">Люди на войне, хотят определиться: за кого они?<br>\r\nЛюди родились и живут в этой Системе!<br>\r\nНет в людях никакой Большой Мечты,<br>\r\nДостаток в жизни &ndash; Главная для них Тема!</p>\r\n\r\n<p class=\"poem\">Люди видят в каждой войне, только обогащение!<br>\r\nОбогащение за счёт несчастья других,<br>\r\nНо, война &ndash; это в Духе людей развращение!<br>\r\nЗа счёт других людей, не бывает счастливых!</p>\r\n\r\n<p class=\"poem\">Это не принято было на территории России!<br>\r\nНо, очень развито было в Америке!<br>\r\nВ России прививалась Любви Миссия,<br>\r\nВойна приводила людей к истерике!</p>\r\n\r\n<p class=\"poem\">В Америке привычно убивать Президента,<br>\r\nИбо жизнь &ndash; это борьба за власть,<br>\r\nДля Америки привычен такой момент,<br>\r\nГолливуд прививает людям такую страсть!</p>\r\n\r\n<p class=\"poem\">Америка поёт гимн только сильнейшим!<br>\r\nСмерть, как в кино, приемлемый вариант!<br>\r\nЭтот принцип для страны &ndash; важнейший,<br>\r\nЧеловек в Америке, словно, игровой автомат!</p>\r\n\r\n<p class=\"poem\">Нет в этой стране чувства Любви,<br>\r\nЖизнь, словно, сцена из Голливуда,<br>\r\nУбей другого и всё для себя забери,<br>\r\nТак рекламы людей в Завтра ведут!</p>\r\n\r\n<p class=\"poem\">В Сознании человека &ndash; только Победа!<br>\r\nЖизнь, повторяю, словно картина,<br>\r\nНет альтернативы: жизнь или беда,<br>\r\nСвет Божий или кромешная Тьма!</p>\r\n\r\n<p class=\"poem\">Жизнь в Америке полный контраст!<br>\r\nАмерика &ndash; это всё не как у людей,<br>\r\nЖизнь человека &ndash; это с Тьмой контракт,<br>\r\nЖизнь ради выгоды, без сомнений!</p>\r\n\r\n<p class=\"poem\">Америка &ndash; это антипод России,<br>\r\nУ России в Душе Судьба страны,<br>\r\nПоэтому Создатель подарил стране Мессию,<br>\r\nЖила бы страна счастливо и нету другой Мечты!</p>\r\n\r\n<p class=\"poem\">Американские принципы не для России,<br>\r\nНе прививается: каждый за себя!<br>\r\nРоссия &ndash; не Англия и не Пруссия,<br>\r\nВ России человек отдаст, за других, себя!</p>\r\n\r\n<p class=\"poem\">Идеология капитализма не для России!<br>\r\nВ России жизнь за других и за Родину!<br>\r\nОт Создателя в России есть Мессия,<br>\r\nНарод защитит страну в любую годину!</p>\r\n\r\n<p class=\"poem\">Сотворчество &ndash; это Судьба России!<br>\r\nНет на Руси страсти к богатству,<br>\r\nУ неё Спасителя Мира, вечная сессия,<br>\r\nНет в Духе никакого чванства!</p>\r\n\r\n<p class=\"poem\">У России &ndash; Великая Пассионарность!<br>\r\nОказать людям помощь &ndash; это Счастье!<br>\r\nВ дружбе нет никакой скованности,<br>\r\nГордыня на Руси &ndash; это несчастье!</p>\r\n\r\n<p class=\"poem\">Россия доверяет себя Судьбе и Создателю!<br>\r\nОна доверяется Создателя Идеологии,<br>\r\nОчень много вокруг власти обывателей,<br>\r\nИ, много, около власти, лжи и демагогии!</p>\r\n\r\n<p class=\"poem\">Вам пора объявить на Руси тревогу,<br>\r\nВласть ведёт страну от Бога и никуда!<br>\r\nВласть открыла свою страну врагу,<br>\r\nТеперь у руля страны Иуды!</p>\r\n\r\n<p class=\"poem\"><b>Всё готово, пора объявлять Сбор!<br>\r\nЛюди должны в Боге объединиться!<br>\r\nВойна между славянами &ndash; это перебор,<br>\r\nРеспубликам надо в Новый Союз слиться!</b></p>\r\n\r\n<p class=\"poem\">Это последняя от Бога информация,<br>\r\nЭпоха пока не может пустить людей!<br>\r\nНачинается самого Создателя акция,<br>\r\nПрольётся на людей Свет Истины без Теней!</p>\r\n\r\n<p class=\"noind\">Да будет Свет Истины!<br>\r\nОтец Абсолют или Высший Космический Разум!</p>\r\n","Files":null,"Date":"2024-08-24T11:31:12.287+03:00","DateChange":"2024-08-24T11:31:47.803+03:00","Link":"poems/24.08.24","Id":"66c99a73af261689559916af","Srv":"otk","Deleted":false,"Titles":["Всё готово, пора объявлять Сбор!"]}
{"Data":{"Next":"poems/24.08.24","NoFooter":false,"PoemOutDict":false,"Titles":null,"Number":"№236 (3019)"},"Active":true,"Catalog":"570ef2fcd07cda3e16f93ef7","Description":"<p class=\"poem\">Управление &ndash; это не только присутствие!<br>\r\nУправление &ndash; современный профессионализм!<br>\r\nГлавное, в управлении, не надо мудрствовать,<br>\r\nВажен в управлении только разум и оптимизм!</p>\r\n\r\n<p class=\"poem\">Сегодня идёт война по старым канонам!<br>\r\nНикто из людей не знает, что будет Завтра?<br>\r\nНе будет, теперь, продолжения и по Законам,<br>\r\nСо стороны Тьмы, сегодня, одна неправда!</p>\r\n\r\n<p class=\"poem\">Сегодня старый Мир стоит уже на пороге!<br>\r\nВсе люди спешат получить свои приоритеты!<br>\r\nНикто не знает, куда Новая поведёт дорога?<br>\r\nИбо, Бог, повторяю, шельму всегда метит!</p>\r\n\r\n<p class=\"poem\">В этой обстановке, людей ожидает неопределённость!<br>\r\nВойна не даёт людям сосредоточиться!<br>\r\nКажется, что осталась какая &ndash; то закономерность,<br>\r\nНа войне людям, очень трудно, определиться!</p>\r\n\r\n<p class=\"poem\">Сегодня, военный перевес на стороне России!<br>\r\nХотя бы потому, что с Россией Создатель!<br>\r\nСоздатель в помощь России подготовил Мессию,<br>\r\nПридётся отступить Америке и от Тьмы, обывателям!</p>\r\n\r\n<p class=\"poem\">Вам на Форуме надо обрисовать обстановку!<br>\r\nМировая наука не смогла понять Путь!<br>\r\nСегодня видно, что меняется уже Постановка,<br>\r\nСоздатель принял на себя управление и в этом Суть!</p>\r\n\r\n<p class=\"poem\">Россия тоже должна думать, что Ей делать?<br>\r\nАмерика спешит завоевать Россию,<br>\r\nАмерика мировую позицию хочет поменять,<br>\r\nНо, Америка не понимает, сегодня, роль Мессии!</p>\r\n\r\n<p class=\"poem\">А, роль Мессии очень проста, предельно,<br>\r\nКто-то должен переводить Бога распоряжения!<br>\r\nРоль Мессии, сегодня, определена отдельно:<br>\r\nМессия организует людей Преображение!</p>\r\n\r\n<p class=\"poem\">Люди долго были под гнётом религий!<br>\r\nУстановился вековой порядок понимания,<br>\r\nСложился в Духе уровень для людей вериг,<br>\r\nСегодня, проснулось к религиям, внимание!</p>\r\n\r\n<p class=\"poem\">Эта война поломала все Мировые устои,<br>\r\nЕсть война и нет никакого суда!<br>\r\nМир, оказался, неправильно устроен,<br>\r\nЧто рабская человеческая жизнь &ndash; обуза!</p>\r\n\r\n<p class=\"poem\"><b>Нужно срочно озвучить Новые представления!<br>\r\nСоздатель подтвердил с людьми Родство!<br>\r\nДолжно быть, на Правду, людей равнение,<br>\r\nНадо людям исключить понятие &laquo;воровство&raquo;!</b></p>\r\n\r\n<p class=\"poem\">Формат прошлой жизни уже уходит!<br>\r\nВ Новой Эпохе будет совсем другой формат!<br>\r\nЧеловек, теперь, в Боги уже переходит,<br>\r\nНе получается для людей переход, на автомате!</p>\r\n\r\n<p class=\"poem\"><b>Нельзя перейти в Новый Мир, не меняясь!<br>\r\nДля Новых условий необходим другой человек!<br>\r\nСначала Вы с Идеологией определитесь,<br>\r\nЧтобы Бог Благословил Вас на Новый век!</b></p>\r\n\r\n<p class=\"poem\">Но, для Нового века нужны Знания!<br>\r\nСоздатель передаёт России уже 20 лет!<br>\r\nНа Форуме должно прийти понимание,<br>\r\nКоторого в людях пока ещё нет!</p>\r\n\r\n<p class=\"poem\">Война не даёт людям опомниться!<br>\r\nАмерика затеяла свой переход,<br>\r\nЛюди не могут никак определиться,<br>\r\nКому и какой надо сделать ход?</p>\r\n\r\n<p class=\"poem\"><b>Партия этого Мира перешла в эндшпиль,<br>\r\nПредстоит сделать последний ход!<br>\r\nПосле войны должен наступить штиль!<br>\r\nДля человечества начинается Переход!</b></p>\r\n\r\n<p class=\"poem\">Создатель предложил Новую партию,<br>\r\nРоссия выбирает Белый Свет!<br>\r\nМессия от Бога и России ведёт арию,<br>\r\nСлова арии &ndash; это Бога Завет!</p>\r\n\r\n<p class=\"poem\"><b>В этой неразберихе, ход за Россией!<br>\r\nМессия подготовил уже Платформу!<br>\r\nУ России есть Спасителя Миссия,<br>\r\nМонархия Бога будет в стране нормой!</b></p>\r\n\r\n<p class=\"poem\">В этих условиях, Создатель решил,<br>\r\nЧто, в Новой Эпохе Русь будет впереди,<br>\r\nБог структуру страны уже определил,<br>\r\nПорядок, сначала, надо установить внутри!</p>\r\n\r\n<p class=\"poem\">Определяющее слово теперь &laquo;Бог&raquo;,<br>\r\nПредставляет Бога, теперь, Мессия,<br>\r\nРоссия на Форуме подведёт Первый Итог,<br>\r\nНачинается Нового Мира сессия!</p>\r\n\r\n<p class=\"noind\">Да будет Свет Истины!<br>\r\nОтец Абсолют или Высший Космический Разум!</p>\r\n","Files":null,"Date":"2024-08-23T10:14:07.353+03:00","DateChange":"2024-08-23T10:14:53.852+03:00","Link":"poems/23.08.24","Id":"66c836edca57b9b497c91598","Srv":"otk","Deleted":false,"Titles":["В этой неразберихе, ход за Россией!"]}
{"Data":{"Next":"poems/23.08.24","NoFooter":false,"PoemOutDict":false,"Titles":null,"Number":"№235 (3018)"},"Active":true,"Catalog":"570ef2fcd07cda3e16f93ef7","Description":"<p class=\"poem\"><b>Лидер страны ищет поддержки там, где её нет!<br>\r\nСпасение России только можно ожидать от Создателя!<br>\r\nТолько людям в Духе подготовлен в Завтра Билет!<br>\r\nЭто не касается, воров, предателей и обывателей!</b></p>\r\n\r\n<p class=\"poem\">Мир открылся людям всеми гранями войны!<br>\r\nВойна – это уничтожение стран и людей!<br>\r\nНикто не ожидал такой жестокой в Мире волны!<br>\r\nС каждым днём жить людям будет, только, сложней!</p>\r\n\r\n<p class=\"poem\">Нужно срочно менять людей отношение к Миру!<br>\r\nАмерика раскачивает военную машину страха,<br>\r\nАмерика расширяет свои финансовые ориентиры,<br>\r\nЕй нужна территория России и от страны только прах!</p>\r\n\r\n<p class=\"poem\"><b>Все проекты и все цели Америки, теперь, открыты всем!<br>\r\nНет, у Америки времени, прятаться за занавесы,<br>\r\nАмерика спешит в свою сторону открыть войны перевес,<br>\r\nК управлению Америки подключились все Мировые бесы!</b></p>\r\n\r\n<p class=\"poem\">Они спешат разрушить Россию, начиная с границы!<br>\r\nАмерика, готова поднять ставку этой войны,<br>\r\nДолгосрочные планы Америки заполняют страницы,<br>\r\nУ России Надежда только на ключ от Судьбы!</p>\r\n\r\n<p class=\"poem\">Сегодня, Россия сражается одна против всех!<br>\r\nЛидер, напрасно рассчитывает, на извне помощь,<br>\r\nРоссию ждёт очень много внешних и своих помех!<br>\r\nРоссия, из-за воровства, потеряла свою былую Мощь!</p>\r\n\r\n<p class=\"poem\">Не всё можно купить за деньги в этом Мире!<br>\r\nКруговорот валюты в Мире давно иссяк!<br>\r\nНельзя требовать от людей денег на войну, в качестве ориентира,<br>\r\nРоссия &ndash; это не Союз, а финансовый, теперь, косяк!</p>\r\n\r\n<p class=\"poem\">Надо срочно менять Идеологию и просить Помощи Бога!<br>\r\nТогда, есть Надежда на Его помощь,<br>\r\nДо конца года Вам придётся, опять, подвести Итоги,<br>\r\nНеобходимо поправить, срочно, России Мощь!</p>\r\n\r\n<p class=\"poem\">Создатель не готовит технику, у Бога другое амплуа!<br>\r\nВчера, говорил, что у Бога другое оружие,<br>\r\nСоздатель видит, что делается на палубе,<br>\r\nБог знает, как уничтожить Тьмы окружение!</p>\r\n\r\n<p class=\"poem\">Окружение России &ndash; это солдаты НАТО!<br>\r\nИх можно остановить, меняя солдат Сознание!<br>\r\nСоздатель на эту войну уже наложил Вето,<br>\r\nОн начинает изменять солдат войны понимание!</p>\r\n\r\n<p class=\"poem\">Солдатам открывается, что война против них,<br>\r\nЧто денег не будет, а будет обман!<br>\r\nИх уже страшит встречи с армией России Миг,<br>\r\nЧто НАТО их направляет, сразу всех, в капкан!</p>\r\n\r\n<p class=\"poem\">Техника не поддаётся управлению,<br>\r\nНавыков ведения боя у солдат уже нет,<br>\r\nРоссия начинает против сил НАТО наступление,<br>\r\nУ солдат НАТО отсутствует в Завтра Билет!</p>\r\n\r\n<p class=\"poem\">С таким настроением солдат воевать не может!<br>\r\nПрошла информация, что опять солдат обманули!<br>\r\nЗападный солдат, скоро оружие сложит,<br>\r\nИх на войну, против сильной Руси, кинули!</p>\r\n\r\n<p class=\"poem\">Теперь Ваши, с Богом, Посылы добавят разрухи!<br>\r\nРазруха от этой войны в головах солдат!<br>\r\nНикто и никого не возьмёт, теперь, их на поруки,<br>\r\nАмерика дала, им, только в одну сторону, Мандат!</p>\r\n\r\n<p class=\"poem\">Вам надо готовить Посылы, вместе, с Богом!<br>\r\nНаступает время Шестой Эпохи!<br>\r\nВойна до конца года, станет, для всех, Итогом,<br>\r\nО Победе Америки ходят только одни слухи!</p>\r\n\r\n<p class=\"poem\">Сама Природа ещё не включилась в дело!<br>\r\nГотовятся вступить против Америки и вулканы,<br>\r\nУ Америки нет Духа, а есть только тело,<br>\r\nПрирода для Америки &ndash; серьёзный капкан!</p>\r\n\r\n<p class=\"poem\">Война для России &ndash; есть своего рода, внутри, отбор!<br>\r\nВойна показала, что власть страны ворует!<br>\r\nНа войне, воровать у своих &ndash; это уже перебор!<br>\r\nРоссия, своих воров, уже пеплом укроет!</p>\r\n\r\n<p class=\"poem\">Пора готовить людей на Вече или на Сход!<br>\r\nНадо спасать страну от насилия!<br>\r\nЗа Равенство и Любовь объявлен Поход!<br>\r\nВласть воров против Бога и Народа бессильна!</p>\r\n\r\n<p class=\"noind\">Да будет Свет Истины!<br>\r\nОтец Абсолют или Высший Космический Разум!</p>\r\n","Files":null,"Date":"2024-08-22T11:57:42.585+03:00","DateChange":"2024-08-22T11:58:20.23+03:00","Link":"poems/22.08.24","Id":"66c6fdacca57b9b497c9158f","Srv":"otk","Deleted":false,"Titles":["Вам надо готовить Посылы вместе с Богом!"]}
{"Data":{"Next":"poems/22.08.24","NoFooter":false,"PoemOutDict":false,"Titles":null,"Number":"№234 (3017)"},"Active":true,"Catalog":"570ef2fcd07cda3e16f93ef7","Description":"<p class=\"poem\">Так сложилось, что Тьма, пока, на сегодня, сильнее Света!<br>\r\nБез помощи Создателя людям не победить Тьму!<br>\r\nВам нужен от Бога такой Завет, который будет сильнее ответа!<br>\r\nНадо, чтобы Россия в одиночестве победила войну!</p>\r\n\r\n<p class=\"poem\">Вам нужна помощь Создателя, сегодня и навечно!<br>\r\nВам нужна Идеология Божественных уже Небес!<br>\r\nЧеловек, в такое время, не может существовать беспечно,<br>\r\nОт России человечество ожидает только Чудес!</p>\r\n\r\n<p class=\"poem\">Вы готовы постоять за Свободу Духа, особенно, сегодня!<br>\r\nРоссия от Идеологии Равенства не отступала никогда!<br>\r\nРоссия не поддержала ни одного Тёмного дня,<br>\r\nРоссия живёт, только, ради Света Божьего на все века!</p>\r\n\r\n<p class=\"poem\">Вам нужна Помощь Создателя в любой форме!<br>\r\nВам надо срочно остановить эту войну!<br>\r\nДля Вас Равенство и Любовь есть Единственная норма,<br>\r\nВы должны поднять до Небес Энергетическую волну!</p>\r\n\r\n<p class=\"poem\">Дух всегда победит Материю, ибо Свет!<br>\r\nВы никогда не сойдёте с выбранной Вами дороги!<br>\r\nВам Богом обещан за Отвагу в Космос Билет,<br>\r\nВы пройдёте все, выстроенные против Вас пороги!</p>\r\n\r\n<p class=\"poem\">Наш Путь был начат 20 лет, тому назад, ради Мира!<br>\r\nВы смогли собрать Матрицу Нового Пространства,<br>\r\nВы, сами, выбрали Создателя, в качестве ориентира,<br>\r\nРоссия, не будет больше, напрасно, странствовать!</p>\r\n\r\n<p class=\"poem\">Теперь Вам Путь, на века, определён Создателем!<br>\r\nБог принял на себя Планетарное управление!<br>\r\nРоссия приняла на себя КРЕСТ Спасителя,<br>\r\nМессия от Бога возглавил это, людей, Движение!</p>\r\n\r\n<p class=\"poem\">Сегодня Вам ещё нужна Создателя поддержка,<br>\r\nПротив Создателя собралась Мировая Тьма!<br>\r\nНе должно быть в Вашем Движении никакой задержки,<br>\r\nДолжна быть развеяна продажной прессы кутерьма!</p>\r\n\r\n<p class=\"poem\">Создатель открыл для Ваших Посылов возможности!<br>\r\nНужно, сегодня, точечное на Тьму воздействие!<br>\r\nДля людей-Богов не могут быть никакие сложности!<br>\r\nСоздатель, людям-Богам окажет, всегда, содействие!</p>\r\n\r\n<p class=\"poem\">Теперь за Вами, Новая партия управления Россией!<br>\r\nСоздатель запретил человеку Право управления,<br>\r\nУправление Планетой будет осуществлять от Бога Мессия,<br>\r\nМессия объяснит людям их, как на Духу, положение!</p>\r\n\r\n<p class=\"poem\">Вам надо составить план сражения с Мировой Тьмой!<br>\r\nНадо разрушить ключевые в Мире Тьмы, точки!<br>\r\nНадо воевать Энергетическими импульсами, а не гурьбой,<br>\r\nНадо разнести Основы Мировой Тьмы в клочья!</p>\r\n\r\n<p class=\"poem\">За Вами, сегодня, упорство и Света концентрация!<br>\r\nНужен точный прицел и сильный по Тьме удар!<br>\r\nЗа эту Войну, Тьма должна получить &laquo;компенсацию&raquo;!<br>\r\nВаша Энергия должна разжечь Мировой пожар!</p>\r\n\r\n<p class=\"poem\">Пока Россия &ndash; это обычная, из людей, Армия!<br>\r\nТо же, самое, выставляет против России Тьма!<br>\r\nНа поле брани, как раньше, была Померания,<br>\r\nПереходящая в разные руки страна!</p>\r\n\r\n<p class=\"poem\">Украина перешла от России к Тьме!<br>\r\nАмерика &ndash; это Центр Теневой экономики!<br>\r\nНадо России противостоять этой стране,<br>\r\nАмерика стоит, пока живы Тьмы потомки!</p>\r\n\r\n<p class=\"poem\">Сражение перейдёт в Победу без Америки!<br>\r\nНАТО &ndash; это искусственное соединение!<br>\r\nНадо Америку довести до истерики,<br>\r\nВ этой стране нет ничего, кроме, денег движения!</p>\r\n\r\n<p class=\"poem\">Главная точка опоры Америки &ndash; это валюта в стране!<br>\r\nСтанок печатает деньги со скоростью пулемёта,<br>\r\nАмерика &ndash; это в Мире таран, какого не было ранее!<br>\r\nСегодня, долги Америки, делают страну на излёте!</p>\r\n\r\n<p class=\"poem\">Болевая точка Америки, повторяю, есть валюта!<br>\r\nАмерика не выдержит этот валютный кредит,<br>\r\nНадо создать ситуацию срочного погашения долга, повсюду,<br>\r\nАмерика, первая, неожиданно для всего Мира, затрещит!</p>\r\n\r\n<p class=\"poem\">Надо поднять волну требования долга Америки, оплатить!<br>\r\nАмерика свалится сразу в дефолт,<br>\r\nАмерике нечем будет все Её долги погасить,<br>\r\nАмерике, тогда, уже не поможет никакой ремонт!</p>\r\n\r\n<p class=\"poem\">Ваши Посылы против этой системы, остановят станок!<br>\r\nДальше, что будет уже всем понятно!<br>\r\nДолговой разрушит Америку потоп,<br>\r\nОт Америки в океане останутся, только, нефтяные пятна!</p>\r\n\r\n<p class=\"poem\">Вам надо понять силу в Духе Своего оружия!<br>\r\nНадо понять, что у Тьмы, в Материи, есть болевые точки!<br>\r\nПоменяется, сразу, вокруг России окружение!<br>\r\nПоменяется и Планетарная оболочка!</p>\r\n\r\n<p class=\"noind\">Да будет Свет Истины!<br>\r\nОтец Абсолют или Высший Космический Разум!</p>\r\n","Files":null,"Date":"2024-08-21T12:13:27.22+03:00","DateChange":"2024-08-21T12:14:12.784+03:00","Link":"poems/21.08.24","Id":"66c5afe4ca57b9b497c9158e","Srv":"otk","Deleted":false,"Titles":["Вам пора понять силу в Духе, Своего оружия!"]}
{"Data":{"Next":"poems/21.08.24","NoFooter":false,"PoemOutDict":false,"Titles":null,"Number":"№233 (3016)"},"Active":true,"Catalog":"570ef2fcd07cda3e16f93ef7","Description":"<p class=\"poem\"><b>Мировым Лидером в Духе остаётся, сегодня, только Россия!<br>\r\nОпустить Россию на колени никому и никогда не получится!<br>\r\nПервым шагом в сторону России, было проявление Мессии!<br>\r\nПоверьте, в этом случае, поражения России уже не случится!</b></p>\r\n\r\n<p class=\"poem\">Россия начала воплощать Идеологию Создателя!<br>\r\nВойна отвлекает людей от СоТворчества!<br>\r\nСмотрят на Запад предатели и богатые обыватели!<br>\r\nРоссия, несмотря на войну с Западом, начала Творчество!</p>\r\n\r\n<p class=\"poem\">Власть России готова уже отступить по всем фронтам!<br>\r\nМировой капитал встал стеной против Святой России!<br>\r\nРоссия свою самостоятельность должна отстоять, здесь и Там!<br>\r\nПовторяю, люди ещё не понимают Важную роль Мессии!</p>\r\n\r\n<p class=\"poem\">Мессия, для Создателя должен быть человек в Духе!<br>\r\nЭто человек, посвятивший всю свою жизнь только России,<br>\r\nПресса распространяет о Нём только, ложные слухи,<br>\r\nЛюди не понимают, кто такой и откуда Мессия?</p>\r\n\r\n<p class=\"poem\">Прежде всего, Мессию выбирает из Нации, всегда, Создатель!<br>\r\nПросматривая всю Нацию, за большое количество веков или лет!<br>\r\nИстоки этого Рода должны были нести, всегда, только Предстоятели,<br>\r\nТолько тогда из этого Рода определяется Счастливый Билет!</p>\r\n\r\n<p class=\"poem\">Человек должен был пройти весь Путь в Материи с Плюсом!<br>\r\nЭто Главный аргумент в пользу выбора на Восшествие!<br>\r\nПуть человека из Науки не должен быть в Небе Юзом,<br>\r\nСкорее, это выбор человека к Божественному путешествию!</p>\r\n\r\n<p class=\"poem\">Его Род должен был протоптать, особую, дорогу к Богу!<br>\r\nНо, есть строгое требование к выбранному человеку!<br>\r\nОн должен был сам, подойти, пусть даже на Миг, к Итогу,<br>\r\nЕго Задача, стать Началом Начал, уже Нового в Духе века!</p>\r\n\r\n<p class=\"poem\">Его проявление, всегда, совпадает с границей Эпох!<br>\r\nПятая Эпоха уже ушла, а Шестая только приходит!<br>\r\n20 лет были подготовкой Его Сознания, как Итог,<br>\r\nТрудный путь, но Создатель к Итогу Его подводит!</p>\r\n\r\n<p class=\"poem\">Теперь, Создатель подводит Его и к Управлению!<br>\r\nОн прошёл опыт, даже, в Президентской Администрации,<br>\r\nМессия понимает Главное Создателя направление,<br>\r\nК Божественной Монархии этого Мира движение!</p>\r\n\r\n<p class=\"poem\">Создатель, уже, добавил, в Конституцию России слово &laquo;Бог&raquo;!<br>\r\nЭто первый импульс в Сознание Нового человека,<br>\r\nЭто не религия, а Нового мышления Росток,<br>\r\nЭто наступление Новой Идеологии, Нового века!</p>\r\n\r\n<p class=\"poem\">Теперь военные действия &ndash; это порядка нарушение!<br>\r\nСлово «Бог» открывает Новое в Духе направление!<br>\r\nТеперь на войну, люди должны спросить у Создателя разрешение!<br>\r\nДаже, если вражда, она должна вести к Миру движение!</p>\r\n\r\n<p class=\"poem\">Теперь управление страной не может быть у человека!<br>\r\nЧеловек без Духа &ndash; это, только, Материальный объект,<br>\r\nТакого не должно быть в Начале Нового века,<br>\r\nНа управление страной человеком, уже наложен запрет!</p>\r\n\r\n<p class=\"poem\">Наступили Новые для людей условия существования!<br>\r\nВаш Посыл должен остановить, насовсем, Америку!<br>\r\nЗа Вами Америки, окончательное, задержание!<br>\r\nМир капитала проявит истерику!</p>\r\n\r\n<p class=\"poem\">Но, пока Пятая Эпоха капитала, ещё не прошла!<br>\r\nИдёт последнее Создателю сопротивление!<br>\r\nВаша Свободная Воля, в этом случае, очень важна,<br>\r\nЭто Первый этап к Миру движения!</p>\r\n\r\n<p class=\"poem\">Теперь Вам пора подвести предварительные Итоги!<br>\r\nЧто дают Посылы на разрушение НАТО?<br>\r\nВнутри страны нужны строго направленные Потоки,<br>\r\nНичего не должно вернуться от Вас обратно!</p>\r\n\r\n<p class=\"poem\">Вам надо обратиться всем к Мировой Науке!<br>\r\nНаука должна понять, что вектор теперь другой!<br>\r\nВече, поверьте, это не учёных акция,<br>\r\nСоздатель, через Вече, решил покончить с войной!</p>\r\n\r\n<p class=\"poem\"><b>Теперь, Вы и Создатель &ndash; есть Единая Суть!<br>\r\nРоссия, через, Пророка, принимает Управление!<br>\r\nТеперь понятен в Космосе России Путь!<br>\r\nУ Вас, теперь, в Шестую Эпоху движение!</b></p>\r\n\r\n<p class=\"noind\">Да будет Свет Истины!<br>\r\nОтец Абсолют или Высший Космический Разум!</p>\r\n","Files":null,"Date":"2024-08-20T12:05:37.554+03:00","DateChange":"2024-08-20T12:06:58.938+03:00","Link":"poems/20.08.24","Id":"66c45cb2a41a59c1546b60f0","Srv":"otk","Deleted":false,"Titles":["Теперь, Вы и Создатель – Единая Суть!"]}
{"Data":{"Next":"poems/20.08.24","NoFooter":false,"PoemOutDict":false,"Titles":null,"Number":"№232 (3015)"},"Active":true,"Catalog":"570ef2fcd07cda3e16f93ef7","Description":"<p class=\"poem\">Мир в напряжении, ибо война только расширяется!<br>\r\nЗапад старается насытить Украину своим оружием!<br>\r\nУкраина, наполненная оружием Запада, очень старается,<br>\r\nФактически, сегодня, Россия находится в окружении!</p>\r\n\r\n<p class=\"poem\">Кроме оружия, на войне очень важна обстановка!<br>\r\nМировая пресса оболгала Россию, как государство!<br>\r\nВойна, это Америки собственная Постановка,<br>\r\nНикто не понимает, что Америка &ndash; это Тьмы дарство!</p>\r\n\r\n<p class=\"poem\">Россия вынуждена держать, сегодня, круговую оборону!<br>\r\nФронт, теперь, перешёл на территорию России,<br>\r\nЛюдям России пора принять Создателя сторону,<br>\r\nОни забыли, что для защиты Руси, был прислан Мессия!</p>\r\n\r\n<p class=\"poem\">Россия мучается вопросом о себе и на войне, участия!<br>\r\nНо, есть Главный вопрос, который ожидает Мессия:<br>\r\nЭто о том, как добиться для Народа общего Счастья,<br>\r\nИ как помочь стране не в обороне, а в наступательной сессии!</p>\r\n\r\n<p class=\"poem\">Войну, надо срочно, остановить на границе Эпох!<br>\r\nДля этого России не пригодится никакое оружие!<br>\r\nНужно только усилить Посыл, как Единый вздох,<br>\r\nТогда разрушится Натовское Руси окружение!</p>\r\n\r\n<p class=\"poem\">Вам не участвовать, самим, на поле брани!<br>\r\nЭто дело только для проявленной Материи,<br>\r\nВы, для Небесной силы, Главная грань,<br>\r\nНе в Материи, сегодня, нужны потери!</p>\r\n\r\n<p class=\"poem\">Создатель уже Вам объявил, что Вы в Духе!<br>\r\nВаш Посыл может изменить Мир до неузнаваемости!<br>\r\nПресса распространяет о Руси грязные слухи,<br>\r\nЧто, Россия &ndash; это плохих людей разнородная масть!</p>\r\n\r\n<p class=\"poem\"><b>Но, это всё не так &ndash; всё на Руси от Создателя!<br>\r\nМир считает, что Русь &ndash; это разрушенная экономика,<br>\r\nДа, в России, как и во всём Мире полно обывателей!<br>\r\nНо, при упоминании о России, у Бога меняется мимика!</b></p>\r\n\r\n<p class=\"poem\">Из Истории Планеты ясно, что Русь сотворил Создатель!<br>\r\nУ Создателя на Россию свои, дальние, Планы!<br>\r\nУ России есть, теперь, Небесное оружие от Создателя!<br>\r\nДолжны совпасть Планы Бога и России планы!</p>\r\n\r\n<p class=\"poem\">В Планах Создателя, как и России, закончить войну!<br>\r\nИбо, России к Переходу надо готовить всех людей!<br>\r\nРоссия может отправить Миру разрушительную волну,<br>\r\nКакой силы, это может получиться, только Богу видней!</p>\r\n\r\n<p class=\"poem\">Этот Посыл в Духе, особенно, эффективен, если все вместе,<br>\r\nИбо &ndash; это коллективное есть проявление Воли!<br>\r\nИ не важно, кто из Вас и в каком в этот Миг, месте,<br>\r\nПри таком Единении меняется и самих людей доля!</p>\r\n\r\n<p class=\"poem\">Если разрушать Мир, то можно убрать тихо с Карты,<br>\r\nЕсли строить, то нужно собрать людей в одно Целое,<br>\r\nПора в Школе Бога для учеников готовить парты,<br>\r\nТогда у Вас получится собрать Братство Белое!</p>\r\n\r\n<p class=\"poem\">Школа будет не просто давать Знания,<br>\r\nВ Школе Бога будут и практические занятия!<br>\r\nУправления Миром должно будет прийти понимание,<br>\r\nВы примите этот Мир в свои объятья!</p>\r\n\r\n<p class=\"poem\">Масштаб Ваших Знаний &ndash; это Управление,<br>\r\nВы уже не в Материи, а в Духе!<br>\r\nНадо объяснить ученикам необходимое направление!<br>\r\nПусть они не слушают о Вас лживые слухи!</p>\r\n\r\n<p class=\"poem\">Вам придётся перенаправить свои ряды!<br>\r\nПомните, что нет среди Вас Первых или Последних!<br>\r\nТолько при решении всех вместе будет порядок!<br>\r\nЗапомните, что в Ваших рядах нет, никогда, лишних!</p>\r\n\r\n<p class=\"poem\">В Ваших рядах и гранях должно быть Равенство!<br>\r\nТакой порядок заложен в Матрице!<br>\r\nМессия с Богом принимают, в этом Мире, Главенство,<br>\r\nЕдинством в рядах и гранях пишется страница!</p>\r\n\r\n<p class=\"poem\">Школа Бога, для того, чтобы сложилось Вместе!<br>\r\nКаждый Ученик принимает за себя ответственность!<br>\r\nРоссия &ndash; это Нового Мира Начало Начал Место,<br>\r\nЕсли Вместе, значит, есть взвешенность!</p>\r\n\r\n<p class=\"poem\">Надо продемонстрировать Равенство и Любовь,<br>\r\nЭто &ndash; есть достижение Совершенства!<br>\r\nКаждая восьмёрка &ndash; это Единая в Духе Кровь,<br>\r\nЭто Основа в Духе Единства!</p>\r\n\r\n<p class=\"noind\">Да будет Свет Истины!<br>\r\nОтец Абсолют или Высший Космический Разум!</p>\r\n","Files":null,"Date":"2024-08-19T11:09:33.242+03:00","DateChange":"2024-08-19T11:10:31.122+03:00","Link":"poems/19.08.24","Id":"66c2fdf7595a7dc8e83336fe","Srv":"otk","Deleted":false,"Titles":["Масштаб Ваших Знаний – это Управление!"]}
