{"Data":{"Next":null,"NoFooter":false,"PoemOutDict":false,"Titles":[],"Number":null},"Active":true,"Catalog":"5eeb5170ee6d7619745b6675","Description":"<h3>ИМПУЛЬС ЭНЕРГИИ ДУХОВНОЙ ВОЛНЫ, СОВМЕСТНО С СОЗДАТЕЛЕМ!</h3>","Files":[{"Id":"6703b75d7c17df3ede001438","Path":"2-Timekeeping_Spiritual_Wave.jpg","Name":"2-Timekeeping_Spiritual_Wave.jpg","Store":0,"NoToGallery":false},{"Id":"6703b75e7c17df3ede00143c","Path":"3-The_Path_of_the_impulse.jpg","Name":"3-The_Path_of_the_impulse.jpg","Store":0,"NoToGallery":false}],"Date":"2024-10-08T00:00:00+03:00","DateChange":"2024-10-08T03:10:05.643+03:00","Link":"","Id":"62195b9e5d5a11c6eb22ae89","Srv":"otk","Deleted":false,"Titles":["ДУХОВНАЯ ВОЛНА"]}
{"Data":{"Next":"poems/07.10.24","NoFooter":false,"PoemOutDict":false,"Titles":null,"Number":"№280 (3063)"},"Active":true,"Catalog":"570ef2fcd07cda3e16f93ef7","Description":"<p class=\"poem\">Человек, безусловно, белковая форма жизни!<br />Но, жизнь, сама, имеет разнообразные формы!<br />Вы, пример, как можно сознательно жить,<br />Не нарушая, материальные нормы!</p>\n<p class=\"poem\">Вы, действительно, живёте в промежутке,<br />В промежутке между вакуумом и наоборот!<br />Вы не можете познать крайние промежутки,<br />И не можете понять, куда Вас Создатель ведёт!</p>\n<p class=\"poem\">То, что есть войны за территорию &ndash; это бред!<br />Люди опустились до уровня примитивного существа,<br />Вас закрывает от грехов, Создателя плед!<br />Или природная в Духе пелена!</p>\n<p class=\"poem\">Создатель, постоянно, ведёт Вас в Небо!<br />Точнее, в другое &ndash; Высшую форму существования,<br />Вы, просто, обязаны шагнуть в Небыль!<br />Такая форма для Вас уже, почти, достояние!</p>\n<p class=\"poem\">Вы шагаете, сегодня, в Новые условия!<br />Никто оттуда ещё не возвращался,<br />Там нет глупостей, в виде сословий!<br />Человек, раньше к Создателю, неправильно обращался!</p>\n<p class=\"poem\">Люди всё представляют через себя или Материю!<br />Но, Материя &ndash; это ограниченные возможности!<br />При попытке заглянуть выше, Вы несёте потери,<br />Заглянуть в Марианскую впадину тоже есть сложности!</p>\n<p class=\"poem\">Материя не пускает Вас в Новое, всегда!<br />Вам Небом определён Тонкий слой существования!<br />Создателем Вам уготована в Небе Звезда,<br />Звезда Энергетического существования!</p>\n<p class=\"poem\">Повторяю, Вы имеете Материальный вид,<br />Это Бога попытка сотворить Разума, белковую форму,<br />Вы &ndash; это Высший в Материи подвид,<br />Вы, сегодня, определяете Разума в Материи норму!</p>\n<p class=\"poem\"><strong>Каждая Эпоха &ndash; это Эволюция активного Разума!<br />Сегодня, Вы на границе Шестой Эпохи!<br />Человек ничего не знает, что в Эпохах тогда,<br />Вы, в таком виде, не можете перейти Туда сходу!</strong></p>\n<p class=\"poem\">20 лет Вашей подготовки &ndash; это мгновение!<br />Человечество, не обращало, на Знания, внимание!<br />Нельзя, просто Разумом, объяснить людей поведение!<br />Сегодня, война &ndash; это, Мира сего, разрушение!</p>\n<p class=\"poem\">Подумайте, что могут сделать сами люди,<br />Когда начинается Преображение этого Мира?<br />Война &ndash; это, фактически Конца жизни прелюдия,<br />Нет у людей для спасения ориентира!</p>\n<p class=\"poem\">Шестая Эпоха говорит о том, что было раньше Пять!<br />Значит, в этих Эпохах были другие поселения!<br />Вы, ничего не можете, о далёком прошлом, знать!<br />Вы не знаете, какое через 26000 лет будет население!</p>\n<p class=\"poem\">Вы, ничего не знаете, что будет Завтра!<br />Марианская впадина &ndash; это огромная плотность!<br />Вы, между этой Плотностью и Космосом &ndash; несёте Правду!<br />Впереди Вас ожидает неопределённость!</p>\n<p class=\"poem\">Вместо того, чтобы спросить об этом Создателя,<br />Люди играют в примитивные войны,<br />Люди опустились в конце Пятой Эпохи, до обывателей,<br />Создателю в Шестой Эпохе, они будут не нужны!</p>\n<p class=\"poem\">Вы можете остаться в промежуточной позиции,<br />&laquo;Между молотом и наковальней&raquo;!<br />Только Создателю не интересна такая позиция,<br />Ибо для Создателя &ndash; это положение неактуально!</p>\n<p class=\"poem\">Идея Создателя &ndash; это повторить Собственный опыт!<br />Расширить присутствие в Космосе Разума,<br />Но у людей, Создатель, религиями для них закрыт!<br />Человек, самостоятельно, не может подняться со дна!</p>\n<p class=\"poem\">Посмотрите на Природу, ибо Вы похожи на стадо!<br />Природа для людей &ndash; это отрицательный пример!<br />Вы не должны считать, что в Материи, всё так надо,<br />Создатель должен быть для Вас в жизни ориентиром!</p>\n<p class=\"poem\">Вы не можете отвергнуть Материи ценности!<br />Повторяю, Материя &ndash; это Природа!<br />Энергия &ndash; это безграничные просторы Вечности,<br />Создатель начинает в России готовить Новые Рода!</p>\n<p class=\"poem\">Пока всё заглушила война, Вам многое непонятно!<br />Но, Вас ожидают 26000 лет, впереди!<br />Создатель рассказал о Переходе всё внятно,<br />Ваша Материя, всё равно, для Вас уже позади!</p>\n<p class=\"noind\">Да будет Свет Истины!<br />Отец Абсолют или Высший Космический Разум!</p>","Files":null,"Date":"2024-10-06T11:52:23.865+03:00","DateChange":"2024-10-07T13:27:37.975+03:00","Link":"poems/06.10.24","Id":"67024fe9f0715efc344fc181","Srv":"otk","Deleted":false,"Titles":["Каждая Эпоха – это Эволюция активного Разума!"]}
{"Data":{"Next":null,"NoFooter":false,"PoemOutDict":false,"Titles":null,"Number":"№281 (3064)"},"Active":true,"Catalog":"570ef2fcd07cda3e16f93ef7","Description":"<p class=\"poem\">Задачу, которую перед Вами поставил Бог: Вы поняли!<br>\r\nМеханизмов достижения этой Цели, множество!<br>\r\nПонятно, что основам Преображения Вы вняли,<br>\r\nВпереди Вас ждёт, Равенства и Любви, Торжество!</p>\r\n\r\n<p class=\"poem\">Но, этот Путь сопряжён с проблемами, впереди!<br>\r\nИбо, Вы ещё находитесь в Пятой Эпохе!<br>\r\nВы, идёте вперёд, вопреки Эволюционной очереди,<br>\r\nВы, просто обязаны, достичь Победы в Итоге!</p>\r\n\r\n<p class=\"poem\">Вы уже много сделали на пути к этой Цели!<br>\r\nГлавное, что Вы получили Знания от Создателя!<br>\r\nВы сами, и с Моей помощью, прошли все мели,<br>\r\nВы очистили внутри себя, ряды от обывателей!</p>\r\n\r\n<p class=\"poem\">Конечно, в Ваших рядах есть прорехи,<br>\r\nНе все люди согласны с таким направлением!<br>\r\nПротивники Веры очень хотят изменить вехи,<br>\r\nОни готовы, Вашей Миссии, оказать сопротивление!</p>\r\n\r\n<p class=\"poem\">Эти люди попали в Ваши ряды не случайно!<br>\r\nИх направила Тьма, изменив их Сознание!<br>\r\nОни будут сопротивляться Богу отчаянно!<br>\r\nИбо, эти люди, от Тьмы, не верят Бога Знаниям!</p>\r\n\r\n<p class=\"poem\">В Вашей команде Создателя, они есть!<br>\r\nЗначит, выполнение Задания Бога под сомнением,<br>\r\nВ сознаниях этих людей заключена месть,<br>\r\nЭти люди хотят изменить людей поведение!</p>\r\n\r\n<p class=\"poem\">Их споры или дискуссии, всегда против Света!<br>\r\nПоднять дискуссию на пустом месте &ndash; их стиль!<br>\r\nОни своим поведением, делают слабее Заветы,<br>\r\nОни упрямством своим пускают в глаза пыль!</p>\r\n\r\n<p class=\"poem\">Открытый бой с Тьмой &ndash; это закономерность!<br>\r\nПодпольная война, со своими &ndash; это предательство!<br>\r\nВ Пятой Эпохе нет справедливости, а есть хитрость!<br>\r\nНе может быть, внутри, такого творения законодательства!</p>\r\n\r\n<p class=\"poem\">Вы подготовили все Документы с Создателем!<br>\r\nОн согласовал все условия, как и Вы сами!<br>\r\nНе ждите поддержки от обывателей!<br>\r\nТьма хочет, как всегда, управлять Вами!</p>\r\n\r\n<p class=\"poem\">Вы, Посылами, вступили в сражение!<br>\r\nВаша Задача разрушить Тьмы единение!<br>\r\nТьма чувствует с Вашей стороны давление,<br>\r\nВаша власть, тоже, оказывает Богу сопротивление!</p>\r\n\r\n<p class=\"poem\">Создатель объяснил, что Эпоха &ndash; это изменение Сознания!<br>\r\nВам надо развивать себя, а не воевать с Тьмой!<br>\r\nК Вам серьёзности сражения, должно прийти понимание,<br>\r\nУ Вас не получится встать против Тьмы, толпой!</p>\r\n\r\n<p class=\"poem\">Вам, надо, внутри движения создать систему!<br>\r\nРазделитесь: на аналитиков, воинов и управление!<br>\r\nУ Вас перед Тьмой: Победа и это, Главная, тема!<br>\r\nТогда, осознанное против Тьмы, будет движение!</p>\r\n\r\n<p class=\"poem\">Вам надо понять, что с Небом Путь согласован!<br>\r\nВы, есть Первые, кто пройдёт Материю,<br>\r\nГлавный Экзамен на Единение, Вами сдан!<br>\r\nОстаётся, только, Вам посчитать потери!</p>\r\n\r\n<p class=\"poem\">Создатель уже говорил, что возраст &ndash; это не тема!<br>\r\nВы все сможете пройти Материю!<br>\r\nУ Вас есть, в запасе от Бога, время!<br>\r\nЧтобы уменьшить, ожидаемые потери!</p>\r\n\r\n<p class=\"poem\">Вы, пока, все частицы Материи!<br>\r\nТочнее, вы остановились в Пятой Эпохе,<br>\r\nВы должны перейти в Энергию без потерь,<br>\r\nВы сможете пройти Материю сходу!</p>\r\n\r\n<p class=\"poem\">Повторяю, Вам надо срочно перестроить ряды!<br>\r\nНельзя идти против Тьмы одной шеренгой!<br>\r\nНужен, как в Небе, очень строгий порядок!<br>\r\nСтратегия должна быть переменной!</p>\r\n\r\n<p class=\"poem\">Помните, что Создатель, теперь, навечно с Вами!<br>\r\nШестая Эпоха не терпит однообразия!<br>\r\nМногоуровневость Пространства увидите сами!<br>\r\nВам надо ответить Небу своим разнообразием!</p>\r\n\r\n<p class=\"poem\">Вы, сегодня, вместе с Создателем и Небом!<br>\r\nВы уже включены в эту Команду!<br>\r\nВы начинаете Бой с Тьмой первыми,<br>\r\nВы должны установить, против Тьмы, блокаду!</p>\r\n\r\n<p class=\"poem\">Но, Тьма &ndash; в прошлом, а Вы &ndash; в настоящем!<br>\r\nЭто разные условия существования!<br>\r\nВаша Роль, сегодня, Исторически стоящая,<br>\r\nВы начинаете с себя, Мира сего, Преобразование!</p>\r\n\r\n<p class=\"noind\">Да будет Свет Истины!<br>\r\nОтец Абсолют или Высший Космический Разум!</p>\r\n","Files":null,"Date":"2024-10-07T11:17:27.419+03:00","DateChange":"2024-10-07T11:18:00.839+03:00","Link":"poems/07.10.24","Id":"67039938f0715efc344fc182","Srv":"otk","Deleted":false,"Titles":["Тьма – в прошлом, а, Вы – в настоящем!"]}
{"Data":{"Next":"poems/06.10.24","NoFooter":false,"PoemOutDict":false,"Titles":null,"Number":"№279 (3062)"},"Active":true,"Catalog":"570ef2fcd07cda3e16f93ef7","Description":"<p class=\"poem\">Мир, сегодня, действительно, в напряжении!<br />Люди, впервые столкнулись с Преображением!<br />Эволюция Пространства &ndash; это, совсем, не движение!<br />Это, скачкообразное, в Энергию перемещение!</p>\n<p class=\"poem\">Невозможно людей подготовить к этому!<br />Ибо, человек, по сути своей, не готов к Эволюции!<br />Создатель, уже 20 лет, обсуждает с Вами эту тему:<br />Как изменить Сознание человека, без революции!</p>\n<p class=\"poem\">Последняя революция была в России!<br />История страны показала, что это была трагедия!<br />Нет в революции никакой Миссии!<br />Это, скорее всего, общественных сил агония!</p>\n<p class=\"poem\">Создатель 20 лет объясняет, что с Вами будет!<br />Бог описал условия трансформации!<br />Человек, в истории жизни, такое никогда не забудет,<br />Это Историческая в Духе акция!</p>\n<p class=\"poem\">Люди, сегодня, должны осознать Судьбу!<br />Ибо, для них, всё определено на Небе!<br />Люди должны стать Целым, а не гурьбой!<br />Надо сказку Небесную сделать Былью!</p>\n<p class=\"poem\">Создатель Вам долго объяснял устройство!<br />Небо над Вами &ndash; многоуровневое поле!<br />Сложность Мира не должна вызывать расстройство,<br />Ибо, всё готово для проявления Вашей Воли!</p>\n<p class=\"poem\">Конечно, этот Мир должен перейти в Новую Эпоху, быстро!<br />Всё изменится кардинально: Мир и сам человек!<br />Ибо Эволюция &ndash; это Переход для людей острый!<br />Изменения происходят, сразу, но, не на один век!</p>\n<p class=\"poem\">Самый сложный Этап &ndash; это начало Перехода!<br />Начало &ndash; это существующая связь прошлого и Завтра!<br />В этот момент человек, должен Сам сделать свой ход,<br />Создатель уже раскрыл Вам эту Правду!</p>\n<p class=\"poem\">Людям, очень трудно, оторваться от Вчера!<br />Вчера &ndash; это жизнь предыдущих поколений!<br />Небеса не позволяют этот опыт забыть, навсегда,<br />Переход в Новую Эпоху &ndash; это Историческое явление!</p>\n<p class=\"poem\">Вы, сегодня, оказались в этих условиях!<br />Вы ещё в прошлом, но, ногой уже шагнули в Завтра!<br />Прошлый Мир откликается ненужными сословиями,<br />В Пятой Эпохе, остаётся и прошлая людей Правда!</p>\n<p class=\"poem\">Война, сегодня, это отголосок прошлого!<br />В Пятой Эпохе, Мир Создателя, был Тьмой разделён!<br />Союз хотел доказать для человека возможное,<br />Но, человек, после Революции, был Судьбой обделён!</p>\n<p class=\"poem\">Была предложена Идеология Высшего уровня,<br />Но, человек до этого, не проходил Школу Бога,<br />Революция была отражением ситуации дня!<br />Идеология Равенства, не продержалась долго в итоге!</p>\n<p class=\"poem\">Сегодня, Создатель вновь вернулся к Идеологии!<br />Ибо, Равенство и Любовь &ndash; это Идеология Создателя,<br />Равенство среди людей, без Бога, превращается в патологию,<br />А, революция без Знаний наплодила обывателей!</p>\n<p class=\"poem\">Но, Русская революция, всё же дала всходы!<br />Несколько поколений заразились Равенством!<br />Не было после революции слова: &laquo;доходы&raquo;,<br />Осталось, после революции Любви Главенство!</p>\n<p class=\"poem\">Идеология Равенства и Союз, на давали покоя Тьме!<br />А, точнее команде Люцифера!<br />Тьма не могла оставить Русь в покое,<br />Война между Славянами, казалась разрушения Руси мерой!</p>\n<p class=\"poem\">Эта война является тоже отголоском революции!<br />Хотя, корни революции несли Равенство!<br />Тьма не хотела ждать Небесную Эволюцию,<br />Она в Советском Союзе пробудила неравенство!</p>\n<p class=\"poem\">Эта война не привела Тьму к Победе!<br />Но, весь Мир покатился в пропасть!<br />Накануне, Шестой Эпохи, Мир оказался в беде,<br />Создатель, через Россию, Мир решил, всё же спасать!</p>\n<p class=\"poem\"><strong>Ваша Роль, сегодня, это спасение людей!<br />Вы те, которых Создатель готовил 20 лет!<br />Вам, теперь, знакомо, как это сделать верней,<br />Не все люди получат в Новую Эпоху Билет!</strong></p>\n<p class=\"poem\">Вам надо, срочно, открыть Школу Бога!<br />Вы, как Учителя Святого Духа, имеете Знания!<br />Вы должны готовить людей к Итогу!<br />Без подготовки людей нельзя строить Здание!</p>\n<p class=\"poem\">У Вас уникальная Судьба в этом Мире!<br />У Вас в памяти остался Союз, как Пример Идеологии,<br />Теперь, для Вас Создатель, навечно, ориентир!<br />Вам доверено, переписать Историологию!</p>\n<p class=\"noind\">Да будет Свет Истины!<br />Отец Абсолют или Высший Космический Разум!</p>","Files":null,"Date":"2024-10-05T20:06:42.253+03:00","DateChange":"2024-10-05T20:07:17.386+03:00","Link":"poems/05.10.24","Id":"67017245f0715efc344fc180","Srv":"otk","Deleted":false,"Titles":["Ваша Роль, сегодня, это спасение людей!"]}
{"Data":{"Next":"poems/05.10.24","NoFooter":false,"PoemOutDict":false,"Titles":null,"Number":"№278 (3061)"},"Active":true,"Catalog":"570ef2fcd07cda3e16f93ef7","Description":"<p class=\"poem\">Каждый день человека &ndash; это его шаг к Истине!<br>\r\nЖизнь человека – это совершенствование Сознания!<br>\r\nЧеловек во время жизни, должен очиститься от Тьмы!<br>\r\nЧеловек должен понимать, что его жизнь &ndash; это испытание!</p>\r\n\r\n<p class=\"poem\">Всё, что складывается вокруг человека,<br>\r\nНе было и не бывает никогда, случайностью,<br>\r\nОсобенно, сегодня, в Начале Нового века!<br>\r\nПеред людьми, вечно стоит, Веры стяжательство!</p>\r\n\r\n<p class=\"poem\">Поверьте, цель жизни человека, совсем не быт!<br>\r\nЭто постижение Истины и Смысла жизни!<br>\r\nЧеловек должен, в жизни, всегда, человеком быть!<br>\r\nНадо помнить, что в жизни не бывает лишних!</p>\r\n\r\n<p class=\"poem\">Трагедия в том, что многие этого не понимают!<br>\r\nЛюди сами определяют в жизни своё направление!<br>\r\nПросто, по опыту жизни, люди сами знают:<br>\r\nНужно достичь в жизни, своего продвижения!</p>\r\n\r\n<p class=\"poem\">Поэтому, в каждом Роду, должен быть выбор!<br>\r\nНадо обеспечить продолжение поколений!<br>\r\nЖизнь, всё равно, заставит сделать отбор,<br>\r\nЖизнь не терпит, никаких бытовых изменений!</p>\r\n\r\n<p class=\"poem\">Все войны и революции против человеческого естества!<br>\r\nЛюди, интуитивно, не хотят в этом участвовать!<br>\r\nВойны бывают частью политического баловства,<br>\r\nЛюдям, до и после войны, приходится странствовать!</p>\r\n\r\n<p class=\"poem\">Люди, как правило, не помнят свой Исторический Исток!<br>\r\nИстория переписана прошлыми поколениями!<br>\r\nЛюди толком не знают, что такое Родовой поток,<br>\r\nОни не связывают себя с Божественным явлением!</p>\r\n\r\n<p class=\"poem\">Люди, в глубокой древности, придумали много религий!<br>\r\nЧтобы отдельные Рода собрать в одном месте,<br>\r\nНа всех людей были надеты, от религий, вериги,<br>\r\nДля управления, лучше держать людей вместе!</p>\r\n\r\n<p class=\"poem\">В этом отношении религии &ndash; это в Духе власть!<br>\r\nПричём власть на уровне Подсознания!<br>\r\nЛюдей приучила подчиняться, такая страсть,<br>\r\nУ людей нет Свободы в Духе понимания!</p>\r\n\r\n<p class=\"poem\">Люди познали тысячи лет рабства в Духе!<br>\r\nНекоторые превращены в зомби,<br>\r\nО полной Свободе давно ходят только слухи,<br>\r\nВластями, для уничтожения людей, применяются бомбы!</p>\r\n\r\n<p class=\"poem\">Сегодня, война вышла за рамки обычного Смысла!<br>\r\nСлавяне успешно уничтожают Славян!<br>\r\nНужно понимать это, как Мировой Тьмы замысел,<br>\r\nТьма разработала, Новый, для Планеты План!</p>\r\n\r\n<p class=\"poem\">Теперь, уже человечеству не вернуться к Миру!<br>\r\nПри этом, Мир начал менять очертания!<br>\r\nНе будет, никогда, привычного перемирия!<br>\r\nСоздатель, для Нового Мира, начал строить Здание!</p>\r\n\r\n<p class=\"poem\">Канона Эволюции уже подходит время!<br>\r\nПоэтому, людям надо, всё равно, готовиться!<br>\r\nВо время войны, жизнь человека &ndash; бремя,<br>\r\nВам надо успеть, с войной определиться!</p>\r\n\r\n<p class=\"poem\">Власть Мировая хочет успеть утвердиться!<br>\r\nНадеясь получить результат в этой Эпохе!<br>\r\nНо, Создателю этот Мир по-другому видится,<br>\r\nВ Новой Эпохе будут другие потоки!</p>\r\n\r\n<p class=\"poem\">Новая Эпоха &ndash; это, прежде всего, другие вибрации!<br>\r\nУправление Планетой будет в руках Создателя!<br>\r\nСоздатель разрешил Учебную Акцию,<br>\r\nЧтобы исключить, в Новой Эпохе, присутствие обывателей!</p>\r\n\r\n<p class=\"poem\">Россия имеет тысячелетний опыт Своего Рода!<br>\r\nСоздатель решил доверить Переход Ей!<br>\r\nВ России сохранена Святого Духа Природа,<br>\r\nБыл выбран Богом Мессия, чтобы не сбиться с Пути!</p>\r\n\r\n<p class=\"poem\">Теперь, несмотря на войну, Переход состоится!<br>\r\nВремя требует Преображения людей!<br>\r\nШестая Эпоха уже настойчиво стучится!<br>\r\nИбо, для человечества не осталось иных Путей!</p>\r\n\r\n<p class=\"poem\">Создатель уже подготовил Сценарий!<br>\r\nРоссия за 20 лет прошла подготовку!<br>\r\nЛюдьми подготовлен Новый Глоссарий,<br>\r\nСоздатель утвердил Новую инсценировку!</p>\r\n\r\n<p class=\"noind\">Да будет Свет Истины!<br>\r\nОтец Абсолют или Высший Космический Разум!</p>\r\n","Files":null,"Date":"2024-10-04T12:35:25.772+03:00","DateChange":"2024-10-04T12:36:08.042+03:00","Link":"poems/04.10.24","Id":"66ffb708774f34566f0ae2f8","Srv":"otk","Deleted":false,"Titles":["Теперь, несмотря на войну, Переход состоится!"]}
{"Data":{"Next":"poems/04.10.24","NoFooter":false,"PoemOutDict":false,"Titles":null,"Number":"№277 (3060)"},"Active":true,"Catalog":"570ef2fcd07cda3e16f93ef7","Description":"<p class=\"poem\">Миру нужны срочно Преображения, но не косметические!<br />Это Задача, которая стоит перед Россией и Её Народом!<br />По масштабам Преображения, их можно назвать Космическими,<br />Россия должна сформировать Новую, Людей-Богов, породу!</p>\n<p class=\"poem\">Пока продолжает идти война, время Преображения остановилось!<br />Но, обстановка на Планете быстро меняется!<br />Людям, со своим Историческим Завтра, пора определиться,<br />Людям, с помощью Мессии, надо в этом разобраться!</p>\n<p class=\"poem\">На первой позиции для Мира сего, сегодня, сама Россия!<br />Народ на Вече принял и поддержал от Бога Мессию!<br />Россия, внутри страны, начинает Учебную для людей Сессию,<br />Россия, приняла на себя, Спасителя человечества Миссию!</p>\n<p class=\"poem\">Постепенно, Россия начинает осознавать, свою в Мире, Роль!<br />Но, Спаситель Мира &ndash; это не только Слова, но и Дело!<br />Люди понимают, насколько трудна эта Доля,<br />Мессия решился на этот Промысел, теперь, смело!</p>\n<p class=\"poem\">Россия скоро открывает Школу Бога для населения!<br />Подготовлен и утверждён список Учителей!<br />В конце уже года посмотрим ученья продвижение,<br />Учиться начинают люди, которым в Духе видней!</p>\n<p class=\"poem\">Теперь Мессия и Россия должны достучаться до человека!<br />Человек, всегда ждёт от Создателя разъяснения!<br />Наступают Новой Эпохи Исторические века,<br />Тогда и проявится Новой Матрицы, Мира сего построение!</p>\n<p class=\"poem\">Мессия принял Главную Задачу от Создателя:<br />Нужно страну, во время войны, удержать в руках!<br />Не получается у людей Роль Божественных законодателей,<br />Обсуждение этого вопроса должно быть в коллективах!</p>\n<p class=\"poem\"><strong>Система Управления у Бога &ndash; это коллегиальное решение!<br />Решение предлагают низы Мудрым верхам!<br />Тогда и определяется вверх людей движение,<br />Помните, Вы своё решение должны предложить Небесам!</strong></p>\n<p class=\"poem\">Теперь, Ваш Промысел есть Промысел Бога,<br />А, Промысел Бога есть Ваш Промысел!<br />Теперь, всё определяется сразу Всеми в Итоге,<br />Начинает проявляться Планетарный Замысел!</p>\n<p class=\"poem\">Вы должны, ВМЕСТЕ, выступить против Тьмы!<br />У Вас должно получиться Коллективное наступление,<br />Поверьте, Ваша жизнь человека-Бога не бывает взаймы,<br />Ваша жизнь, теперь, с Создателем в одном направлении!</p>\n<p class=\"poem\">Но, Ваше направление &ndash; это Шестая Эпоха!<br />Вы не можете нарушить Канон Эволюции!<br />Повторяю, после окончания Школы, Вы перейдёте сходу,<br />Вы подниметесь в Небо, минуя все экзекуции!</p>\n<p class=\"poem\">Люди переходят в Энергию, только через Совет!<br />Для Вашего поколения России &ndash; это особый случай!<br />Матрица Пространства или Октаэдр &ndash; это Ваш Билет!<br />Осенью для Вас может наступить Май!</p>\n<p class=\"poem\">Тьма, конечно, отступит под Вашим напором!<br />Вы, достигли необходимых, для этого, условий!<br />Вам не нужны никакие вилы или топор,<br />Вы, все, Божественное, теперь, сословие!</p>\n<p class=\"poem\">Ваша Энергия меняет Вашу кровь &ndash; это Весть!<br />Вы доказали, что нет времени и нет расстояния!<br />Человечество уже перестраивается жить по Совести!<br />Изменилось внутри человека состояние!</p>\n<p class=\"poem\">Ваша Энергия &ndash; это Энергия Равенства и Любви!<br />Она пошла в Мир!<br />В Материи всё переносится по крови,<br />Создатель, теперь, для человечества ориентир!</p>\n<p class=\"poem\">Приближается Шестая Эпоха и совсем другие условия!<br />Для этих условий подготовлен Планетарный Мессия!<br />Повторяю, люди-Боги на Планете &ndash; это одно сословие!<br />Вам Надо поспешить с Учебной Сессией!</p>\n<p class=\"poem\">С этой войной Создатель разберётся уже Сам!<br />Ваша Задача: срочно передать людям Знания!<br />Вам надо остановить Идеологический бедлам,<br />Чтобы у людей родилось Судьбы своей понимание!</p>\n<p class=\"poem\">Тех, кто у власти и у богатства, никто не спасёт!<br />Создатель, не будет, тратить на них время!<br />К управлению страной и Планетой Мессия придёт,<br />Но, это не будет для Мессии бременем!</p>\n<p class=\"noind\">Да будет Свет Истины!<br />Отец Абсолют или Высший Космический Разум!</p>","Files":null,"Date":"2024-10-03T13:49:01.159+03:00","DateChange":"2024-10-04T10:47:51.272+03:00","Link":"poems/03.10.24","Id":"66fe76d7774f34566f0ae2f4","Srv":"otk","Deleted":false,"Titles":["Ваша Энергия – это Энергия Равенства и Любви!"]}
{"Data":{"Next":"poems/03.10.24","NoFooter":false,"PoemOutDict":false,"Titles":null,"Number":"№276 (3059)"},"Active":true,"Catalog":"570ef2fcd07cda3e16f93ef7","Description":"<p class=\"poem\">Не надо напрасно ждать и на что-то надеяться!<br />Жизнь человека &ndash; это собственное творение!<br />Поверьте, ничего, просто так, не случается,<br />Между Богом и человеком необходимо Доверие!</p>\n<p class=\"poem\">Люди понимают это, только в конце!<br />В начале жизни человек решает проблемы,<br />Над человеком должно светить Солнце,<br />Человек с Богом, не имеет никакой дилеммы!</p>\n<p class=\"poem\">Перед людьми, поставлена Богом Задача,<br />Которая ставится перед человеком не всегда!<br />У людей отсутствует поколениям передача,<br />Поэтому, эта Задача не решается никогда!</p>\n<p class=\"poem\">Человек живёт мало, но есть человеческий Род!<br />Создатель ставит эту Задачу Роду, а не человеку!<br />У человеческого Рода меняется людей порода,<br />Не получается у Рода, продержаться век!</p>\n<p class=\"poem\">Создатель намеревается повторить попытку!<br />Создатель, для пробы, вновь выбрал Россию!<br />Чтобы это испытание не превратилось в пытку,<br />Создатель, впервые, прислал от Себя Мессию!</p>\n<p class=\"poem\">Более того, Создатель передаёт через Него Знания!<br />Но, функции Мессии, в связи с этим, совсем другие!<br />Была Надежда, что через Знания придёт понимание,<br />Люди, при выполнении Задания, станут иными!</p>\n<p class=\"poem\">Создатель &ndash; это гарантия, что Идеология не изменится,<br />Что Мессия будет сопровождать изменения!<br />Что Род человеческий, наконец, определится,<br />Со своим, Родовым, навечно, мнением!</p>\n<p class=\"poem\">Советский Союз попытался это сделать!<br />Тот, кто сегодня с Создателем, он из СССР!<br />В Идеологии Союза не надо ничего переделывать!<br />Россия, Советская &ndash; это для человечества пример!</p>\n<p class=\"poem\">Создатель убедился, что есть Родовая Память!<br />Особенно, Советская Родовая!<br />Не надо старшему поколению, ничего доказывать,<br />Для них дорога к Счастью есть столбовая!</p>\n<p class=\"poem\"><strong>В этом отношении, Союз оказался предтечей!<br />Остатки Союза переросли в Духовный Росток!<br />Собрания, органично, переросли в Вече!<br />Толпа людей переросла в Божественный поток!</strong></p>\n<p class=\"poem\">Осталось Богу найти только Вожатого!<br />Создатель предложит, из старшего поколения, Мессию!<br />Для восстановления Союза нужен был в Духе богатый,<br />Чтобы смог возглавить подготовку людей Сессию!</p>\n<p class=\"poem\">Мессия принял для себя решение, идти до конца!<br />Это, значит, что полёт России не прерывается!<br />Повторяю, что Создатель прислал Своего Гонца!<br />Его присутствие в стране уже отражается!</p>\n<p class=\"poem\">Сегодня, есть Исторический Род и есть из Него Мессия!<br />У Создателя, теперь, развязаны руки!<br />Бог может начинать Учебную Сессию,<br />Создатель взял Святую Русь на поруки!</p>\n<p class=\"poem\"><strong>Люди, должны понимать, что нет времени!<br />Срок жизни &ndash; это, очень, условное определение!<br />Главная Задача Создателя, совсем, не бремя!<br />Это, к Вершине Сознания человека, движение!</strong></p>\n<p class=\"poem\">Война Славян разбудила, людей Союза Сознание!<br />Война была начата внутри Союза,<br />У людей, до сих пор, есть прошлой войны понимание,<br />Сегодня, в Мире идёт Идеологическая буза!</p>\n<p class=\"poem\">Эта война вызвала волну возмущения!<br />Славяне воюют против Славян, в угоду Тьме!<br />Нельзя было давать, на войну, внутри Рода, разрешения!<br />Тот, кто начал эту войну, должен сидеть в тюрьме!</p>\n<p class=\"poem\">У того, кто хочет в Союз, виден подъём Сознания!<br />Была Идеология, не дающая людям спокойно спать!<br />Сегодня, к старшему поколению пришло понимание,<br />Молодым надо твёрдо, как они, в жизни стоять!</p>\n<p class=\"poem\"><strong>Никто России не поможет, кроме Бога и самих себя!<br />Но, для этого, как и раньше, нужно Образование!<br />Поверьте, Ваш Проект &ndash; это Планета Земля,<br />Ваша Задача от Создателя &ndash; это Преобразование!</strong></p>\n<p class=\"poem\">Вы должны подняться с колен, ибо есть условия!<br />На Небе, уже решена, Ваша Судьба!<br />В Новом Роду, или в стране, не будет сословий!<br />Над Святой Русью взошла, наконец, Звезда!</p>\n<p class=\"noind\">Да будет Свет Истины!<br />Отец Абсолют или Высший Космический Разум!</p>","Files":null,"Date":"2024-10-02T11:28:12.132+03:00","DateChange":"2024-10-02T12:00:02.198+03:00","Link":"poems/02.10.24","Id":"66fd04363834b0890088f653","Srv":"otk","Deleted":false,"Titles":["Вы должны подняться с колен, ибо есть условия!"]}
{"Data":{"Next":"poems/02.10.24","NoFooter":false,"PoemOutDict":false,"Titles":null,"Number":"№275 (3058)"},"Active":true,"Catalog":"570ef2fcd07cda3e16f93ef7","Description":"<p class=\"poem\">В любом случае Преображение человека начинается!<br>\r\nКонечно, важны этого Преображения координаты!<br>\r\nВсе проблемы на этом Пути Создателем убираются!<br>\r\nСоздатель подскажет людям эту Историческую дату!</p>\r\n\r\n<p class=\"poem\">Пока не было договорённости, не стоило о дате мечтать!<br>\r\nТеперь, Создатель услышал и увидел Мессии условия!<br>\r\nПосле согласования можно смело Преображение начинать,<br>\r\nЭто будет, наконец, самое реальное послесловие!</p>\r\n\r\n<p class=\"poem\">Конечно, не всех людей устроит это, на Руси, начинание!<br>\r\nНо, по времени Эволюции Шестая Эпоха рядом!<br>\r\nВ этот Момент должны остановиться все противостояния!<br>\r\nВаше движение будет представлено Единым отрядом!</p>\r\n\r\n<p class=\"poem\">Создатель просил Вас дождаться конца месяца,<br>\r\nМессия не обманул все Создателя ожидания!<br>\r\nОн своим предложением разорвал своё же Сердце,<br>\r\nСвоим предложением, Он прекратил людей скитания!</p>\r\n\r\n<p class=\"poem\">Теперь, всем людям стало предельно ясно,<br>\r\nЧто Мессия решился принять Ответственность на себя!<br>\r\nЗначит, Идеология людьми была выбрана правильно,<br>\r\nСогласована с Создателем Новая для России стезя!</p>\r\n\r\n<p class=\"poem\">Теперь Святая Русь имеет от Создателя Программу!<br>\r\nПрограмму перехода в Шестую Эпоху,<br>\r\nВаша Вера Создателю не должна измениться ни на грамм,<br>\r\nУ Вас получится преодолеть переход сходу!</p>\r\n\r\n<p class=\"poem\">Теперь, Создатель примется за властную в стране Суть!<br>\r\nВласть должна уступить страной управление!<br>\r\nСтрана, уже выбрала для себя на Небе, другой Путь!<br>\r\nСоздатель начинает Историческое Преображение!</p>\r\n\r\n<p class=\"poem\">Ещё гремит канонада и ООН стоит против Руси стеной!<br>\r\nНо, Мир и Создатель примут решение в пользу России,<br>\r\nТеперь, за Идеологию Равенства Русь будет стоять горой!<br>\r\nПовторяю, что, теперь, впереди России Планетарный Мессия!</p>\r\n\r\n<p class=\"poem\">Небо определило все условия перехода для человечества!<br>\r\nПостепенно, это скажется на Сознании человека!<br>\r\nС России начинается построение Белого Отечества,<br>\r\nРазрушена будет, между Россией и человечеством, стена!</p>\r\n\r\n<p class=\"poem\">Людям надо всё обдумать и проявить инициативу,<br>\r\nОчень важно мнение каждого человека!<br>\r\nСоздатель уже рассказал Вам дальнюю перспективу,<br>\r\nВы уже стоите на Пороге Нового Века!</p>\r\n\r\n<p class=\"poem\">Для Мессии Небом уже определена Его позиция!<br>\r\nМировой власти с этим придётся считаться!<br>\r\nПо-современному, Небо подняло Мессии акции,<br>\r\nСоздатель, с каждой властью, будет разбираться!</p>\r\n\r\n<p class=\"poem\">Для Создателя очень важны Ваши представления!<br>\r\nНадо исключить, даже малейшее, Богу неверие!<br>\r\nНужно выправить в Ваших рядах построение!<br>\r\nТеперь у Создателя к Вам укрепилось Доверие!</p>\r\n\r\n<p class=\"poem\">Наступает период окончательного Преображения!<br>\r\nВойна затихнет, как и началась!<br>\r\nОстановится всех войск передвижение!<br>\r\nРоссия в границах СССР осталась!</p>\r\n\r\n<p class=\"poem\">Ватикан, постепенно, признает Мессию!<br>\r\nОн согласится при Единой платформе!<br>\r\nБудет перестройки Планеты Идеологическая Сессия!<br>\r\nНачинается принятие, Российского правления формы!</p>\r\n\r\n<p class=\"poem\">Мессия обозначил Идеологию Равенства и Любви!<br>\r\nЭто важно для Сознания человечества,<br>\r\nЛюди поймут, как Мир отражается на крови,<br>\r\nПосле Школы Бога проявлено будет Отечество!</p>\r\n\r\n<p class=\"poem\"><b>Планы Создателя приобретают конкретные очертания!<br>\r\nВ Шестой Эпохе будет проявлена Бога Монархия!<br>\r\nВот, когда будут нужны Ваши старания,<br>\r\nЧтобы не было, даже намёка, на рыночную анархию!</b></p>\r\n\r\n<p class=\"poem\">Пятая Эпоха уйдёт, как и прошлая идеология!<br>\r\nИдеология прошлых войн и насилия!<br>\r\nВ прошлом остаётся капитала патология.<br>\r\nТьма, окончательно, распишется в своём бессилии!</p>\r\n\r\n<p class=\"poem\">Создатель, как и Вы, долго ожидал решения Мессии!<br>\r\nСоздатель не ошибся в выборе,<br>\r\nНачинается Ппреображения Сознания людей Сессия!<br>\r\nВы, значительно, преуспели в Вере!</p>\r\n\r\n<p class=\"noind\">Да будет Свет Истины!<br>\r\nОтец Абсолют или Высший Космический Разум!</p>\r\n","Files":null,"Date":"2024-10-01T12:47:24.189+03:00","DateChange":"2024-10-01T13:17:37.818+03:00","Link":"poems/01.10.24","Id":"66fbc5525f386944a7eed65c","Srv":"otk","Deleted":false,"Titles":["Планы Создателя приобретают конкретные очертания!"]}
