{"Data":{"Next":null,"NoFooter":false,"PoemOutDict":false,"Titles":null,"Number":"№12 (3406)"},"Active":true,"Catalog":"570ef2fcd07cda3e16f93ef7","Description":"<p class=\"poem\">Люди, есть частицы, Божественного подобия!<br>\nЕсть отражение, Мира сего, Создателя!<br>\nВы, почти точная, в масштабе, копия,<br>\nВы, возможностями Создателя, обладатели!</p>\n\n<p class=\"poem\">Наступает время, понять условие, это!<br>\nВремя, проявиться человеком-копией!<br>\nСоздатель, скоро, на Материю, наложит Вето!<br>\nВремя проявится Вам, уже другой копией!</p>\n\n<p class=\"poem\">Помните, человек рождён в Материи и в Энергии!<br>\nДва состояния, как и у Создателя!<br>\nЧеловек, всегда, есть мера Энергии,<br>\nШестая, Эпоха &ndash; это Высоких вибраций, Тема!</p>\n\n<p class=\"poem\">Человек, рождён и устроен для, двух Миров!<br>\nПятая, Эпоха была, Эпохой Материи!<br>\nНет времени, объяснить, различие видов,<br>\nСоздатель, переведёт Вас без потерь!</p>\n\n<p class=\"poem\"><b>Человек, бывает, &laquo;Там&raquo; и &laquo;Там&raquo;, одновременно!<br>\nВам, надо только, переключить Сознание!<br>\nВы в Материи, бываете, только, временно,<br>\nВы, Тонкому плану, оказываете больше внимания!</b></p>\n\n<p class=\"poem\">Создатель давно, говорил Вам, о смерти!<br>\nСмерть &ndash; это в Энергии, Ваше, существование!<br>\nДругими словами &ndash; это, другая вибрация, жизни!<br>\nПроисходит, Ваше в Духе, Преобразование!</p>\n\n<p class=\"poem\"><b>При низких полях, Вас видно в Материи!<br>\nПри высоких вибрациях, Вы есть поле!<br>\nВы, переходите в разное состояние, без потери!<br>\nВсё, в соответствии с Природой и Вашей Волей!</b></p>\n\n<p class=\"poem\">Создатель объяснил переход, через Смерть!<br>\nПри высокой вибрации, через Жизнь!<br>\nВам надо, Создателю, в это, поверить,<br>\nВам, можно разными, одновременно, быть!</p>\n\n<p class=\"poem\">Вы, уникальные Существа, от Создателя!<br>\nВы, приняли Знания от Создателя!<br>\nВы, как и Он, можете быть, Созидателями,<br>\nВ соответствии, от Судьбы, указателями!</p>\n\n<p class=\"poem\">Вы родились в Энергии, как Сам, Бог!<br>\nВ Вас, до Рождения, Энергия Неба,<br>\nВы в конце жизни подведёте Итог!<br>\nИбо, впереди Вас ждёт жизнь, безбедная!</p>\n\n<p class=\"poem\">Повторяю, Вы, всегда, &laquo;Там&raquo; и &laquo;Там&raquo;, одновременно!<br>\nПереход в Небо &ndash; при жизни, это Новое состояние!<br>\nМир Плотного плана &ndash; временно!<br>\nПри Переходе &ndash; Вы, уже, Создателя, достояние!</p>\n\n<p class=\"poem\">Весной изменитесь Вы и Небо!<br>\nШестая Эпоха &ndash; это Высокий Астрал!<br>\nВы, перейдёте в Волновую Быль!<br>\nВами, будет управлять, Ментал!</p>\n\n<p class=\"poem\">Вы шагнёте на 26000 лет, сходу!<br>\nЭто будет Вашим, естественным состоянием!<br>\nИзменится, частотных вибраций, ход!<br>\nКосмос, станет и для Вас, достоянием!</p>\n\n<p class=\"poem\">Вам, не пригодятся комбинезоны!<br>\nЧеловек-волна, это уникальное состояние!<br>\nМатерия, останется для Вас, запретной зоной,<br>\nЭто будет для отдыха Духа, достояние!</p>\n\n<p class=\"poem\">Повторяю, что Вы шагаете в Небо на 26000 лет!<br>\nВы, уйдёте, из Материи, на Солнечный год!<br>\nВам, уже не пригодится в Космос, Билет!<br>\nКвантовый Переход &ndash; это Ваш в Боги, ход!</p>\n\n<p class=\"poem\">Вы, увидите в Космосе, все Вселенные!<br>\nВысший Разум, поможет, в этом, Вам!<br>\nВы, поймёте, что в волне Вы &ndash; есть нетленные!<br>\nВы, будете творить &laquo;Здесь&raquo; и &laquo;Там&raquo;!</p>\n\n<p class=\"poem\">Вы, будете уходить в Материю, отдохнуть!<br>\nВы будете Творить Вселенные и Миры!<br>\nВы, будете, неправильные Вселенные гнуть,<br>\nИнструкциями для Вас, будут Знания и Веды!</p>\n\n<p class=\"poem\">Через Солнечный год, Вы вернётесь другими!<br>\nВ Вас будет Дух Творения!<br>\nПредставления в Вас будут неземными! <br>\nВы, начнёте, уже, Богами, Своё движение!</p>\n\n<p class=\"noind\">Да будет Свет Истины!<br>\nОтец Абсолют или Высший Космический Разум!</p>","Files":null,"Date":"2025-09-12T13:31:22.781+03:00","DateChange":"2025-09-12T16:56:18.672+03:00","Link":"poems/12.09.25","Id":"68c3f6ad0160732e827fddb8","Srv":"otk","Deleted":false,"Titles":["Через, Солнечный год, Вы вернётесь другими!"]}
{"Id":"62195b9e5d5a11c6eb22ae89","Deleted":false,"Active":false,"DateChange":"2025-09-12T09:40:21.048+03:00"}
{"Data":{"Next":"poems/12.09.25","NoFooter":false,"PoemOutDict":false,"Titles":null,"Number":"№11 (3405)"},"Active":true,"Catalog":"570ef2fcd07cda3e16f93ef7","Description":"<p class=\"noind\">Примечание:</p>\n\n<p class=\"noind\">Я Вас называю, просто, Россией,<br>\nИбо, в Вас корни Духа Её!<br>\nУ Вас, не человечества, Миссия!<br>\nВы, этого человечества, только, звено!</p>\n\n<br>\n\n<p class=\"noind\">Основная Часть!</p>\n\n<p class=\"poem\">Россия потеряла себя и Природу!<br>\nСтена покраснела уже от грехов!<br>\nЛюди, властью, превращены в породу,<br>\nНе будет, у Руси никаких успехов!</p>\n\n<p class=\"poem\">Власть решает, как быть, для себя!<br>\nСоздатель, спасёт Вас и Природу!<br>\nЛюдям, предложена волновая стезя!<br>\nКак, Надежда на сохранение Рода!</p>\n\n<p class=\"poem\">Стезя, особенная, уже от Бога!<br>\nВ этих Знаниях, нет заблуждений!<br>\nНе стоит ожидать ненужных Итогов!<br>\nВпереди, принятие исключений!</p>\n\n<p class=\"poem\">Все цивилизации есть на Планетах!<br>\nВаша цивилизация, вне Канонов!<br>\nИные, цивилизации не думают о монетах!<br>\nМонеты &ndash; это прогрессу препоны!</p>\n\n<p class=\"poem\">Выделенные монетами, много хуже!<br>\nИбо, не было на это согласия!<br>\nВаша Планета, Тёмным служит,<br>\nНет в людях, Небесного созерцания!</p>\n\n<p class=\"poem\">Вы, одни, в борьбе с Мировой властью!<br>\nЛюди, власти, мечтают ограбить Мир!<br>\nИные цивилизации живут своей страстью,<br>\nНа Вашей Планете, Создатель ориентир!</p>\n\n<p class=\"poem\">Люди, продолжают жить прошлым!<br>\nНикаких нет, от людей, предложений!<br>\nВ Материи, стать Богами, невозможно!<br>\nНет будущего, в Материальных движениях!</p>\n\n<p class=\"poem\">Вы, обязаны спасти эту Планету!<br>\nНовая Эпоха, будет для Неё спасением!<br>\nЛюди, должны перестать думать о монете!<br>\nВы, сегодня, на Планете, исключение!</p>\n\n<p class=\"poem\">Богатые, мечтают, конечно, о спасении!<br>\nПусть помнят: &laquo;жизнь или кошелёк&raquo;!<br>\nНовая Эпоха &ndash; это волновое движение!<br>\nБогатым, такой Сценарий невдомёк!</p>\n\n<p class=\"poem\">Вы сможете пройти в одиночку!<br>\nТогда, все, кроме России, уйдут!<br>\nВы, первые, написали, одну строчку:<br>\n<b>Народы Планеты, вверх не пройдут!</b></p>\n\n<p class=\"poem\">Создатель, ждёт в Небе, Единый Мир!<br>\nЗемля была от Всех, в отдалении!<br>\nСегодня, ради Единства, увертюра,<br>\nПопытка, Всемирного Единения!</p>\n\n<p class=\"poem\">Мечтает о власти и сама власть!<br>\nОна, не приемлет Новый шанс!<br>\nВо власти не люди, а мразь!<br>\nДля них, только, богатство, вальс!</p>\n\n<p class=\"poem\">Вы, провели Вече, уже на грани!<br>\nВласть, не поняла, что это &ndash; её конец!<br>\nДля Вас, Создатель, открыл Дали! <br>\nЭто от Создателя, Первый Венец!</p>\n\n<p class=\"poem\">Создатель, сам, подведёт Итоги!<br>\nОн не пропустит власть и охрану!<br>\nВ Космосе уже иные потоки,<br>\nВам надо, залечить России раны!</p>\n\n<p class=\"poem\">Теперь, уже Создатель, идёт Ва-Банк!<br>\nНадо спасти в Космосе, ровное, положение!<br>\nСоздатель, проявит силу, как танк!<br>\nНельзя, прекращать Ваше движение!</p>\n\n<p class=\"poem\">Создатель, прекратил диспут с властями!<br>\nИбо, вместо развития, на Земле, регресс!<br>\nСоздатель уничтожит все системы!<br>\nЧтобы, закончить негативный процесс!</p>\n\n<p class=\"poem\">Теперь, Планету представите Вы или Россия!<br>\nОстальные Народы пойдут вниз!<br>\nУ руля России, будет Белый Царь-Мессия!<br>\nЭто будет Планеты, последний блиц!</p>\n\n<p class=\"poem\">Весной, Россия, войдёт в Космическое Единство!<br>\nБудет выбран Единый для Всех, Совет!<br>\nЭто будет Божественная композиция!<br>\nБоги, откроют для Вселенных, Создателя Свет!</p>\n\n<p class=\"noind\">Да будет Свет Истины!<br>\nОтец Абсолют или Высший Космический Разум!</p>","Files":null,"Date":"2025-09-11T14:29:57.063+03:00","DateChange":"2025-09-11T14:33:19.965+03:00","Link":"poems/11.09.25","Id":"68c2b3240160732e827fddb7","Srv":"otk","Deleted":false,"Titles":["Весной, Россия, войдёт в Космическое Единство!"]}
{"Data":{"Next":"poems/11.09.25","NoFooter":false,"PoemOutDict":false,"Titles":null,"Number":"№10 (3404)"},"Active":true,"Catalog":"570ef2fcd07cda3e16f93ef7","Description":"<p class=\"poem\">Меняется всё, человек и Пространство!<br>\nНо, кто-то продолжает интриги!<br>\nПрекращаются, людей странствия!<br>\nНаступает, Нового времени Миг!</p>\n\n<p class=\"poem\">Создатель, требует ускорения!<br>\nМир, вдруг, затих в разногласии!<br>\nВремя требует перевоплощения,<br>\nИли от Планеты, на всё согласия!</p>\n\n<p class=\"poem\">США, кажется, что управляют Миром!<br>\nЕвропа, на всё согласна!<br>\nРоссия накрывает Праздничный пир!<br>\nУкраина, ко всему, безучастна!</p>\n\n<p class=\"poem\">России, нужно время, другое!<br>\nПо Плану, Создателя нужен Мир!<br>\nВремя наступает уже иное!<br>\nСоздатель, тоже, как ориентир!</p>\n\n<p class=\"poem\">Для России нужен Бог, как Начало!<br>\nОна, должна совершить скачок!<br>\nДля России, нет впереди, печалей!<br>\nРусь, как Энергетический, качок!</p>\n\n<p class=\"poem\">Подошло время, Квантового перехода!<br>\nЭто, касается, прежде всего, России!<br>\nУ Неё, Договор с Богом, для прохода!<br>\nДля Неё подготовлен, Царь-Мессия!</p>\n\n<p class=\"poem\">Россия, уже готова шагнуть в Небо!<br>\nТочнее, в Великий Космос!<br>\nДля России, Космос ещё не Быль!<br>\nОна, построит между Вселенными Мост!</p>\n\n<p class=\"poem\">Вселенные, наблюдают за Вами, с Неба!<br>\nРоссия уходит в Небо, люди остаются, Здесь!<br>\nЕдиный Космос &ndash; это Главная Тема!<br>\nДля Мирового Пространства &ndash; это Весть!</p>\n\n<p class=\"poem\">Россия одна с Планеты, спешит в Космос!<br>\nОна, согласилась на всё, с Создателем!<br>\nПовторяю, Россия &ndash; это Космический Мост!<br>\nСоздатель, утвердил Русь, Созидателем!</p>\n\n<p class=\"poem\">Россия, опоздала по сравнению, с Небом!<br>\nНо, в активности Ей не занимать!<br>\nДля Неё, Богом подобран Царь Белый!<br>\nКоторый, имеет от Бога печать!</p>\n \n<p class=\"poem\">Россия, скоро, должна в Небе, быть!<br>\nНе Завтра, но, действительно, скоро!<br>\nОна, должна, проявить свою прыть!<br>\nОна, достигнет Небесную скорость!</p>\n\n<p class=\"poem\">Планета, здорово пострадала!<br>\nРоссия спешила к Звёздам!<br>\nТеперь, Она, на правильный Путь встала!<br>\nОна, скоро войдёт в Единый Плацдарм!</p>\n\n<p class=\"poem\">Россия станет Мировым Целым!<br>\nУже подготовлена Пирамида!<br>\nПланета засветится цветом Белым!<br>\nПланета, станет, потом, Фемидой!</p>\n\n<p class=\"poem\">Весной люди перейдут в Боги!<br>\nЛюди сравняются в Духе!<br>\nПланета, подведёт собственные Итоги,<br>\nВ Одно, соберутся все, потоки!</p>\n\n<p class=\"poem\">Россия, торопится всех догнать!<br>\nУ России &ndash; это получится!<br>\nБудет в Небе от, Бога Рать!<br>\nНичего опасного не случится!</p>\n\n<p class=\"poem\">Станет, Космос Единым, Пространством!<br>\nУже, не Одного, а Всех Мире Светил!<br>\nНаконец, Любовь будет убранством,<br>\nЧеловек-Бог будет, Там, мерилом!</p>\n\n<p class=\"noind\">Да будет Свет Истины!<br>\nОтец Абсолют или Высший Космический Разум!</p>","Files":null,"Date":"2025-09-10T11:34:33.494+03:00","DateChange":"2025-09-10T11:35:37.52+03:00","Link":"poems/10.09.25","Id":"68c13859af3a41280baf85c6","Srv":"otk","Deleted":false,"Titles":["Станет, скоро, Космос Единым Пространством!"]}
{"Data":{"Next":"poems/10.09.25","NoFooter":false,"PoemOutDict":false,"Titles":null,"Number":"№09 (3403)"},"Active":true,"Catalog":"570ef2fcd07cda3e16f93ef7","Description":"<p class=\"poem\">Мир приближается к Переходу!<br>\nРоссия спешит Переход начинать!<br>\nОна, хочет перейти, Туда, сходу!<br>\nУ Неё, уже, есть от Бога печать!</p>\n\n<p class=\"poem\">Люди, не знают, как это будет!<br>\nСоздатель, не обещал России, проблем!<br>\nПросто, люди прошлое, позабудут!<br>\nЛюди, будут решать, другую дилемму!</p>\n\n<p class=\"poem\">Вверх сложно, но, быстро нельзя!<br>\nЛюдям шагнуть в Небо, можно!<br>\nСоздателем, обозначена другая стезя!<br>\nОт Бога стезя, не бывает ложной!</p>\n\n<p class=\"poem\">Надо, стартовать, ибо поздно думать!<br>\nРоссии, Новую Эпоху начинать!<br>\nПридётся России, самой, себя, открывать,<br>\nНа России, Бога стоит Печать!</p>\n\n<p class=\"poem\">Теперь, неважно, что думает Мир!<br>\nРоссия, первая шагает в Небо!<br>\nСоздатель, для России, ориентир!<br>\nНадо идти в Небо, уже, смело!</p>\n\n<p class=\"poem\">Главное, понимать, что будет!<br>\nВчера, Вам сказал, что важен Образ!<br>\nЧеловек, узнаваемый, всегда, будет!<br>\nКак, отпечатанный в Небе, сказ!</p>\n\n<p class=\"poem\">Вы, будете отпечатанным Ликом,<br>\nВеликого Лика Создателя!<br>\nВы, будете, повторяю не точкой, а Ликом!<br>\nВы, примете на себя Роль, Создателя!</p>\n\n<p class=\"poem\">Создатель, видит Вас Вершиной!<br>\nВершиной Своего Творения!<br>\nУ Вас будет Святого Лика мина,<br>\nВы, как покой Вечного движения!</p>\n\n<p class=\"poem\">Вы, для Бога, есть Великое Целое!<br>\nРоссия, будет конструктором!<br>\nУ руля России будет, Царь Белый!<br>\nОн будет для Руси, организатором!</p>\n\n<p class=\"poem\">Вы, шагнёте в Небо, с Ним, вместе!<br>\nВы, посеете Зёрна в России!<br>\nПоловина Мира &ndash; это Богов место!<br>\nБыл, правильно подобран, Мессия!</p>\n\n<p class=\"poem\">Создатель, предложил, Свой выбор!<br>\nИ, Свой выбор, Вас самих!<br>\nТеперь, Вы, уже, сами проведёте отбор!<br>\nВ Ваш Исторический Миг!</p>\n\n<p class=\"poem\">Надо, начинать творить, без опаски!<br>\nСоздатель поможет, кому надо!<br>\nПоверьте, Вы с Ним, в одной связке,<br>\nНет, для Вас, никакой преграды!</p>\n\n<p class=\"poem\">Вы, на границе Миров, а не Мира!<br>\nВы, соедините Планету с другими!<br>\nНа Планете будет Русский Мир,<br>\nМир Знаний будет другим!</p>\n\n<p class=\"poem\">Вы, поймёте, что есть цивилизации,<br>\nВаше Сознание, почти на их уровне!<br>\nВы, вовремя, приняли эту акцию,<br>\nТеперь, Вы на Небе, а не на дне!</p>\n\n<p class=\"poem\">Вселенные примут, Там, Вас с радостью!<br>\nОчень долго Планета была внизу!<br>\nДля Вас это, будет, счастьем,<br>\nЧто Вы с Ними, уже, в одном ряду!</p>\n\n<p class=\"poem\">Теперь, Мировой язык, Русский для всех!<br>\nС Космонавтами было общение!<br>\nСтанция, Общая на Луне, без помех!<br>\nБудет Межпланетное, Богов, помещение!</p>\n\n<p class=\"noind\">Да будет Свет Истины!<br>\nОтец Абсолют или Высший Космический Разум!</p>","Files":null,"Date":"2025-09-09T11:22:31.204+03:00","DateChange":"2025-09-09T11:23:19.23+03:00","Link":"poems/09.09.25","Id":"68bfe3f7af3a41280baf85c5","Srv":"otk","Deleted":false,"Titles":["Вселенные, Там, примут Вас с Радостью!"]}
{"Data":{"Next":"poems/09.09.25","NoFooter":false,"PoemOutDict":false,"Titles":null,"Number":"№08 (3402)"},"Active":true,"Catalog":"570ef2fcd07cda3e16f93ef7","Description":"<p class=\"poem\">Люди, должны будут, перейти Грань!<br>\nНикто не знает, как это называется!<br>\nПросто, придётся выпить чашу Грааль!<br>\nЧеловек, выпить Её отказывается!</p>\n\n<p class=\"poem\">Но, выпить придётся, одним махом!<br>\nЖизнь, после этого, шагнёт в Вечность!<br>\nЭто станет Историческим Знаком!<br>\nПерехода людей в Бесконечность!</p>\n\n<p class=\"poem\">Люди жили кратко, не понимая конца!<br>\nТеперь, конца жизни, не будет!<br>\nТолько, для Мессии есть, подобие Венца!<br>\nЧеловек, прошлую жизнь позабудет!</p>\n\n<p class=\"poem\">Теперь, человек возвращается в Небо!<br>\nНе понимая, что Небо для него Быль!<br>\nВ Небе остаётся образ тела,<br>\nЧеловек, не осознаёт, что есть глубь!</p>\n\n<p class=\"poem\">Придётся шагнуть, не разбирая!<br>\nТуда, где не было, и нет, человека!<br>\nОн начнёт жить в Небе, себя обнажая!<br>\nЭто, будет Начало другого, совсем, века!</p>\n\n<p class=\"poem\">Человек, поймёт, что, Там, тоже, жизнь!<br>\nЖизнь в Вечном Пространстве Бога!<br>\nТам, удивительная по форме, Жизнь,<br>\nТам, ожидаются совсем, другие, Итоги!</p>\n\n<p class=\"poem\">Там, образ человека, острее, чем, сам человек!<br>\nТам, категория Пространства, а не век!<br>\nТам, подходит, больше, слово &laquo;имярек&raquo;!<br>\nТам, ярче и светлее, образ, чем человек!</p>\n\n<p class=\"poem\">Ждут Новые ощущения в Небе!<br>\nПоймёте, что Бесконечность &ndash; есть Свет!<br>\nТам, нет слова &laquo;беды&raquo;!<br>\nТам творят не руки, а Божий Завет!</p>\n\n<p class=\"poem\">Вы, поймёте, что это не Материя!<br>\nНарушены, Правила Плотного Плана!<br>\nУходит в прошлое слово &laquo;человечность&raquo;!<br>\nВы, теперь, частица Тонкого Плана!</p>\n\n<p class=\"poem\">Вы, теперь, то, чего ещё не было!<br>\nВы Небо и человек, одновременно!<br>\nВы Пространством, никогда не были!<br>\nВы, шагнули в Небо, теперь, не временно!</p>\n\n<p class=\"poem\">Вы, начнёте творить Миры и Вселенные!<br>\nВы, поднялись, выше Небес!<br>\nВы, теперь, навечно, нетленные!<br>\nДля Плотного Плана, Вы &ndash; есть Поле Чудес!</p>\n\n<p class=\"poem\">Вы, не шагаете, ибо, как птица!<br>\nВы, легко пересекаете Пространство Миров!<br>\nВы, перевернули другую страницу!<br>\nГде Мир людей, является Миром Богов!</p>\n\n<p class=\"poem\">Вы, перейдёте, Туда незаметно!<br>\nНе надо напрягать чувства!<br>\nНа Вас останется, навсегда, Вечности пятно!<br>\nДля Вас, не нужны будут слова!</p>\n\n<p class=\"poem\">Вы, начнёте, творить как Боги!<br>\nВам, придётся перестраивать Мир!<br>\nНе будьте к людям, очень строги,<br>\nВы, теперь, для человечества, ориентир!</p>\n\n<p class=\"poem\">Вы, не люди и Вы не иконы!<br>\nВы, есть Высшее Совершенство!<br>\nВам, не нужны никакие погоны,<br>\nВы, Высшее в Небе, устройство!</p>\n\n<p class=\"noind\">Да будет Свет Истины!<br>\nОтец Абсолют или Высший Космический Разум!</p>","Files":null,"Date":"2025-09-08T10:41:49.487+03:00","DateChange":"2025-09-08T10:42:39.332+03:00","Link":"poems/08.09.25","Id":"68be88efaf3a41280baf85c3","Srv":"otk","Deleted":false,"Titles":["Вы, начнёте творить, как Боги!"]}
{"Data":{"Next":"poems/08.09.25","NoFooter":false,"PoemOutDict":false,"Titles":null,"Number":"№07 (3401)"},"Active":true,"Catalog":"570ef2fcd07cda3e16f93ef7","Description":"<p class=\"poem\">Мир не понимает, что Он изменён!<br>\nГлавное, уже, изменены, и люди!<br>\nЛюдям, непонятен, порядок Знамён!<br>\nНо, это Шестой Эпохи, прелюдия!</p>\n\n<p class=\"poem\">Людям кажется, что Нового ещё нет!<br>\nЭто, самое глубокое заблуждение!<br>\nСегодня, нельзя употреблять слово &laquo;Нет&raquo;!<br>\nКогда, воинствующее вокруг, движение!</p>\n\n<p class=\"poem\">Создатель, готовит Новый Мир!<br>\nЛюди, выпадают из Спектакля!<br>\nНачинается уникальная, увертюра,<br>\nПоследние дни, уже, для Пентакля!</p>\n\n<p class=\"poem\">Создатель, выбирает и Нацию!<br>\nВ Мире, очень много желающих!<br>\nВ этом году будет, и силовая акция!<br>\nСоздатель, определит страждущих!</p>\n\n<p class=\"poem\">Шестая Эпоха &ndash; это особый случай!<br>\nНельзя, принимать, сразу всех!<br>\nСоздатель, сам, за выбор отвечает!<br>\nОжидается, в Мире, очень много помех!</p>\n\n<p class=\"poem\">Есть, особые Нации в Мире!<br>\nЕсть те, которые несут секрет!<br>\nЕсть Нации, которые, всегда, в Эфире!<br>\nНо, которых ненавидит, Свет!</p>\n\n<p class=\"poem\">История ведёт повествование!<br>\nТех, кто ведёт за собой!<br>\nМного разговоров, и об отставании,<br>\nЗа этими Нациями, всегда, сбой!</p>\n\n<p class=\"poem\">Русь поднялась на Высший уровень,<br>\nНа уровень, самых Святых!<br>\nРоссия &ndash; это Судьбы баловень!<br>\nРоссия, выделяется, из всех Святых!</p>\n\n<p class=\"poem\">Создатель подписал с Ней Договор!<br>\nНе обращая, ни на кого, внимания!<br>\nПрорвался в управление России, вор,<br>\nТеперь, внутри страны, соревнование!</p>\n\n<p class=\"poem\">Россия, спешит в Небо, под Музыку!<br>\nЭто, есть Уникальный Путь!<br>\nО России, пошли по Миру, слухи,<br>\nЧто, Россия &ndash; это Святая Суть!</p>\n\n<p class=\"poem\">Ей, надо спешить в Боги!<br>\nУ Неё, особый Путь, с Создателем!<br>\nРоссия, должна Общие подвести Итоги,<br>\nПоложительные, обязательно!</p>\n\n<p class=\"poem\">Теперь, слово &laquo;Надо&raquo;, есть Основное!<br>\nНельзя сомневаться в этом!<br>\nВокруг людей, всё будет Новое!<br>\nРоссия, написала об этом, не один Том!</p>\n\n<p class=\"poem\">Теперь, Мир сам заторопился!<br>\nХотя, в Целом, Спектакль, уже, готов!<br>\nНа Вече, даже, Россия смутилась, <br>\nСбросив набор, привычных, оков!</p>\n\n<p class=\"poem\">Переход в Небо, уже Ей понятен!<br>\nПод Музыку Неба, перейдут Все!<br>\nМузыкальный мотив, всем внятен,<br>\nЛюдям, понятен Новый Путь, к Мечте!</p>\n\n<p class=\"poem\">Россия, поняла, что Ей надо!<br>\nБудет, и промежуточный акт!<br>\nНе будет, для людей никакой преграды,<br>\nМузыка, поможет, подобрать Такт!</p>\n\n<p class=\"poem\">Под Музыку, надо объединить, Всех!<br>\nИбо, Вселенная, не имеет помех!<br>\nНачинается Исторический век,<br>\nЭто, будет Величия Планеты, веха!</p>\n\n<p class=\"poem\">Россия для Мира, вместе, с Царём!<br>\nБожественная Монархия &ndash; это Её Путь!<br>\nСоздатель, вместе, с Царём, вдвоём!<br>\nПеревернут, Нового человечества, Суть!</p>\n\n<p class=\"poem\">Надо закончить переход, Весной!<br>\nНадо, объединить людей, вместе!<br>\nЧтобы Мир встал Единой стеной,<br>\nА, Россия &ndash; станет, Единения местом!</p>\n\n<p class=\"noind\">Да будет Свет Истины!<br>\nОтец Абсолют или Высший Космический Разум!</p>","Files":null,"Date":"2025-09-07T10:25:41.346+03:00","DateChange":"2025-09-07T10:26:28.304+03:00","Link":"poems/07.09.25","Id":"68bd33a4af3a41280baf85c0","Srv":"otk","Deleted":false,"Titles":["Надо, закончить Переход Весной!"]}
{"Data":{"Next":"poems/04.09.25","NoFooter":false,"PoemOutDict":false,"Titles":null,"Number":"№03 (3397)"},"Active":true,"Catalog":"570ef2fcd07cda3e16f93ef7","Description":"<p class=\"poem\">Сегодня, эмоций больше, чем всегда!<br>\nЛюди, окружены радостью и вдохновением!<br>\nЗагорелась, наконец, над Россией, Звезда!<br>\nИзменилось у людей настроение!</p>\n\n<p class=\"poem\">Появился Росток Надежды, которого ждали!<br>\nВсё о чём мечтали, перешло в Быль!<br>\nБольше 20 лет, люди о Завтра, мечтали!<br>\nЖила, в людях, необычная Цель!</p>\n\n<p class=\"poem\">Теперь, всё собрано, вместе, по регионам!<br>\nВновь, на карте России, людям тесно!<br>\nВ Москве, пересеклись все Пути и дороги!<br>\nОпределилось, Новой России, Место!</p>\n\n<p class=\"poem\">Люди, спешат начать, переход в Небо!<br>\nСоздатель, объяснил технологию Перехода!<br>\nСкоро, удивительная Сказка, превратится в Быль!<br>\nРоссия должна понимать, что нет выхода!</p>\n\n<p class=\"poem\">Путь, был начат, очень давно, Пророком-Мессией!<br>\nРоссия ожидала это, как революцию,<br>\nНо, у России от Бога совсем другая, Миссия!<br>\nНадо, было восстановить, Канон Эволюции!</p>\n\n<p class=\"poem\">Создатель, начал передавать людям Знания!<br>\nПостепенным, был процесс постижения!<br>\nК людям, долго приходило, Судьбы понимание!<br>\nИ, человек-Бог &ndash; это Цель превращения!</p>\n\n<p class=\"poem\">Знания пришли и открылась дискуссия!<br>\nСоздатель, перенёс разговор на стихи!<br>\nНо, это стала, совсем другая Сессия,<br>\nПришлось, каждые сутки передавать строки!</p>\n\n<p class=\"poem\">Разговор или дискуссия &ndash; это разные формы,<br>\nРазные формы, постижения Истины!<br>\nДля стихов, как оказалось, нет никакой нормы,<br>\nНе должна у людей, при стихах, меняться мина!</p>\n\n<p class=\"poem\">В этот период изменился, резко, Мир!<br>\nУкраина потянулась на Запад!<br>\nОна выбрала Мамону, в качестве ориентира!<br>\nУкраина, на капитализм, пала!</p>\n\n<p class=\"poem\">Было разрушено Братство в Духе!<br>\nЕвропа, начала управлять Украиной!<br>\nУкраина против России &ndash; это плохие слухи!<br>\nНарод, раньше Родной, стал неродной!</p>\n\n<p class=\"poem\">Более того, началась война с Россией!<br>\nХотя, могли бы договориться!<br>\nУ России в Мире, совсем, другая Миссия!<br>\nНародам, а не Властям, нужно было определиться!</p>\n\n<p class=\"poem\">Создатель, не планировал объединить Столицы!<br>\nРоссия, не была готова к этому!<br>\nТеперь, Россия, под диктовку, записывает страницы!<br>\nНет, исторического Единения, поэтому!</p>\n\n<p class=\"poem\">Решают власти и люди, решают, тоже!<br>\nУкраина решила идти в Европу!<br>\nОказалось, соединить, эти два Народа, сложнее!<br>\nУкраина, не нашла в Мире, свою тропу!</p>\n\n<p class=\"poem\">Теперь, не собрать два Народа, вместе!<br>\nРоссия, определила свой Маршрут!<br>\nУкраина, бьётся за Европейское место!<br>\nСоединить Славян, в Целое, тяжёлый труд!</p>\n\n<p class=\"poem\">Теперь, Россия уходит в Небо!<br>\nВсё уже согласовано с Создателем!<br>\nУкраина, превращается в Небыль!<br>\nОна, превратилась в страну обывателей!</p>\n\n<p class=\"poem\">Россия подготовилась к Переходу!<br>\nОна, уже на передовой позиции!<br>\nРоссия, Весной, определит свой ход,<br>\nМир станет, тогда, иной композиции!</p>\n\n<p class=\"poem\">Будет, Россия в Шестой Эпохе!<br>\nВсе страны Мира, останутся в прошлом!<br>\nПечальными будут в Мире, Итоги!<br>\nСоединение с Россией уже невозможно!</p>\n\n<p class=\"poem\">Россия решила свою Судьбу!<br>\nОна, будет, навеки, с Создателем!<br>\nРоссия восстановила Эволюции череду!<br>\nРоссия &ndash; это Народ Созидатель!</p>\n\n<p class=\"noind\">Да будет Свет Истины!<br>\nОтец Абсолют или Высший Космический Разум!</p>","Files":null,"Date":"2025-09-03T00:00:00+03:00","DateChange":"2025-09-06T20:36:29.853+03:00","Link":"poems/03.09.25","Id":"68b99c7eaf3a41280baf85bc","Srv":"otk","Deleted":false,"Titles":["Теперь, Россия уходит, в Небо!"]}
{"Data":{"Next":"poems/05.09.25","NoFooter":false,"PoemOutDict":false,"Titles":null,"Number":"№04 (3398)"},"Active":true,"Catalog":"570ef2fcd07cda3e16f93ef7","Description":"<p class=\"poem\">Ваш Пик общения, прошёл на Славу!<br>\nВы, услышали, что Создатель хотел сказать!<br>\nВы, услышали, при всех, Создателя похвалу!<br>\nТеперь, Вам придётся, этот Мир поменять!</p>\n\n<p class=\"poem\">Поменять не просто, а, в Духе!<br>\nЭто Промысел не людей, а, Создателя!<br>\nЧто Россия возглавит этот Мир, не слухи,<br>\nЭто, реальность, экзамена у Создателя!</p>\n\n<p class=\"poem\">Впервые, людям Создатель дал возможность,<br>\nОпределить, до конца позицию,<br>\nОн знал, что в Народе будут сложности,<br>\nРвалась, к этому Мировая инквизиция!</p>\n\n<p class=\"poem\">Но, сегодня, Вече руководила не Тьма, а, Бог!<br>\nБог, собрал на Вече, только сторонников!<br>\nСоздатель, сам, подвёл на Вече, Итог!<br>\nБог, объединил на Вече, соплеменников!</p>\n\n<p class=\"poem\">Люди, поняли, что это последний шаг!<br>\nОн бывает раз в тысячелетие!<br>\nРоссия, использовала в этом Мире, шанс,<br>\nДля России, изменилось столетие!</p>\n\n<p class=\"poem\">Теперь, Россия начинает творить, себя!<br>\nОна встаёт против власти!<br>\nВ Небо ведёт, уже, Её стезя!<br>\nВ России, против, современной власти, страсти!</p>\n\n<p class=\"poem\">Мир, вокруг, словно на сковороде!<br>\nМир, не может определить движение!<br>\nМир, оказался уже в огне!<br>\nНачалось, от реальности, отторжение!</p>\n\n<p class=\"poem\">Россия, сегодня, переходит в Завтра!<br>\nЕй, не интересен, Прошлый Мир!<br>\nРоссия от Бога, знает, что есть Правда,<br>\nИ какой нужен, людям ориентир!</p>\n\n<p class=\"poem\">Люди, сошлись на нейтральном поле!<br>\nПеревес на стороне Света!<br>\nСегодня на Вече, было проявление, Воли!<br>\nРоссия, приняла все Грани Завета!</p>\n\n<p class=\"poem\">Россия, приняла Новое оформление!<br>\nДоказала, что Музыка &ndash; это Рай!<br>\nТеперь, будет Правильное движение!<br>\nДвижение, в Российский Край!</p>\n\n<p class=\"poem\">Мессия, позвал за собой Россию!<br>\nОт Балтики до Востока!<br>\nБелый Царь &ndash; это и есть Мессия!<br>\nОн, руководитель людского потока!</p>\n\n<p class=\"poem\">От океана до Океана, есть Ваш Путь!<br>\nЧерез тысячи километров!<br>\nРоссия &ndash; это Монархии Бога, Суть!<br>\nНет в Мире, против России, аргументов!</p>\n\n<p class=\"poem\">Мессия, перед Народом, объяснил!<br>\nЧто кардинально изменился Путь!<br>\nСоздатель, на Вече, Путь озвучил!<br>\nЧто в Боги, теперь, Главная Суть!</p>\n\n<p class=\"poem\">Народ согласовал намерение,<br>\nТеперь, это Шестая Эпоха!<br>\nЭто, поверьте, Историческое явление!<br>\nРоссия, теперь, перейдёт сходу!</p>\n\n<p class=\"poem\">Россия, должна объявить Царя,<br>\nИ не просто, Царя, а Белого!<br>\nНо, это не будет Монарх, как встарь!<br>\nБудет Царь Единства или Целого!</p>\n\n<p class=\"poem\"><b>Теперь, спорить поздно и не о чём!<br>\nРоссия провела успешное Вече!<br>\nНикто, не сможет пойти на Русь с мечом!<br>\nСоздатель, зажёг в честь России, свечи!</b></p>\n\n<p class=\"poem\"><b>Теперь, известен маршрут на Завтра!<br>\nТочнее, через 9 месяцев!<br>\nЛюдям неожиданно, откроется Правда!<br>\nРоссия &ndash; это страна счастливцев!</b></p>\n\n<p class=\"noind\">Да будет Свет Истины!<br>\nОтец Абсолют или Высший Космический Разум!</p>","Files":null,"Date":"2025-09-04T00:00:00+03:00","DateChange":"2025-09-06T20:33:56.095+03:00","Link":"poems/04.09.25","Id":"68bc7084af3a41280baf85bf","Srv":"otk","Deleted":false,"Titles":["России, теперь, известен Маршрут на Завтра!"]}
{"Data":{"Next":"poems/07.09.25","NoFooter":false,"PoemOutDict":false,"Titles":null,"Number":"№06 (3400)"},"Active":true,"Catalog":"570ef2fcd07cda3e16f93ef7","Description":"<p class=\"poem\">Сегодня, весь Мир, словно, на перекрёстке!<br>\nПросто, Эпоха открывает, Новый Путь!<br>\nНачинается Новая, совершенно, верста!<br>\nЛюди, переходят в состояние Бога, Суть!</p>\n\n<p class=\"poem\">Люди, не сталкивались, никогда, с этим!<br>\nНикто не знает, что было 26000 лет, назад?<br>\nКогда начинался, Новолетия мотив,<br>\nНикто, не знает, каким бывает, Бога наказ!</p>\n\n<p class=\"poem\">Сегодня, видно, что был Наказ, для людей!<br>\nПричём, Равенство людей, определялось,<br>\nДля Равенства не было никакой прелюдии!<br>\nРабство в Пятой Эпохе, всё равно, оставалось!</p>\n\n<p class=\"poem\">В Пятой Эпохе, был интерес к религии!<br>\nРелигия объяснила людям, кто есть Бог!<br>\nРелигии управляли людьми, веригами,<br>\nБыл в Пятой Эпохе, рабский поток!</p>\n\n<p class=\"poem\">Эпоха, всегда, есть Начало и есть Конец!<br>\nВсё зависит от Цели Перехода,<br>\nУ Пятой Эпохи, печальный Конец!<br>\nО Равенстве, не было, даже разговора!</p>\n\n<p class=\"poem\">Люди, рвались в Пятой Эпохе, к Идеалу!<br>\nХристос говорил о Любви!<br>\nЛюди пели Любви Славу,<br>\nТолько, они не знали, как до Любви, дойти!</p>\n\n<p class=\"poem\">Пятая Эпоха &ndash; это Эпоха Материи!<br>\nЛюбовь, была обещана в конце Пути!<br>\nНо, короткая у людей была, траектория,<br>\nЧеловек, оставался рабом по Сути!</p>\n\n<p class=\"poem\">Были попытки изменить Мир!<br>\nРоссия, первая, преуспела в этом!<br>\nХотя, насилие было ориентиром,<br>\nНе получалось Равенства, при этом!</p>\n\n<p class=\"poem\">Союз, продержался срок жизни,<br>\nТочнее, примерно 70 лет!<br>\nРавенство, было променяно на быт,<br>\nЛюди, отказались от Космического Билета!</p>\n\n<p class=\"poem\">Конец Эпохи оказался, всего, глупее!<br>\nЛюди, решили вернуть старое!<br>\nЭто, было похоже, на конец Помпеи,<br>\nЗа это, они стали жить, очень мало!</p>\n\n<p class=\"poem\">Теперь, впереди Шестая Эпоха!<br>\nУстановлены условия жизни, Бога!<br>\nНе предполагаются никакие услуги,<br>\nПервый Экзамен &ndash; это Пятой Эпохи, итоги!</p>\n\n<p class=\"poem\">Пятой Эпохе, нечего сказать, за себя!<br>\nНе было никакой Идеологии!<br>\nУ каждого человека была, своя стезя!<br>\nМир оказался, на грани патологии!</p>\n\n<p class=\"poem\">Никто, не знал, что делать без Идеи!<br>\nЛюди, не понимали, зачем жить?<br>\nПовторяю, уже было разрушение, Помпеи,<br>\nЛюди, не понимали, как быть?</p>\n\n<p class=\"poem\">Пятая Эпоха &ndash; это усиление власти!<br>\nНакопление, частного, капитала!<br>\nНесправедливости кипели страсти!<br>\nБыла Материя, без Духовного потенциала!</p>\n\n<p class=\"poem\">Оказалось, что люди, были не готовы!<br>\nК тому, что наметил Создатель!<br>\nГлупо, искать на счастье подковы!<br>\nБыла жизнь, жизнью, обывателя!</p>\n\n<p class=\"poem\">Рискнула, пойти по-другому, Россия!<br>\nСоздатель, увидел это, в Её Душе!<br>\nОН, Ей приготовил Пророка-Мессию,<br>\nДля Её огромной суши!</p>\n\n<p class=\"poem\">Теперь, всё решено, сразу для Всех!<br>\nСоздатель, обеспечит Победу!<br>\nБог к Победе приведёт без помех!<br>\nГлавное, Бог исключит беду!</p>\n\n<p class=\"poem\">Люди, должны осознать, что Бог &ndash; помощь!<br>\nБог, заинтересован в этом, Сам!<br>\nСоздатель, хочет усилить России Мощь,<br>\nРоссия, получит Белого Царя, сан!</p>\n\n<p class=\"poem\">Теперь, Россия строит Новый Мир!<br>\nМир Равенства и Любви!<br>\nОткрылся в Космос, ориентир!<br>\nЛюди в Новом Мире &ndash; это Родня по Крови!</p>\n\n<p class=\"poem\">Россия шагает в Боги!<br>\nЭто случится, очень скоро!<br>\nОсталось, последние подвести Итоги!<br>\nНаступает, Нового Мира пора!</p>\n\n<p class=\"noind\">Да будет Свет Истины!<br>\nОтец Абсолют или Высший Космический Разум!</p>","Files":null,"Date":"2025-09-06T11:47:05.637+03:00","DateChange":"2025-09-06T11:47:58.236+03:00","Link":"poems/06.09.25","Id":"68bbf53eaf3a41280baf85be","Srv":"otk","Deleted":false,"Titles":["Россия, уже, шагает в Боги!"]}
{"Data":{"Next":"poems/06.09.25","NoFooter":false,"PoemOutDict":false,"Titles":null,"Number":"№05 (3399)"},"Active":true,"Catalog":"570ef2fcd07cda3e16f93ef7","Description":"<p class=\"poem\">Россия, выбрала быть Царём Мессию!<br>\nВсё, так сложилось на Небесах!<br>\nОпределена в Пространстве его Миссия!<br>\nБыть мерилом на Мировых весах!</p>\n\n<p class=\"poem\">Этот, выбор России, для всех!<br>\nКто-то должен отвечать за порядок!<br>\nПосле, выбора не должно быть помех!<br>\nЦарь-Мессия, для Мира сего задаток!</p>\n\n<p class=\"poem\">Люди ожидают Царя, не зная какого!<br>\nЦель &ndash; это грамотное управление!<br>\nЛюди, ожидали счастья такого,<br>\nЧтобы, в Душах их было возвышение!</p>\n\n<p class=\"poem\">Желание людей получить счастье:<br>\nЧтобы был Мир и всё сразу!<br>\nЧтобы жизнь была без несчастий,<br>\nИ не было наказаний за проказу!</p>\n\n<p class=\"poem\">Но, это предполагает непонимание!<br>\nИ анархию чувств, в действии!<br>\nЗа такую жизнь, ждёт наказание!<br>\nИбо людской беспорядок имеет следствие!</p>\n\n<p class=\"poem\">Создатель просит перенаправления,<br>\nИбо, каждая Мысль реализуется!<br>\nЖелание &ndash; это проблем наполнение,<br>\nЖизнь красками наполняется!</p>\n\n<p class=\"poem\">Не должно быть бесконтрольности!<br>\nВсё в этом Мире реализуется!<br>\nПредлагается людям Вольность!<br>\nНо, это всё, контролируется!</p>\n\n<p class=\"poem\">Жизнь, же в Небе &ndash; полный Порядок!<br>\nМысль &ndash; Действие &ndash; Анализ!<br>\nДля Солнца важен Восток!<br>\nДля Запада нужен бриз!</p>\n\n<p class=\"poem\">Люди, спешат на Восток,<br>\nОставляя, позади, Запад!<br>\nЖизнь &ndash; это Энергетический поток!<br>\nТочнее, Энергетический, перепад!</p>\n\n<p class=\"poem\">Все эти рассуждения в прошлом!<br>\nНовое есть покой движения!<br>\nТворческая жизнь возможна!<br>\nВпереди, Ваше Преображение!</p>\n\n<p class=\"poem\">Монархия, Создателя &ndash; это шаг!<br>\nЭтот шаг &ndash; есть переход в другое!<br>\nСоздатель, поднимает Свой Стяг!<br>\nВечного движения в покое!</p>\n\n<p class=\"poem\">Так можно перейти в Вечность!<br>\nГде жизнь &ndash; это Покой движения!<br>\nГде нет никакой Конечности!<br>\nПри принятом, однажды, решении!</p>\n\n<p class=\"poem\">Вечность &ndash; это постоянное движение!<br>\nГде, Совершенство &ndash; Путь, а не остановка!<br>\nГде, только в одну сторону, мнение!<br>\nГде, Жизнь &ndash; это Создателя Постановка!</p>\n\n<p class=\"poem\">Там, не случайности, а есть Поток!<br>\nПоток, мерной направленности!<br>\nГде, не бывает над человеком потолок,<br>\nНе бывает, никогда, случайности!</p>\n\n<p class=\"poem\">В Шестой Эпохе – полный поток!<br>\nПоток, сразу, во всех направлениях!<br>\nОт человека требуется старание!<br>\nИ Бесконечность движения!</p>\n\n<p class=\"poem\">В Прошлой Эпохе были остановки!<br>\nЧеловек, должен был осознать Смысл!<br>\nЭто была Создателя Постановка!<br>\nЧеловек должен стать Богом &ndash; Замысел!</p>\n\n<p class=\"poem\">В прошлом был выбор за человеком!<br>\nВ Новом Мире, всё уже изменено!<br>\nРаньше жизнь была коротким забегом,<br>\nТеперь, человек в Бесконечность звено!</p>\n\n<p class=\"poem\">Вы, теперь, Вечность и Бесконечность!<br>\nВас нет, и Вы есть везде!<br>\nНет теперь слова Конечность!<br>\nВы, есть в Начале, и Вы, есть в Конце!</p>\n\n<p class=\"noind\">Да будет Свет Истины!<br>\nОтец Абсолют или Высший Космический Разум!</p>","Files":null,"Date":"2025-09-05T11:06:53.826+03:00","DateChange":"2025-09-05T11:08:03.447+03:00","Link":"poems/05.09.25","Id":"68ba9a63af3a41280baf85bd","Srv":"otk","Deleted":false,"Titles":["Вы, теперь, Вечность и Бесконечность!"]}
