{"Id":"62195b9e5d5a11c6eb22ae89","Deleted":false,"Active":false,"DateChange":"2025-12-04T12:37:54.917+03:00"}
{"Data":{"Next":null,"NoFooter":false,"PoemOutDict":false,"Titles":null,"Number":"№04 (3489)"},"Active":true,"Catalog":"570ef2fcd07cda3e16f93ef7","Description":"<p class=\"poem\">Мир, уже, готовится к мероприятию!<br>\nРоссия начинает, свой, отдельный опрос!<br>\nТьма, тоже, готовит людей, к изъятию!<br>\nНо, у людей на будущее большой спрос!</p>\n\n<p class=\"poem\">Создатель, постоянно, Россию, торопит!<br>\nТоропит, Россию, к активным действиям!<br>\nСоздатель, обстановкой всё ускоряет!<br>\nОн помогает этому, Своим содействием!</p>\n\n<p class=\"poem\">Россия, вдруг, начинает понимать,<br>\nКакой серьёзный Путь прошла в Боге!<br>\nРоссии, никогда упорства, не занимать,<br>\nОна, достигла высот Сознания в Итоге!</p>\n\n<p class=\"poem\">Россия, прошла, не просто этот Путь!<br>\nПуть, достижения Знания и Веры!<br>\nОна, поняла своего Пути к Богу, Суть!<br>\nРоссия, приняла, для себя, глубину Веры!</p>\n\n<p class=\"poem\">Пройденный, Ею Путь, есть доказательство!<br>\nТого, что Россия, пришла, наконец, к Вере!<br>\nРоссия, проявила в Духе старательность!<br>\nЖизнью, Россия, доказала Веры своей, меру!</p>\n\n<p class=\"poem\">Теперь видно всем, что Путь Русью пройдён!<br>\nЧто, Россия не подвела, в этом, Создателя!<br>\nРоссией, Путь в Небо, уже подтверждён!<br>\nТеперь, Россия Новой Эпохи, есть Основатель!</p>\n\n<p class=\"poem\">Всё, сошлось в Предложениях и Планах Бога!<br>\nТьма не принесёт России, никаких помех!<br>\nРоссия, уже, готовится подводить итоги!<br>\nМир Гордыни и Неравенства, уже, померк!</p>\n\n<p class=\"poem\">К Новому году, Россия начала готовиться!<br>\nОна, планирует провести Международное Вече!<br>\nНа Вече Россия, как Лидер, должна раскрыться,<br>\nПеред Новым годом, в честь Победы зажгите свечи!</p>\n\n<p class=\"poem\"><b>Теперь, пришло время, Вам, назад, обернуться!<br>\nВы, действительно, прошли сложный Путь!<br>\nТеперь, Ваш в Духе образ, к Вам вернулся!<br>\nВы, ведь, только Голограммы Богов, Суть!</b></p>\n\n<p class=\"poem\"><b>В далёком Космосе, Вас, Богов оригиналы!<br>\nВы, вернётесь к себе и в себя, на Планете!<br>\nВ Новой Эпохе, Ваша жизнь будет, как карнавал!<br>\nВы замкнули петлю Неба и этим гордитесь!</b></p>\n\n<p class=\"poem\"><b>Вы, смогли подняться, в Небо, без поддержки!<br>\nВы, не погрязли в грехах и в своей плоти!<br>\nВы, проявили страсть и выдержку!<br>\nВы, доказали, что Вы голограммы и хорошие копии!</b></p>\n\n<p class=\"poem\"><b>Вы, прошли все перипетии, Мира Истории!<br>\nВы, были всегда, за Равенство и Любовь!<br>\nВы, были, на Планете, людьми, Высшей категории!<br>\nВ Вас, была всегда, лучшая Создателя кровь!</b></p>\n\n<p class=\"poem\"><b>Вы, добрались до Космоса, пусть, пока, технически!<br>\nНе удалось достичь, условий проявления!<br>\nНо, Вы творили себя Там, пусть мистически!<br>\nКак Голограммы, достигли, всё же, Богов постижения!</b></p>\n\n<p class=\"poem\">Вы, Голограммы Богов, но Русь уже, впереди!<br>\nЛюди, кроме Вас, не смогли шагнуть в Небо!<br>\nВы, как Боги, очень сильные по Энергии, ряды!<br>\nРоссия, смогла шагнуть, уже, в Небыль!</p>\n\n<p class=\"poem\">Теперь, этот Спектакль, подходит к Концу!<br>\nПроявляется, такая, необходимая, реальность!<br>\nВы, все, достойны, получить по Венцу,<br>\nЛюди, поймут, что Спектакль есть актуальность!</p>\n\n<p class=\"poem\">Вы, из Плотного плана, достойны Неба!<br>\nВы, в Космосе достигли Высот Богов!<br>\nВы, Голограммы Богов, достигли уровня Небыли,<br>\nЗначит, достигли небывалых Итогов!</p>\n\n<p class=\"poem\">Теперь, очередь России, творить Новый Мир!<br>\nВсё по Сценарию Создателя, в Итоге!<br>\nДля Вас, навечно, теперь, Создатель ориентир!<br>\nВы, создадите сами из себя Своего Бога!</p>\n\n<p class=\"noind\">Да будет Свет Истины!<br>\nОтец Абсолют или Высший Космический Разум!</p>","Files":null,"Date":"2025-12-04T11:22:16.795+03:00","DateChange":"2025-12-04T12:23:34.08+03:00","Link":"poems/04.12.25","Id":"693144e29f50852840f91479","Srv":"otk","Deleted":false,"Titles":["Теперь, очередь России, творить Новый Мир!"]}
{"Data":{"Next":"poems/08.01.21","NoFooter":false,"PoemOutDict":false,"Titles":[],"Number":null},"Active":true,"Catalog":"570ef2fcd07cda3e16f93ef7","Description":"<p class=\"poem\">Есть Правило Вечности &ndash; сначала думать!<br />Главное &ndash; Мысль, потом &ndash; решение!<br />Можно и действие тогда предпринимать!<br />К Проекту начинать движение!</p>\n<p class=\"poem\">Для Руси Проект только &ndash; Один!<br />Он давно в Мечтах человечества,<br />Нет для Руси других никаких вершин,<br />Она должна сотворить Отечество!</p>\n<p class=\"poem\">Люди могут быть равны только в Духе!<br />В Материи равенства не может быть!<br />Нет объяснения этому и в Науке,<br />Люди продолжают неправильно жить!</p>\n<p class=\"poem\">Люди придумывают этому объяснение!<br />Какие угодно, но только не Правду!<br />Нет к Духу никакого движения,<br />Люди столетиями уже не ждут Завтра!</p>\n<p class=\"poem\">Сколько переломано мнений?<br />Сколько исписано карандашей?<br />Люди пытаются объяснить вниз движение,<br />Не понимая, что кроме Бога нет никого важней!</p>\n<p class=\"poem\">Ваша цивилизация &ndash; это Бога Проект!<br />Учёные подтверждают искусственное происхождение!<br />В некотором смысле для человечества &ndash; это кредит!<br />За будущее вверх движение!</p>\n<p class=\"poem\">Сколько тысячелетий, а подъёма всё нет!<br />Более того, есть ускоренный спуск!<br />Повторяю, у самих людей объяснения нет,<br />Откладывается который раз в Небеса пуск!</p>\n<p class=\"poem\">Люди копаются в своих суждениях!<br />Кроме гордыни не находится объяснений!<br />Без Правды не будет вперёд никакого движения,<br />Не будет и в Духе никакого объединения!</p>\n<p class=\"poem\">Надо помнить, что ВСЁ от Бога!<br />Вселенная и люди в ней &ndash; Бога Проект!<br />Люди должны услышать от Вас Проекта итог!<br /><strong>Галактика &ndash; это Ваш с Богом объект!</strong></p>\n<p class=\"poem\">Надо показать, что есть доказательства!<br />Что Бог &ndash; это живой Организм!<br />Что Бог 17 лет объясняет людям старательно,<br />Задача людей создать свой Разум!</p>\n<p class=\"poem\">В Знаниях есть ВСЁ &ndash; отберите Суть!<br />Не все воспримут этот Бога Подарок!<br />Многие скажут, что это всё &ndash; муть,<br />Но не пройдёт им даром этот урок!</p>\n<p class=\"poem\">Вы в Боге &ndash; и этим всё сказано!<br />Нет силы, способной остановить Вас!<br />Ваши слова не будут Историей замазаны,<br />Поверьте, Небо давно за Вас!</p>\n<p class=\"poem\">Главным оппонентом для Вас будут религии!<br />Особенно, воцерковлённый люд!<br />Бог заставит снять с людей вериги,<br />И остановит религиозный блуд!</p>\n<p class=\"poem\">Борьба предстоит очень тяжёлая!<br />Но от Бога Вы имеете Одобрение!<br />Вы увидите ещё и &laquo;крокодиловы слёзы&raquo;,<br />Никто не остановит Творцов движение!</p>\n<p class=\"poem\">Вы выбрали Правильный курс!<br />Вы &ndash; для людей &laquo;Белый Парус на горизонте&raquo;!<br />Теперь, действительно, можно поднять Парус!<br />На Причале Судьбы больше не стойте!</p>\n<p class=\"poem\">Всё готово: люди, фрегат и курс!<br />Направление движения &ndash; Шестая раса!<br />Повторяю, поднимите, наконец, свой Парус!<br /><strong>Создатель утвердил Вашу трассу!</strong></p>\n<p class=\"poem\"><strong>Согласованы теперь Слова и Дела!<br />Время тоже определено заранее!<br />Изменится кардинально Ваша страна,<br />Впереди утро Страны раннее!</strong></p>\n<p class=\"noind\">Аминь.<br />Отец Абсолют.</p>","Files":null,"Date":"2021-01-07T00:00:00+03:00","DateChange":"2025-12-04T06:22:15.306+03:00","Link":"poems/07.01.21","Id":"6488a42d9231157cf9aafd27","Srv":"otk","Deleted":false,"Titles":["В Знаниях есть ВСЁ – отберите Суть!"]}
{"Data":{"Next":"poems/14.06.17","NoFooter":false,"PoemOutDict":false,"Titles":[],"Number":null},"Active":true,"Catalog":"570ef2fcd07cda3e16f93ef7","Description":"<p class=\"poem\">Ждёте, или нет &ndash; уже не важно?<br /><strong>Новая История начала свой бег!</strong><br />Люди должны очень слаженно,<br />Войти в Новый (грядущий) век!</p>\n<p class=\"poem\"><strong>Россия под Моим контролем!</strong><br />Отслеживаю изменения!<br /><strong>Любовь и Равенство &ndash; пароль!</strong><br />Для Духовного преображения!</p>\n<p class=\"poem\"><strong>Сначала в России все изменения!</strong><br />Которые, коснутся людей!<br />Даже внутренние Преображения,<br />Это, Великого &ndash; прелюдия!</p>\n<p class=\"poem\">Нет старому уже места!<br />Мамоне и представлениям,<br />В России всё совместилось!<br />Нет батальных явлений!</p>\n<p class=\"poem\">Баталии возможны в Плане!<br />Их не бывает только в движении!<br />Но, люди теперь на заклании!<br />Система уравновесила мнения!</p>\n<p class=\"poem\">Напряжение достигло Точки!<br />Точки предстоящего противления!<br />Всё подчинено Моей ВОЛЕ!<br />Настоящее впереди Движение!</p>\n<p class=\"poem\">Идея принадлежит &ndash; Богу!<br />Равноправие, значит, Равенство!<br />Россия начала подводить Итоги!<br />Равноправие &ndash; суть Главенство!</p>\n<p class=\"poem\">Люди начинают понимать Бога!<br />Он &ndash; Совершенство! Россия &ndash; тоже!<br />У России, однако, неплохие Итоги,<br />Телепортация станет возможной!</p>\n<p class=\"poem\">Поступь тверда &ndash; есть понимание!<br />Что для Руси менять государство!<br />Приковываю ваше внимание:<br />В Духе, в Новом Пространстве!</p>\n<p class=\"poem\">Мир уже не тот, как прежде!<br />Войны продолжаются по инерции!<br />Звезда над Россией взойдёт Первая!<br />Далее, как в Моей проекции!</p>\n<p class=\"poem\">Россия &ndash; голограмма Преображения!<br />Люди поймут это Новое!<br />Россия &ndash; открыла свои достижения!<br />Быть Лидером, Она давно готовая!</p>\n<p class=\"poem\">Конечно, не вся Русь &ndash; Целое!<br />Только часть, но часть в Духе!<br />Формируется Братство Белое!<br />Нет Духовной разрухи!</p>\n<p class=\"poem\">Богу достаточно даже 500!<br />Потерять других &ndash; расточительно!<br />Россия проснётся вот-вот!<br />Для Неё не обременительно!</p>\n<p class=\"poem\">Всё идёт по Моему Сценарию!<br />Нет опозданий и нет задержки!<br />Осень осветит, как фонариком,<br />Великую Бога поддержку!</p>\n<p class=\"poem\">Вопрос лишь один: КОГДА?<br />Осень, повторяю, для вас событие!<br />Дата историческая &ndash; видна!<br />Меняющая, людей обличие!</p>\n<p class=\"poem\">Природа навевает грусть!<br />Нет лета, не будет и осени!<br />Это важно, но пусть,<br />Станет Новой мелодией!</p>\n<p class=\"poem\">Растёт внутреннее напряжение!<br />Пресса поёт &ndash; заздравную!<br />Она не понимает, выслеживая,<br />Радость для людей Главную!</p>\n<p class=\"poem\">Россия разорвана на части,<br />Шикует кто-то забыв о Боге!<br />В России много любой масти,<br />Но, проявилась, наконец, Дорога!</p>\n<p class=\"noind\">Аминь.<br />Отец Абсолют.</p>","Files":null,"Date":"2017-06-13T00:00:00+03:00","DateChange":"2025-12-04T06:17:19.033+03:00","Link":"poems/13.06.17","Id":"6488a42d9231157cf9aaf80a","Srv":"otk","Deleted":false,"Titles":["Нет лета, не будет и осени!"]}
{"Data":{"Next":"poems/12.06.17","NoFooter":false,"PoemOutDict":false,"Titles":[],"Number":null},"Active":true,"Catalog":"570ef2fcd07cda3e16f93ef7","Description":"<p class=\"poem\">Материальное &ndash; не вечно!<br />Вечны &ndash; энергия и информация!<br />Людям давно завещано,<br />Готовить себя к трансмутации!</p>\n<p class=\"poem\">Проявление &ndash; краткий Миг!<br />&ldquo;Между прошлым и будущим&rdquo;!<br />Итоги, что каждый постиг,<br />Определяя своё грядущее!</p>\n<p class=\"poem\">Грядущее чаще из прошлого!<br />Мало у кого &ndash; настоящее!<br />Постигать Знания положено,<br />К своему предстоящему!</p>\n<p class=\"poem\">Люди, не понимая бегут,<br />Постоянно бегут куда-то!<br />В Сознание не возьмут,<br />Что Будущее уже понятно!</p>\n<p class=\"poem\">Кажется, что всё могут,<br />В рамках реальной жизни!<br />Но, изменить ничего не смогут,<br />Нужно к Богу идти привычно!</p>\n<p class=\"poem\">Жизнь, как чистый кристалл!<br />Грани видимы людям!<br />Богом готовится пьедестал,<br />Перевоплощение &ndash; прелюдия!</p>\n<p class=\"poem\">Вершина понятна сегодня!<br />Завтра вершина &ndash; впадина!<br />Любая тропа, конечно, не зря,<br />Но, остаётся в Душе ссадина!</p>\n<p class=\"poem\">Люди &ndash; странное состояние!<br />Ближе небыль, чем быль!<br />И находятся они постоянно,<br />В мгновении из небыли!</p>\n<p class=\"poem\">Вечность не понятна людям!<br />Они проживают мгновение!<br />Для мгновения путём любым,<br />Но, в сказочное видение!</p>\n<p class=\"poem\">Люди не понимают подчас,<br />Жизнь &ndash; голограмма, картинка!<br />В Вечности люди сейчас,<br />Как маленькая песчинка!</p>\n<p class=\"poem\">Поверьте, вы на бегу только!<br />Не представляете Целого!<br />Потеряли мгновений столько,<br />Так и не увидев Света Белого!</p>\n<p class=\"poem\">Фантазия &ndash; жизнь человека!<br />Голограмма пути Истинного!<br />Бьются люди ради успеха,<br />Не понимая, что успех &ndash; это Истина!</p>\n<p class=\"poem\">Плетутся люди вокруг ноля!<br />Ноль &ndash; только точка отсчёта!<br />Ничего не понимают идя,<br />К кладбищенскому Исходу!</p>\n<p class=\"poem\">Кажется, что всё в потёмках!<br />Глупость управляет народом!<br />И никому невдомёк,<br />Что у руля не люди &ndash; порода!</p>\n<p class=\"poem\">Народ &ndash; подобие Бога!<br />Порода &ndash; раб в ожидании,<br />Для России открыта дорога,<br />В Новое повествование!</p>\n<p class=\"poem\">Перестаньте думать по-рабски!<br />Будущее &ndash; ваше желание!<br />Оно станет реально царским,<br />Услышав Бога Послание!</p>\n<p class=\"poem\">Надежда, что есть Россия!<br />Недаром ей выдан Мессия,<br />ВМЕСТЕ Они &ndash; Мессия,<br />Спасения людей &ndash; миссия!</p>\n<p class=\"noind\">Аминь.<br />Отец Абсолют.</p>","Files":null,"Date":"2017-06-11T00:00:00+03:00","DateChange":"2025-12-04T06:14:28.927+03:00","Link":"poems/11.06.17","Id":"6488a42d9231157cf9aaf808","Srv":"otk","Deleted":false,"Titles":["Миссия России"]}
{"Data":{"Next":"poems/10.04.17","NoFooter":false,"PoemOutDict":false,"Titles":[],"Number":null},"Active":true,"Catalog":"570ef2fcd07cda3e16f93ef7","Description":"<p class=\"poem\">Должно прийти понимание,<br />Особенно, осознание,<br />Что нужно обратить внимание,<br />На собственное существование!</p>\n<p class=\"poem\">Человек &ndash; всё же энергия!<br />Проявленная, в Материи,<br />Нельзя остановить потери,<br />Различной в том категории!</p>\n<p class=\"poem\">Энергия &ndash; дарована Богом!<br />Энергия &ndash; Его собственная!<br />Рождение &ndash; диссипация в итоге,<br />Совершенства Ему свойственного!</p>\n<p class=\"poem\">Человек &ndash; из энергии Бога!<br />Как процесс энергообмена,<br />Равновесия необходимый порог,<br />Предполагает, Материи смену!</p>\n<p class=\"poem\">Человек, так говорит Материя,<br />Исток ищет всегда в родителях!<br />Первая, ошибка неверия,<br />Обусловлена Тьмой &ndash; победителем!</p>\n<p class=\"poem\">Да, есть эволюция Материи!<br />Но, и она может прерваться!<br />Народа могут произойти потери,<br />Дух не может никогда прерваться!</p>\n<p class=\"poem\">Проблемы людей в Дуальности!<br />От присутствия одновременного!<br />Глубокой Материальности,<br />И Духа, попеременно!</p>\n<p class=\"poem\">Об этом повторить надо,<br />Равновесие трудно достигаемо!<br />Но, это &ndash; истинная Правда,<br />Сознанием, пока не постигаема!</p>\n<p class=\"poem\">Думаете одно, делаете &ndash; другое!<br />Невозможно остановить мгновение,<br />Чтобы равновесие держать такое,<br />Нужно проявить Богу доверие!</p>\n<p class=\"poem\">Поверить тому, что вы &ndash; Боги!<br />Верить в свои сверхвозможности!<br />Для людей нет иной дороги,<br />Вместе и никакой сложности!</p>\n<p class=\"poem\">Все это и всё понимают!<br />Утверждают, что всегда в Вере!<br />Но, мысли в грехе прозябают,<br />Нет понимания, в чём мера!</p>\n<p class=\"poem\">Все согласились быть в Боге!<br />Навечно и друг с другом!<br />Но, Единение прошло в итоге,<br />Называется, проснулись утром!</p>\n<p class=\"poem\">На мгновение &ndash; все вместе!<br />Эмоции бьют через край!<br />А, если рутина лет двести,<br />Уже не испечь каравай!</p>\n<p class=\"poem\">Движению &ndash; всего пять!<br />Казалось, только Начало!<br />Но, всё повернулось вспять,<br />Материя всех раскачала!</p>\n<p class=\"poem\">Все хотят быстро и сразу!<br />При этом, без своего участия!<br />Не было так ни разу:<br />Чтобы в грехе и причастие!</p>\n<p class=\"poem\">Кто-то ушёл, другие предали!<br />Не понимая, что в этом промысел!<br />Вспомните, Клятву давали,<br />Значит, был в том умысел!</p>\n<p class=\"poem\">Не бывает счастье бесплатно!<br />В Материи счастье &ndash; куётся!<br />Жизнь в Материи &ndash; есть плата,<br />Богом всем воздаётся!</p>\n<p class=\"poem\">Люди &ndash; энергия совершенства!<br />Требуется говорить об этом!<br />Не возвращается несовершенство,<br />Записано у Бога в Заветах!</p>\n<p class=\"poem\">&ldquo;Пусть меньше, да лучше&rdquo;!<br />Тезис известный политиков!<br />После отбора вам лучше,<br />В ранг перейти аналитиков!</p>\n<p class=\"poem\">Нужны мудрые и аналитики!<br />Канон причины и следствия,<br />Отметает истоки политики,<br />Равновесие &ndash; борьбы последствие!</p>\n<p class=\"poem\">Конечно, борьбы внутри!<br />В Сознании самого человека,<br />Главное, что ни говори,<br />РАВНОВЕСИЕ энергии на века!</p>\n<p class=\"noind\">Аминь.<br />Отец Абсолют.</p>","Files":null,"Date":"2017-04-09T00:00:00+03:00","DateChange":"2025-12-04T06:11:10.75+03:00","Link":"poems/09.04.17","Id":"6488a42d9231157cf9aaf7c9","Srv":"otk","Deleted":false,"Titles":["Разговор о равновесии"]}
{"Data":{"Next":"poems/03.03.17","NoFooter":false,"PoemOutDict":false,"Titles":[],"Number":null},"Active":true,"Catalog":"570ef2fcd07cda3e16f93ef7","Description":"<p class=\"poem\">Сегодня отбор серьёзный!<br />Предательство не прощается!<br />События уже объёмные!<br />Планета сама смещается!</p>\n<p class=\"poem\">Выбирающий знать должен!<br />Нет промежуточного положения!<br />Он Богом рукоположен,<br />Без всякого на то возражения!</p>\n<p class=\"poem\">Сомнения всегда есть и были!<br />Это человеческие метания!<br />Исторические изменения не быль &ndash;<br />Это внутренние страдания!</p>\n<p class=\"poem\">Великий постриг в Воины!<br />Предлагается избранным!<br />В Единстве и без промоин,<br />Они Богом выбраны!</p>\n<p class=\"poem\">Но, если давит сомнение,<br />Даже среди Первых,<br />У Бога Своё мнение,<br />Ориентировка на древних!</p>\n<p class=\"poem\">Первые всегда были!<br />Много тысячелетий раньше!<br />И предателями слыли,<br />От Бога уходили дальше!</p>\n<p class=\"poem\">Чем дальше от Бога,<br />Тем &ndash; хуже!<br />Закрыта для них дорога,<br />Или значительно уже!</p>\n<p class=\"poem\">Судьба не одно проявление!<br />Проявлений в Истории много!<br />Есть Историческое вкрапление,<br />Именуемое, итогом!</p>\n<p class=\"poem\">Нужно уходить прямо!<br />Выбор такой за каждым!<br />Предавать не надо,<br />След остаётся вещим!</p>\n<p class=\"poem\">Вещий не для людей,<br />У каждого свой путь,<br />Только Небесам видней,<br />Какая в Сознании муть!</p>\n<p class=\"poem\">Нет ничего Святого,<br />Если выбор не с Богом!<br />В предателе ничего такого,<br />Но жизнь &ndash; в Ад прямая дорога!</p>\n<p class=\"poem\">У Бога не дрогнет выбор!<br />Каждому дано время!<br />Постоянный идёт отбор,<br />Для кого-то, как бремя!</p>\n<p class=\"poem\">Жизнь &ndash; то взлёт, то падение!<br />Это судьба человека!<br />Ловите свой звёздный день!<br />Он &ndash; один на века!</p>\n<p class=\"poem\">Сегодня, как раз, &ndash; это!<br />Решающее мгновение!<br />Последнее теперь лето!<br />Для многих, как провидение!</p>\n<p class=\"poem\">Всего несколько месяцев,<br />Мир изменят кардинально!<br />Не будет словесной взвеси,<br />Решайте принципиально!</p>\n<p class=\"poem\">Не подлежит прощению,<br />Промысел против Бога!<br />Слова Мои, как извещение,<br />Закрываю для них дорогу!</p>\n<p class=\"poem\">Значит, закрывается будущее!<br />Не дорога &ndash; судьба!<br />Жизнь такая пропущена,<br />И для Меня не видна!</p>\n<p class=\"poem\">Люди забывают про Небо!<br />Им кажется &ndash; жизнь понятна,<br />Но жизнь может и небылью,<br />Только на Небе внятная!</p>\n<p class=\"poem\">Не путайте &laquo;Здесь&raquo; и &laquo;Там&raquo;!<br />Совершенно разные вещи!<br />Если Бога продал,<br />Жизнь, как сон вещий!</p>\n<p class=\"poem\">Не играйте судьбой нелепо!<br />Жизнь ваша &laquo;Здесь&raquo; и &laquo;Там&raquo;!<br />Прожигать нельзя слепо,<br />Жизнь &ndash; это Бога Портал!</p>\n<p class=\"poem\">Историческое грядёт изменение!<br />Планеты и человечества!<br />Я любое ценю мнение,<br />Но, никогда предательства!</p>\n<p class=\"noind\">Аминь.<br />Отец Абсолют.</p>\n<p class=\"noind\">02.03.17</p>\n<p class=\"poem\"><br />P/S</p>\n<p class=\"poem\">Подтверждаю эксперимента данные!<br />Не могу без волнения!<br />Сердце Мира стучит постоянно!<br />И с хорошим наполнением!</p>\n<p class=\"poem\">Готовьтесь, теперь отныне!<br />Россия вернётся встарь!<br />Придёт долгожданный Мессия,<br />Страной будет править Царь!</p>\n<p class=\"poem\">Имя его не Владимир!<br />Нет в Истории повторения!<br />Имя его &ndash; Оливер!<br />Это &ndash; Новое проявление!</p>\n<p class=\"poem\">Не будет больше фамилии!<br />Выборность от Народа!<br />Совесть и Дух &ndash; победили!<br />Ответит Любовью Природа!</p>\n<p class=\"noind\">Аминь.<br />Отец Абсолют.</p>","Files":null,"Date":"2017-03-02T00:00:00+03:00","DateChange":"2025-12-04T06:08:00.933+03:00","Link":"poems/02.03.17","Id":"6488a42d9231157cf9aaf7a2","Srv":"otk","Deleted":false,"Titles":["Выбор и предательство"]}
{"Data":{"Next":"poems/04.12.25","NoFooter":false,"PoemOutDict":false,"Titles":null,"Number":"№03 (3488)"},"Active":true,"Catalog":"570ef2fcd07cda3e16f93ef7","Description":"<p class=\"poem\">Люди, сегодня, в недоумении!<br>\nИбо, Мир остановлен у черты!<br>\nДело, совсем, не в везении,<br>\nЛюди, не определились, в Мечте!</p>\n\n<p class=\"poem\">В Небо, уходит Россия и в Эпоху!<br>\nСобытия, сошлись в точку!<br>\nНикто, не рассматривает Итоги!<br>\nРоссия, для всех, выскочка!</p>\n\n<p class=\"poem\">Россия, стоит, всегда, на своём!<br>\nЗапад, упорно сопротивляется!<br>\nРоссия, продирается, сквозь проём!<br>\nУ России, силы кончаются!</p>\n\n<p class=\"poem\">Теперь, все, на грани возможностей!<br>\nЭто, касается всех и США!<br>\nВозникли у всех, уже, сложности!<br>\nКалендарная, началась Зима!</p>\n\n<p class=\"poem\">Зима &ndash; это не для войны, время!<br>\nЛюди, не хотят продолжать войну!<br>\nДля войны, Зима настоящее бремя!<br>\nОчень много людей, идёт ко дну!</p>\n\n<p class=\"poem\">У России, нет времени на раздумье!<br>\nСоздатель, требует действий!<br>\nРоссия готовит Обращение!<br>\nЭто, будет для Мира, Известие!</p>\n\n<p class=\"poem\">Россия, предлагает собрать всех!<br>\nВсех, ради Мирового Соглашения,<br>\nОт Создателя, этому не будет помех!<br>\nНа Войне &ndash; это лучшее предложение!</p>\n\n<p class=\"poem\">Россия, ждёт от людей отклика!<br>\nЭто Промысел, уже, Создателя!<br>\nРоссия, услышала, Душ людских крик!<br>\nНадо, прекратить людей страдания!</p>\n\n<p class=\"poem\">Тьма, продолжает играть в войну!<br>\nНет, для Неё, никакого оправдания!<br>\nТьма, против Света, поднимает волну!<br>\nТьме, необходимо, людей страдания!</p>\n\n<p class=\"poem\">Россия, продолжает сопротивляться!<br>\nВсё делает, в соответствии с Планом!<br>\nОна, должна со сроками, определяться,<br>\nРоссия, с Богом, против Тьмы кланов!</p>\n\n<p class=\"poem\">Россия должна подготовить всё!<br>\nОбращение, к людям и их ответы!<br>\nЛюди, должны оценить старанье!<br>\nНадо, будет учесть и все приметы!</p>\n\n<p class=\"poem\">Надо, объяснить для людей Путь!<br>\nПрежде всего, в Шестую Эпоху!<br>\nОднополярный Мир &ndash; этого Суть!<br>\nИнициатива этого, у Руси, сходу!</p>\n\n<p class=\"poem\">Условия Победы у России, уже, есть!<br>\nГлавная, есть у Руси Идеология!<br>\nВ этом Сценарии нет слова «месть»!<br>\nУ России, есть желание, вернуть логику!</p>\n\n<p class=\"poem\">Мир должен будет принять Её условия!<br>\nУсловия Создателя, в другой обстановке!<br>\nНе должно быть, никаких сословий!<br>\nРавенство и Любовь &ndash; это Новая постановка!</p>\n\n<p class=\"poem\">Создатель готовил людей 20 лет!<br>\nНаконец, люди услышали Бога!<br>\nНаступает решающий Момент!<br>\nПора, подвести, во всём Мире, Итоги!</p>\n\n<p class=\"poem\">26 год столетия &ndash; год Начала Эпохи!<br>\nПосле, этой даты, переход в Новый Мир!<br>\nПод управлением Белого Царя, потоки!<br>\nСлавянский Мир, звучит, как ориентир!</p>\n\n<p class=\"poem\">Теперь, ожидать в Духе число, решено!<br>\nМиру, требуется, Новая в Духе, Эпоха!<br>\nПятая Эпоха, постепенно идёт на дно!<br>\nНа Планете, будут людей-Богов потоки!</p>\n\n<p class=\"poem\">Пора, поднимать над Планетой, Знамя Создателя!<br>\nПодобие трёх лучей Пространства!<br>\nРоссия, Правом управления, обладатель!<br>\nЛюди-Боги прекращают все странствия!</p>\n\n<p class=\"noind\">Да будет Свет Истины!<br>\nОтец Абсолют или Высший Космический Разум!</p>","Files":null,"Date":"2025-12-03T10:57:16.876+03:00","DateChange":"2025-12-03T10:58:37.574+03:00","Link":"poems/03.12.25","Id":"692fed7cab424bddbbc04a3b","Srv":"otk","Deleted":false,"Titles":["Пора, поднимать над Планетой, Знамя Создателя!"]}
{"Data":{"Next":"poems/03.12.25","NoFooter":false,"PoemOutDict":false,"Titles":null,"Number":"№02 (3487)"},"Active":true,"Catalog":"570ef2fcd07cda3e16f93ef7","Description":"<p class=\"poem\">Этот Мир изменяется, уже, постоянно!<br>\nВызывая у людей, панический, страх!<br>\nЛюди сопротивляются, этому, отчаянно!<br>\nНе понимая, в чём, их серьёзный промах!</p>\n\n<p class=\"poem\">Создатель, говорит, что осталось немного!<br>\nЭзотерики, обозначают короткую трассу!<br>\nНельзя, людям ожидать от Бога, подмоги!<br>\nСоздатель, видит этот Мир, уже, без прикрас!</p>\n\n<p class=\"poem\">Началось, внутреннее людей разложение!<br>\nНароды, мечтают о прекращении войны!<br>\nУ людей, начинается в Душах раздражение!<br>\nЭнергетической, люди ожидают волны!</p>\n\n<p class=\"poem\">Только, Вам понятна, что Эпоха грядёт!<br>\nВ начале Века, объявлена Эпоха Водолея!<br>\nСоздатель, активность России, уже, ждёт!<br>\nНо, люди, друг к другу, стали намного, злее!</p>\n\n<p class=\"poem\">Люди, всегда и во всём, ищут виноватого!<br>\nЭто, привычное поведение в Мире, людей!<br>\nТолько, никто не говорит, о захвате,<br>\nМир обычный, превратился, уже, в Мир Теней!</p>\n\n<p class=\"poem\">Кто-то, хочет закончить войну, в свою пользу!<br>\nНо, интриги, интригами, а, война, войной!<br>\nНа этой, Мировой войне, никто не получит мзду!<br>\nТеперь, все народы Мира, мечтают вернуться, домой!</p>\n\n<p class=\"poem\">Бессмысленная война, для Мира сего, затянулась!<br>\nНет ни у кого, в этой войне, перевеса!<br>\nВойна, разрухой для Славян, обернулась!<br>\nТеперь, уже Создатель хочет провести, Мессу!</p>\n\n<p class=\"poem\">План у Создателя есть, уже, через Россию!<br>\nНо, Славяне, теперь, по обе стороны!<br>\nУ России, Спасителя Мира, миссия!<br>\nРоссия, понесёт ещё, скоро, огромный урон!</p>\n\n<p class=\"poem\">Власть России, рассчитывает на Победу!<br>\nНо, война против Европы не имеет смысла!<br>\nВойна, для, самой России &ndash; это большая беда!<br>\nБез Создателя, война, не имеет Замысла!</p>\n\n<p class=\"poem\">Россия, если с Богом, должна сказать слово!<br>\nСпасение, всем принесёт, только, Обращение!<br>\nОбращение ко всему человечеству &ndash; это дело!<br>\nМеждународное, нужно организовать Движение!</p>\n\n<p class=\"poem\">Надо запускать этот механизм, срочно!<br>\nДругого у России, нет выхода!<br>\nПлан действий надо с Богом согласовать, точно!<br>\nВ Феврале, надо объявить, дату Квантового перехода!</p>\n\n<p class=\"poem\">Растёт, сопротивление людей, войне, везде!<br>\nВо всём Мире и в самой, даже, России!<br>\nЕсли, Вам промолчать, то быть Великой беде!<br>\nСоздатель, Вам подготовил Царя &ndash; Мессию!</p>\n\n<p class=\"poem\">Теперь, как всегда, против Света, уже, клевета!<br>\nНадо, из России, убрать нерусских!<br>\nПротив, Лидеров в Духе, плохая ходит молва!<br>\nНо, помните, проход в Небо, очень узкий!</p>\n\n<p class=\"poem\">Надо, запустить, ещё, механизм покаяния!<br>\nСамое время, вспомнить Мира Историю!<br>\nВойны, всегда были плохими деяниями!<br>\nЭто, для Создателя, было плохими категориями!</p>\n\n<p class=\"poem\">Надо, срочно, запустить в Мир, Обращение!<br>\nОбращение к людям Мира, через Создателя!<br>\nВы, внутри себя, приняли, уже, решение!<br>\nНе щадите, больше никого, из обывателей!</p>\n\n<p class=\"poem\">Создатель, уверен, что Вы в Духе, созрели!<br>\nЕсть Мудрость веков и Ваше желание!<br>\nЭто, и есть от Создателя, Вам силы!<br>\nПора к Победе проявить, Вам старание!</p>\n\n<p class=\"poem\">Вы, сотканы в Духе, быть Целым!<br>\nНет, в Мире против Вас, оппозиции!<br>\nУ Вас уже есть, от Бога, Царь Белый!<br>\nБог, не допустит против Вас, инквизиции!</p>\n\n<p class=\"poem\">План Создателем утверждён, значит, пора начинать!<br>\nВсе сомнения уберите в сторону!<br>\nВам, надо своё, решение, наконец, принять!<br>\nВам надо спасти, Вашего Отечества, Родину!</p>\n\n<p class=\"noind\">Да будет Свет Истины!<br>\nОтец Абсолют или Высший Космический Разум!</p>","Files":null,"Date":"2025-12-02T12:34:18.207+03:00","DateChange":"2025-12-02T12:36:27.697+03:00","Link":"poems/02.12.25","Id":"692eb2feab424bddbbc04a3a","Srv":"otk","Deleted":false,"Titles":["План Создателем утверждён, значит, пора начинать!"]}
{"Data":{"Next":"poems/27.11.25","NoFooter":false,"PoemOutDict":false,"Titles":null,"Number":"№26 (3481)"},"Active":true,"Catalog":"570ef2fcd07cda3e16f93ef7","Description":"<p class=\"poem\">Кто, что разрушил, должен собрать!<br>\nЭто обязанность на Земле человека!<br>\nИз таких людей, Бог собирает Рать!<br>\nДля очищения от грехов, уже на века!</p>\n\n<p class=\"poem\">Новая Россия, должна быть такой!<br>\nЕй, пришлось испытать разрушения!<br>\nРоссия, веками не знала покоя!<br>\nТеперь Её Путь &ndash; это Путь Единения!</p>\n\n<p class=\"poem\">Она, разбросала, своих, по окраинам Мира!<br>\nПоложила, сторонников Вечной Мечты!<br>\nИ сама себя, на Погостах сложила!<br>\nНе понимая, что с Душой перешла, на Ты!</p>\n\n<p class=\"poem\">Сегодня, настало время расплаты!<br>\nТруден, Путь с сумой грехов на спине!<br>\nТянут к земле и военные латы!<br>\nТрудно России признаться, в грехе!</p>\n\n<p class=\"poem\">Великая страна, но беспризорная!<br>\nОна, ради Идеи, готова на всё!<br>\nЦеломудренная и беспощадная,<br>\nОна, тащит на себе власть и ворьё!</p>\n\n<p class=\"poem\">Сколько, противоречий в этом Народе!<br>\nЕсть Бог внутри и Его неприятие!<br>\nСтранная этого Народа порода!<br>\nСловно, издревле в Нём, заклинание!</p>\n\n<p class=\"poem\">Создатель, тем не менее, увидел в Ней Свет!<br>\nОн увидел в Народе причастие!<br>\nСоздатель, подготовил для Неё Завет!<br>\nИ в Преображении Планеты, участие!</p>\n\n<p class=\"poem\"><b>Но, условие есть, для России, Одно!<br>\nНужно, прах своих, перенести на руках!<br>\nЧтобы всему Миру, тогда, было видно,<br>\nЧто он с кладбища, Сент-Женевьев-Де-Буа!</b></p>\n\n<p class=\"poem\"><b>Не снять с России этот Великий грех!<br>\nОн висит над Россией более 100 лет!<br>\nРоссия с таким грехом, не может идти Вверх!<br>\nСнятие греха, для Неё, есть в Космос билет!</b></p>\n\n<p class=\"poem\"><b>Россия прошла подготовку Знаний!<br>\nСоздатель, передал их через Пророка-Мессию!<br>\nРоссии, пришло, наконец, Судьбы понимание!<br>\nУ Неё, за прошлое, теперь, Спасителя Мира, миссия!</b></p>\n\n<p class=\"poem\"><b>Ей нужно обратиться ко всем Русским!<br>\nО том, что Родина-Мать к себе зовёт!<br>\nЛюди должны будут пройти Вход, узкий,<br>\nПонимая, что возращение с войны, не мёд!</b></p>\n\n<p class=\"poem\"><b>Россия должна принять свой Крест!<br>\nКак расплату, за свою Душевную боль!<br>\nДля Русских, кроме России, нет места,<br>\nГде прорастает Великой Нации, соль!</b></p>\n\n<p class=\"poem\">Надо, в Москве, однажды, собраться вместе!<br>\nСобраться вместе и теперь, НАВСЕГДА!<br>\nДля всех Славян, Россия это то место,<br>\nНад, которым, восьмиконечная горит, Звезда!</p>\n\n<p class=\"poem\">Создатель, поддержал, пока, отдельно Россию!<br>\nБог подписал, с Ней Вечный Договор!<br>\nПоследний раз, у России, Тьмы миссия,<br>\nПоследний раз, Русью управляет вор!</p>\n\n<p class=\"poem\">Создатель, поставил для власти условие!<br>\nВласть уходит в никуда, вместе, с Эпохой!<br>\nБольше не будет на Руси богатых сословий!<br>\nВ начале 26 года, прошлое России, уходит в Итоге!</p>\n\n<p class=\"poem\">Новая Россия, примет всех, Своих в Духе!<br>\nКрасные и Белые будут рядом стоять!<br>\nПознавшие Знания встанут, вместе, в Итоге!<br>\nИм, придётся, Новый Мир Духа, открывать!</p>\n\n<p class=\"poem\">Создатель, откроет Державу Славян!<br>\nКаждая страна, будет иметь позицию!<br>\nБудет, создан Великий Совет, граждан!<br>\nБудет, создана Нового Мира, столица!</p>\n\n<p class=\"poem\">Управление поручено, Царю Белому!<br>\nОн будет на Планете Наместником!<br>\nСоздатель станет образцом Целого!<br>\nРоссия, будет для всех Начал Началом!</p>\n\n<p class=\"poem\"><b>Первой, объединит всех, своих в Духе, Россия!<br>\nБудет Единый, для всех Славян Погост!<br>\nСоздатель, на Тонком плане, проведёт Сессию,<br>\nТогда и встанет Славянин в Полный Рост!</b></p>\n\n<p class=\"noind\">Да будет Свет Истины!<br>\nОтец Абсолют или Высший Космический Разум!</p>","Files":null,"Date":"2025-11-26T11:27:25.533+03:00","DateChange":"2025-12-01T10:21:52.187+03:00","Link":"poems/26.11.25","Id":"6926ba17c30da534e3c33d77","Srv":"otk","Deleted":false,"Titles":["Первой, объединит всех, своих в Духе, Россия!"]}
{"Data":{"Next":"poems/02.12.25","NoFooter":false,"PoemOutDict":false,"Titles":null,"Number":"№01 (3486)"},"Active":true,"Catalog":"570ef2fcd07cda3e16f93ef7","Description":"<p class=\"poem\">Мир, должен решить свою Судьбу!<br>\nСегодня, Она, полностью, в руках, России!<br>\nНароды, другие, тоже, уйдут, из войны!<br>\nНе подчиняясь, Темным силам, Миссии!</p>\n\n<p class=\"poem\">Война, сегодня, это, просто, война!<br>\nНовое, приближается за Мир сражение!<br>\nПриближается, Нового Мира волна!<br>\nНа пороге, Мира сего, преображение!</p>\n\n<p class=\"poem\">Создатель, готовится к Шестой Эпохе!<br>\nЛюцифер, мечтает остановить преображение!<br>\nНикто, кроме России, не перейдёт сходу!<br>\nСилы Тьмы, хотят остановить движение!</p>\n\n<p class=\"poem\">Остановить силы Тьмы, способна Россия!<br>\nОстановить силой, саму, Россию нельзя!<br>\nУ России от Бога, есть особая Миссия!<br>\nКоторая называется, как в Небо стезя!</p>\n\n<p class=\"poem\">Ещё есть и Плотный План на Планете!<br>\nВ этом Мире, есть ещё, и свои условия!<br>\nМир, подчинён деньгам и монете,<br>\nЕсть один Народ, этого, точно, сословия!</p>\n\n<p class=\"poem\">Этот Народ, не входит в систему Бога!<br>\nОн, был выделен из всех, Люцифером!<br>\nВ Шестой Эпохе, Он не будет в итоге!<br>\nОн, является, негативным примером!</p>\n\n<p class=\"poem\">Россия, развернула свой галс, в Небо!<br>\nОна, предложила людям Славянский Союз!<br>\nРавенство и Любовь &ndash; это России кредо!<br>\nРоссия, будет для народов, как в Небо шлюз!</p>\n\n<p class=\"poem\">Повторяю, критерием будет Равенство и Любовь!<br>\nНарод братоубийца не подойдёт!<br>\nУ народа, братоубийцы очень плохая кровь!<br>\nНарод, начавший с убийства, в Новое не войдёт!</p>\n\n<p class=\"poem\">Но, у него есть поддержка от Люцифера!<br>\nИм, чтобы спастись, нужно остановить Россию!<br>\nНадо, поднять чистоты в Духе людей, Тему!<br>\nЧтобы, люди засомневались, в Её Миссии!</p>\n\n<p class=\"poem\">Главное, для Люцифера &ndash; это людей сомнение!<br>\nТогда, обыватель перейдёт на Его сторону!<br>\nДля людей, будет недостаточно, Бога мнения!<br>\nСомнения, принесут России, урон!</p>\n\n<p class=\"poem\">Но, Россия &ndash; это не только Славяне, Она &ndash; Византия!<br>\nГреки, сражались за Правь и Славь!<br>\nМосква &ndash; это третий Рим, вестимо!<br>\nСпартанский Царь Леонид, победил Тьму встарь!</p>\n\n<p class=\"poem\">Намечается, продолжение этого боя!<br>\nНашлись противники, неземной чистоты!<br>\nПродолжает, оставаться Люцифера слой!<br>\nКоторый, не хочет, никак, Небесной высоты!</p>\n\n<p class=\"poem\">Фемида, как всегда, на стороне Леонида!<br>\nИстория повторяется, опять, как встарь!<br>\nФемида, поможет Белому Царю, Леониду!<br>\nПоможет, Белому Царю против Тьмы встать!</p>\n\n<p class=\"poem\">Православие, примет Идеологию Равенства!<br>\nСлавянские народы встанут в строй!<br>\nБудет на Планете Славян Главенство!<br>\nПротивники, Равенства поднимут вой!</p>\n\n<p class=\"poem\">Но, в Мире есть Равенство Знаков!<br>\nЭто и есть, Покой Вечного движения!<br>\nРоссия, это люди, освобождённые от оков!<br>\nНе будет, между Светом и Тьмой, сражения!</p>\n\n<p class=\"poem\">Надо, будет соблюсти между Знаками, Равенство!<br>\nЭто Главное на Планете, условие Равновесия!<br>\nСегодня, будет России, в Мире Главенство!<br>\nСоздатель, в Шестой Эпохе, всё взвесит!</p>\n\n<p class=\"poem\">Россия, давно заслужила, Победу!<br>\nЕй Богом, дано Право, подняться в Небо!<br>\nЛюди, Люцифера готовят против России, волну!<br>\nНо, Россия, очень скоро, станет Былью!</p>\n\n<p class=\"poem\">Быль России &ndash; это внутри люди-Боги!<br>\nРоссия, под управлением Царя Леонида!<br>\nПоложительные будут на Планете Итоги!<br>\nСоздатель, поможет России и, конечно, Фемида!</p>\n\n<p class=\"noind\">Да будет Свет Истины!<br>\nОтец Абсолют или Высший Космический Разум!</p>","Files":null,"Date":"2025-12-01T10:04:32.963+03:00","DateChange":"2025-12-01T10:06:20.799+03:00","Link":"poems/01.12.25","Id":"692d3e21ab424bddbbc04a38","Srv":"otk","Deleted":false,"Titles":["Богиня Фемида, поможет Царю Леониду!"]}
{"Data":{"Next":"poems/01.12.25","NoFooter":false,"PoemOutDict":false,"Titles":null,"Number":"№30 (3485)"},"Active":true,"Catalog":"570ef2fcd07cda3e16f93ef7","Description":"<p class=\"poem\">Мир, всегда, изменяется по Канонам!<br>\nНесмотря на все желания человека!<br>\nЖизнь, словно меняющаяся погода!<br>\nТак, происходило, в прошлые, все века!</p>\n\n<p class=\"poem\">Только порядок, вдруг, изменился сегодня!<br>\nНакануне, Новой, совершенно, Эпохи!<br>\nИзменился, одновременно, и распорядок дня!<br>\nЛюди, вспомнили, что изменяются и Эпохи!</p>\n\n<p class=\"poem\">Люди, поспешили, тоже, понять,<br>\nЧто будет сначала и что, будет потом?<br>\nЛюди, конечно, Создателю, хотят верить,<br>\nЧто Правда в Его словах и что в Нём самом?</p>\n\n<p class=\"poem\">Сложилось так, что надо всем, думать!<br>\nХарактер Истории, может, уже, измениться!<br>\nВсем, людям, придётся другими стать!<br>\nЛюдям, придётся в Новых условиях, определиться!</p>\n\n<p class=\"poem\">Создатель, говорит, только, о Шестой Эпохе!<br>\nОб Эпохе, с кардинальными изменениями!<br>\nЧто Энергетическими будут, теперь, потоки!<br>\nВсё закончится, уже, Преображениями!</p>\n\n<p class=\"poem\">Создатель, сказал, что настанет Мир!<br>\nНо, Мир уже высоких вибраций!<br>\nЧто, придётся поменять, Вам ориентир!<br>\nЧто, это будет Создателя, очистительная акция!</p>\n\n<p class=\"poem\">Мир, испытывал войны и революции!<br>\nНо, Эволюция, ещё не касалась людей!<br>\nСоздатель, предупреждает о Новой акции!<br>\nКоторая, должна закрыть Мир, Теней!</p>\n\n<p class=\"poem\">Люди, испытают при своей жизни, Это!<br>\nЭто, что ещё не известно было, никому!<br>\nСоздатель, на все войны, наложил Вето!<br>\nВето, будет наложено, не только на войну!</p>\n\n<p class=\"poem\">Будет наложено Вето, поверьте, на всё!<br>\nНа всё, что против, самого Создателя!<br>\nЛюди, могут, потерять, теперь, своё,<br>\nТо, чем, были они, обладателями!</p>\n\n<p class=\"poem\">Люди, должны войти в Новый Мир, без тела!<br>\nОни будут осознавать Новый Мир, снова!<br>\nУ людей будут, Энергетические дела!<br>\nБудут Новые Дома, или Небес чертоги!</p>\n\n<p class=\"poem\">Все, разговоры должны быть закончены!<br>\nЛюди, перейдут в Мир, Богов!<br>\nЛюди, в Новые правила быта, включены!<br>\nВ Тонкий мир, без былых, домов!</p>\n\n<p class=\"poem\">Теперь, уже Мир, не будет прошлым!<br>\nРассуждения, перейдут в дела!<br>\nЛюди, шагнут в Мир возможностей!<br>\nПовторяю, Боги будут, без материального тела!</p>\n\n<p class=\"poem\">Боги, увидят Мир, уже, совсем другим!<br>\nОриентация Богов, уже не будет иметь границ!<br>\nЛюди в Боге, будут постоянно говорить с Ним!<br>\nБоги, перед Создателем, не падут ниц!</p>\n\n<p class=\"poem\">Люди-Боги станут друг, перед другом, на равных!<br>\nОни, перестроят этот Мир!<br>\nОни, получат от Создателя, Право!<br>\nПостроить Новый Мир, бывший, когда-то, Мифом!</p>\n\n<p class=\"poem\">Они, увидят Мира Нового, бесконечность!<br>\nПланета – это сгусток Энергии!<br>\nБоги поймут, что такое Вечность!<br>\nЧто человек-Бог &ndash; это Часть, той же, Энергии!</p>\n\n<p class=\"poem\">В Равенстве, Боги построят Новый Мир!<br>\nМир разнообразного проявления!<br>\nУ Них, на Создателя, будет ориентир!<br>\nВ Просторы Космоса, будет движение!</p>\n\n<p class=\"poem\">Вам, в следующей Эпохе, придётся вернуться!<br>\nИбо, есть петля Великого оборота!<br>\nНевозможно, преображению, остановиться!<br>\nСегодня, за Вами, осознанный поворот!</p>\n\n<p class=\"noind\">Да будет Свет Истины!<br>\nОтец Абсолют или Высший Космический Разум!</p>","Files":null,"Date":"2025-11-30T11:16:40.849+03:00","DateChange":"2025-11-30T12:11:58.431+03:00","Link":"poems/30.11.25","Id":"692bfd92ab424bddbbc04a34","Srv":"otk","Deleted":false,"Titles":["Теперь этот Мир, уже не будет прошлым!"]}
{"Data":{"Next":"poems/30.11.25","NoFooter":false,"PoemOutDict":false,"Titles":null,"Number":"№29 (3484)"},"Active":true,"Catalog":"570ef2fcd07cda3e16f93ef7","Description":"<p class=\"poem\">Народ, принимает нужное, Ему, положение!<br>\nПоложение определяется не силой, а, Сознанием!<br>\nНарод, осознанное начинает движение!<br>\nПриходит, к Нему, Судьбы своей понимание!</p>\n\n<p class=\"poem\">Всё, расписано в графике у Создателя!<br>\nСоздатель, понимает сроки Преображения!<br>\nЧеловек, сегодня, сам, себе Созидатель!<br>\nНельзя останавливать, вверх, движение!</p>\n\n<p class=\"poem\">Срок жизни короткий, поэтому, надо успеть!<br>\nНачертанный, надо, пройти маршрут!<br>\nВ жизни, надо заставить себя, сметь!<br>\nДостижение Цели &ndash; это тяжёлый труд!</p>\n\n<p class=\"poem\">Повторяю, времени мало, надо успеть!<br>\nВокруг, непримиримые обстоятельства!<br>\nНадо, заставить себя, посметь!<br>\nНадо, по жизни идти, очень, старательно!</p>\n\n<p class=\"poem\">Труд тяжёлый, но это, совсем, не беда!<br>\nСтупеней много, на этом, в Небо, Пути!<br>\nОтчаянным, всегда, принадлежит Победа!<br>\nВы должны, доказать своё Право, по сути!</p>\n\n<p class=\"poem\">В Коллективе, все люди жаждут Победы!<br>\nНо, Победа, только Одна, на всех!<br>\nЧеловек Духа, всегда идёт поверх беды!<br>\nУстраняя от себя, море, бытовых помех!</p>\n\n<p class=\"poem\">Победа, всегда, принадлежит сильным!<br>\nСильным в Духе, а не в Материи!<br>\nСоздатель, даёт Вам Дух, обильный!<br>\nСлабых в Духе, ожидают потери!</p>\n\n<p class=\"poem\">Сегодня, в Пространстве перевес, сил!<br>\nМировая война продолжается!<br>\nКажется, что в Духе кончаются силы,<br>\nНо, силы Духа, только увеличиваются!</p>\n\n<p class=\"poem\">Люди, чувствуют это, и переходят в Дух!<br>\nДух, начинает менять характер сражения!<br>\nПо всему Миру, уже, пошёл слух,<br>\nЧто Дух &ndash; это справедливости достижение!</p>\n\n<p class=\"poem\">Сегодня, сила Тьмы, стоит против Духа России!<br>\nСоздатель, поручил России Преображение!<br>\nВпереди, России, теперь Белый Царь &ndash; Мессия!<br>\nА, это уже, совсем другое, сражение!</p>\n\n<p class=\"poem\">После революции, Красные победили в Духе!<br>\nПобедила на войне, Идеология Равенства!<br>\nБелые, были Царя и религии, слугами,<br>\nПроцветало, Царской России, неравенство!</p>\n\n<p class=\"poem\">Красные доказали, что Идеология сильней!<br>\nВера Царю, уступила Идеологии Равенства!<br>\nЛюди, хотели доказать, что Идея важней!<br>\nИбо, между жизнью и Идеей, нет тождества!</p>\n\n<p class=\"poem\">Оказалось, что одна Идеология, это не всё!<br>\nЛюди не смогли договориться, без Равенства!<br>\nКаждый хотел доказать, только своё!<br>\nНе было, у людей в Духе, главенства!</p>\n\n<p class=\"poem\">Но, зерно Равенства упало, всё же, в межу!<br>\nНовый Росток, несмотря ни на что, дал Всходы!<br>\nЧерез несколько поколений, а, Я за этим слежу!<br>\nПоявились, уже Новых людей, подходы!</p>\n\n<p class=\"poem\">Новые всходы людей, пошли в Рост!<br>\nВсё, происходит в Мире через поколение!<br>\nВсё прошлое уже ушло на погост!<br>\nНачалось, на Руси, к Создателю движение!</p>\n\n<p class=\"poem\">Теперь, Россию не догнать никому!<br>\nСоздатель, с Россией, определил все условия!<br>\nТеперь, всё плохое, из Пятой, остаётся в Аду!<br>\nВ России, теперь люди-Боги &ndash; одно сословие!</p>\n\n<p class=\"poem\">Теперь, к сильной в Духе, России, пойдут люди!<br>\nПримкнут к Ней, среди Народов, многие!<br>\nУ руля, от Бога, будет Белый Царь &ndash; Мессия!<br>\nНе будет, никогда, на Планете патологии!</p>\n\n<p class=\"poem\">Народы, поймут, что надо идти в Союз!<br>\nСоюз &ndash; это Социальное Единение, в Духе!<br>\nЕсли в Духе, то не будет, никакого юза,<br>\nДля развития, Союза, не нужны будут, потуги!</p>\n\n<p class=\"poem\">Союз Славянских стран, в Духе, есть сила!<br>\nСоединит, всех Создатель, Белый Царь и Вера!<br>\nРоссия, для Славян, Путь проложила!<br>\nСреди Славян, Равенство и Любовь, будут Мерой!</p>\n\n<p class=\"noind\">Да будет Свет Истины!<br>\nОтец Абсолют или Высший Космический Разум!</p>","Files":null,"Date":"2025-11-29T13:09:51.784+03:00","DateChange":"2025-11-29T13:11:55.894+03:00","Link":"poems/29.11.25","Id":"692ac69bab424bddbbc04a31","Srv":"otk","Deleted":false,"Titles":["Народы поймут, что надо идти в Славянский Союз!"]}
{"Data":{"Next":"poems/29.11.25","NoFooter":false,"PoemOutDict":false,"Titles":null,"Number":"№28 (3483)"},"Active":true,"Catalog":"570ef2fcd07cda3e16f93ef7","Description":"<p class=\"poem\">Спектакль, для Вас всё ещё продолжается!<br>\nСегодня, определены Главные направления!<br>\nКруг, действующих лиц, уже сужается!<br>\nВажно, что началось правильное движение!</p>\n\n<p class=\"poem\">Вам, нужен Путь, завещанный от Бога!<br>\nВ Даль, ту которой ещё не видать!<br>\nПора, первые в Духе, подводить Итоги!<br>\nОпределить, что Вам надо, в себе искать!</p>\n\n<p class=\"poem\">Вам не найти, того, что не даётся!<br>\nВаш Путь в Пространстве бытия!<br>\nИдущий, прямо, таким и остаётся,<br>\nОн, сам себе, предмет события!</p>\n\n<p class=\"poem\">Вам Путь показан, тот, что есть на Небе!<br>\nОн, не зависит от желания людей!<br>\nПуть, отличается, ото всего на Свете!<br>\nОн, на Планете, ярче всех огней!</p>\n\n<p class=\"poem\">Сюжет, расписан Вам, теперь, по нотам!<br>\nПодобраны, оркестра инструменты!<br>\nТеперь Знания, откроют Победу Вам!<br>\nОтступятся от Вас, совсем, все оппоненты!</p>\n\n<p class=\"poem\">Вы не были ещё в Истории, Вы были в себе!<br>\nВы для людей, источник Новой Истории!<br>\nЭто, славная картина Мира в Мечте!<br>\nВ Мечте, необычной, пока, категории!</p>\n\n<p class=\"poem\">Вы должны, удивить этот Мир словами!<br>\nВаши рассуждения, уже, вне Материи!<br>\nЛюди, Пространства будут увлечены Вами!<br>\nВы, предлагаете, Один Мир, уже без потерь!</p>\n\n<p class=\"poem\">Люди, на этой войне, мечтают о Мире!<br>\nВы &ndash; это Новые, совсем, представления!<br>\nРоссия, предлагает Великое перемирие!<br>\nЭто, в Мире, самое Верное направление!</p>\n\n<p class=\"poem\">Мир Славянский &ndash; это Вечная сказка!<br>\nНа Планете, очень много, племён!<br>\nЭто от Создателя для людей подсказка!<br>\nНачинает, складываться Мир Новых имён!</p>\n\n<p class=\"poem\">Новая Эпоха &ndash; это не только число!<br>\nЭто, прежде всего, Новое направление!<br>\nЭто, Нового человечества, будет ядро!<br>\nПротивоположное, Пятой Эпохе, движение!</p>\n\n<p class=\"poem\">Не стоит, сомневаться во всём, этом!<br>\nНовый Путь &ndash; это уже, Новое состояние!<br>\nСчитайте, что Вы, начали писать Новый Том!<br>\nИ Нового, Судьбы своей, понимания!</p>\n\n<p class=\"poem\">Вам, надо готовить людей, Сознание!<br>\nИбо, условия жизни будут изменены!<br>\nВы, прикуёте, всех Вселенных внимание!<br>\nВы, с себя, начнёте все перемены!</p>\n\n<p class=\"poem\">Создатель, предлагает Единый Мир!<br>\nЕдинство в Духе &ndash; это, уже, успех!<br>\nПравильно делать, на Кровь ориентир!<br>\nПри Единой Крови, не бывает помех!</p>\n\n<p class=\"poem\">Люди разные, но, если, Кровь одна &ndash; это Победа!<br>\nСвятая Русь &ndash; это Духовная нить!<br>\nНе коснётся Славян никакая беда!<br>\nСлавянские Племена, будут Вечно, жить!</p>\n\n<p class=\"poem\">Не все люди с Планеты Земля, для Вас!<br>\nЛюцифер, разделил Племена и Народы!<br>\nНаступил, и для Него, расплаты час!<br>\nЛюди, Люцифера будут Славянами заменены!</p>\n\n<p class=\"poem\">Для Вас, Шестая Эпоха &ndash; это перемены!<br>\nДля Создателя, Шестая Эпоха &ndash; это Дух!<br>\nСоздатель, рассчитывает на замены,<br>\nВеря, что Славянский Дух, ещё, не потух!</p>\n\n<p class=\"poem\">Создатель, планирует собрать Славянское Племя!<br>\nБоги, вернутся на Небо, Славянами!<br>\nНачинается, перевоплощения людей, время!<br>\nЛюди, познакомятся со Знаниями и Ведами!</p>\n\n<p class=\"poem\">Будет, Вера одна, Славян Создателю!<br>\nЭто есть, Вечное Славян понимание!<br>\nНе будет, на Планете, больше обывателей!<br>\nБудет теперь, Истины искание!</p>\n\n<p class=\"poem\">За 30 лет Знания развернулись, другим!<br>\nОбъединением, Славян со Святой Россией!<br>\nПуть, к Создателю не может быть иным!<br>\nБелый Царь будет для всех людей, Мессией!</p>\n\n<p class=\"noind\">Да будет Свет Истины!<br>\nОтец Абсолют или Высший Космический Разум!</p>","Files":null,"Date":"2025-11-28T11:09:57.577+03:00","DateChange":"2025-11-28T11:12:29.604+03:00","Link":"poems/28.11.25","Id":"692958fbc003e3dff7adc4a3","Srv":"otk","Deleted":false,"Titles":["Вам Путь показан тот, что есть на Небе!"]}
{"Data":{"Next":"poems/28.11.25","NoFooter":false,"PoemOutDict":false,"Titles":null,"Number":"№27 (3482)"},"Active":true,"Catalog":"570ef2fcd07cda3e16f93ef7","Description":"<p class=\"poem\"><b>Вам, надо принять решение о себе!<br>\nВсе, точки сомнения на России!<br>\nВы, единственные на Земле,<br>\nКто, может выполнить, роль Мессии!</b></p>\n\n<p class=\"poem\"><b>Вам, надо понять, что никто не поможет!<br>\nВесь Мир, ополчился против Вас!<br>\nЗащитить, Вас только Создатель может!<br>\nНаступает, Ваш Исторический час!</b></p>\n\n<p class=\"poem\">Вам надо понять, что Все против!<br>\nПротив Вас, выступает и своя власть!<br>\nДля Вас, самый печальный мотив,<br>\nКогда власть, хочет, поглумиться всласть!</p>\n\n<p class=\"poem\">Если, каждый за себя, ничего, не получится!<br>\nВы, же задумали изменить Мир!<br>\nПриродные события, могут случиться,<br>\nЕсли, не будет на Создателя ориентир!</p>\n\n<p class=\"poem\">Преображение Планеты должно быть!<br>\nЛюди, не хотят этого слышать!<br>\nНо, Планета не будет по-старому жить!<br>\nЛюди, по-старому, не смогут дышать!</p>\n\n<p class=\"poem\"><b>Переход не пойдёт по-хорошему!<br>\nПланета, погрязла в Мировой войне!<br>\nПоэтому, не получится, ничего по-Вашему!<br>\nПланета, тогда, должна оказаться на дне!</b></p>\n\n<p class=\"poem\"><b>Предложен Спектакль, а Вы в раздумье!<br>\nЧеловеческое Сознание не изменить!<br>\nСегодня, перед Вами, уже, Зазеркалье!<br>\nА, Вы продолжаете, как обычно, жить!</b></p>\n\n<p class=\"poem\">Выбраться Вам трудно, но Пророк &ndash; Один!<br>\nВокруг него, из людей, простота!<br>\nЛюди не хотят верить, что Бог Един!<br>\nДля людей, Космос, по-прежнему, пустота!</p>\n\n<p class=\"poem\">Каждый, дорожит за себя и за своё Завтра!<br>\nЛюди, не понимают, что всё могу изменить Я!<br>\nДля людей, бытует, официальная, властей Правда!<br>\nДля людей, важнее всего, Семья!</p>\n\n<p class=\"poem\">Создатель, Мир и Россия, сотканы, из частиц!<br>\nИ из разных, совсем, и представлений!<br>\nНе перешагнуть, людям этих границ!<br>\nЛюди – это многогранные явления!</p>\n\n<p class=\"poem\">Доказывать Единство, Вам сложно!<br>\nВы, в жизни, каждый за себя, навечно!<br>\nВаша, действительность, очень сложна!<br>\nВы, продолжаете, жить на Свете, беспечно!</p>\n\n<p class=\"poem\">Вы, пример, для людей, одиночества!<br>\nВы, соглашаетесь с Богом, а в Душе не так!<br>\nНе получается из Вас Единого в Духе, Отечества!<br>\nВаша, точка зрения, звучит, для Меня, как пустяк!</p>\n\n<p class=\"poem\">Россия, не может удержать Равенство!<br>\nВласть, из бывших, потянулась к достатку!<br>\nЛюдям, всегда, хочется иметь богатство!<br>\nГрех Гордыни, привёл Россию к упадку!</p>\n\n<p class=\"poem\">Россия, подписала себе Приговор!<br>\nНадо, было держаться, Одной Идеологии!<br>\nБыли Вам от Создателя, предложения!<br>\nКоторые, у Вас, превращены в патологию!</p>\n\n<p class=\"poem\"><b>Надо было Вам, сразу дать согласие!<br>\nВозвращение к Истоку &ndash; это ваш Путь!<br>\nУ Богов, не бывает в этом разногласий!<br>\nВы должны поднять Россию в Духе &ndash; Ваша Суть!</b></p>\n\n<p class=\"poem\"><b>Ваши рассуждения &ndash; это для людей, без тела!<br>\nНо, без тела бывают, лишь, Боги!<br>\nВы, же, проживаете свою жизнь, без дела!<br>\nВы, поэтому не нужны, никому в Итоге!</b></p>\n\n<p class=\"poem\"><b>Создатель, уже не хочет смотреть в Завтра!<br>\nВы, такие, не сможете подняться до Небес!<br>\nВы, простые, люди, и это Правда!<br>\nЧеловечеству, не дождаться Ваших чудес!</b></p>\n\n<p class=\"poem\"><b>Создатель, ещё не закрыл, перед, Вами, дверь!<br>\nНо, мало у Него от Вас ожиданий!<br>\nБез Бога, Вас ожидает, как и всех, Твердь!<br>\nИ, обычное, на Планете скитание!</b></p>\n\n<p class=\"poem\"><b>Вы, не можете встать впереди!<br>\nИбо стоит, перед Вами, бездуховная Власть!<br>\nДоля Народа, всегда, стоять позади!<br>\nА, Я хочу увидеть Духовности страсть!</b></p>\n\n<p class=\"noind\">Да будет Свет Истины!<br>\nОтец Абсолют или Высший Космический Разум!</p>","Files":null,"Date":"2025-11-27T11:54:16.606+03:00","DateChange":"2025-11-27T11:55:35.99+03:00","Link":"poems/27.11.25","Id":"692811e2c003e3dff7adc4a2","Srv":"otk","Deleted":false,"Titles":["Создатель, ещё не закрыл перед Вами, дверь!"]}
