{"Data":{"Next":null,"NoFooter":false,"PoemOutDict":false,"Titles":null,"Number":"№28 (3513)"},"Active":true,"Catalog":"570ef2fcd07cda3e16f93ef7","Description":"<p class=\"poem\">Вас, ожидают Новые Горизонты, Пространства!<br>\nДля людей, ждёт, необыкновенная, как сказка, жизнь!<br>\nВ Новых Мирах и в Духе, для людей, будут странствия!<br>\nНа уровне Создателя, Мира сего, Вы, будете жить!</p>\n\n<p class=\"poem\">Россия, первая, столкнулась с этой возможностью!<br>\nТакое, бывает, только в сновидениях!<br>\nВ прошлом, остались, все Ваши бытовые, сложности!<br>\nДля Вас, Шестая Эпоха, будет в Духе, приключением!</p>\n\n<p class=\"poem\">Жизнь в Плотном плане &ndash; это борьба за жизнь!<br>\nЭто, точнее, борьба человека за выживание!<br>\nЦель жизни, в любых условиях, обязательно выжить!<br>\nРади этого, человеку, необходимы были скитания!</p>\n\n<p class=\"poem\">Человека, в Плотном плане, учит жизни, сама среда!<br>\nЧеловек, не знает никаких Правил поведения в жизни!<br>\nЖизнь человека &ndash; это непредсказуемости, череда,<br>\nЧеловек, приходит к выводу, что он на Планете, лишний!</p>\n\n<p class=\"poem\">Жизнь человека, по сути, есть фактор её понимания!<br>\nЛюди, автоматически собирались вместе, чтобы выжить!<br>\nСобираться в Целое, ради выживания, пришло осознание!<br>\nПришло понимание, что в борьбе за жизнь, никто не лишний!</p>\n\n<p class=\"poem\">Это правило, подтвердил, открытый Закон выживания!<br>\nЛюди, придумали и религии, чтобы объединиться!<br>\nПоявились и государства, как правила, проживания,<br>\nЖизнь, заставила людей, по-Новому определиться!</p>\n\n<p class=\"poem\">Люди, создали государства, уже, как необходимость!<br>\nМгновенно, появились войны, уже, за территории!<br>\nВажным, стала внутри страны, людей совместимость,<br>\nГосударства разделились, немедленно, по категориям!</p>\n\n<p class=\"poem\">Шестая Эпоха, поставила перед людьми другие Задачи!<br>\nПятая Эпоха, показала важность, уже, Идеологии!<br>\nКогда, из поколения к поколению, происходит этого передача!<br>\nИсключающая, внутри страны или Народа, патологии!</p>\n\n<p class=\"poem\">Россия, первая, поняла важность, Единой Идеологии, для людей!<br>\nОна, своей революцией подтвердила, важность этой темы!<br>\nЕсть два Знака в Вечности, и который из них важней?<br>\nДля человечества, теперь, на века – это самая Главная, Тема!</p>\n\n<p class=\"poem\">Создатель, раскрыл для России, Свои предложения!<br>\nДля этого, Бог, решил поднять в людях, уровень Знаний!<br>\nБог, предложил для России, в Небо движение!<br>\nЧтобы, раскрыть для России, других Миров понимание!</p>\n\n<p class=\"poem\">Россия приняла от Создателя, такое предложение!<br>\nСоздатель, стал объяснять людям, кто и зачем, они?<br>\nСоздатель, открыл для них, уже в Боги, движение!<br>\nЛюди поняли, что они многое, могут сделать сами!</p>\n\n<p class=\"poem\">Людям понятно, что прошлая Эпоха, сплошные сложности!<br>\nЧто выживание, было и есть, человеческая стезя!<br>\nНесмотря на технические успехи, выживание Путь ложный,<br>\nПятая Эпоха, для многих людей, прошла зря!</p>\n\n<p class=\"poem\">Создатель, подготовил Сознание людей России, к Началу!<br>\nИбо, люди России, перешли, уже, границу Эпох!<br>\nСоздатель, не хочет, чтобы вновь вернулись, печали,<br>\nВ Новой, по среде и возможностям, Шестой Эпохи!</p>\n\n<p class=\"poem\">Россия, подписала Договор с Создателем, навечно!<br>\nОдновременно, Правила, существования на Планете!<br>\nСоздатель, запретил людям жить, на Планете, беспечно,<br>\nМечтая о гордыне и о золотой монете!</p>\n\n<p class=\"poem\">Все поколения России, согласились с этим!<br>\nЛюди, мечтают вернуть Равенство Союза и Любовь!<br>\nРоссия, пойдёт в Завтра, Звёздным Путём!<br>\nОна, дала Клятву Создателю, в этом, на кровь!</p>\n\n<p class=\"poem\">Теперь, Она ждёт Знака Создателя, с Неба!<br>\nРоссия готова, начать в Духе преображение!<br>\nДля людей неверия &ndash; это, конечно, Небыль!<br>\nСогласно, Канонам Неба &ndash; это в Боги, людей движение!</p>\n\n<p class=\"poem\">Новый Год, определит свои приоритеты!<br>\nШестая Эпоха, покажет России Новый, для людей, Путь!<br>\nНе будет в Новом Мире, материальных объектов!<br>\nПроявится, для Мира, людей-Богов, главная Суть!</p>\n\n<p class=\"poem\">Новый Мир будет, совсем, другим, уже, без людей!<br>\nЛюдей России сменят, уже от Создателя Боги!<br>\nКак, пройдёт первый Этап для Богов, Создателю, видней!<br>\nСоздатель, ожидает совершенства в Духе, Итоги!</p>\n\n<p class=\"noind\">Да будет Свет Истины!<br>\nОтец Абсолют или Высший Космический Разум!</p>","Files":null,"Date":"2025-12-28T13:32:26.446+03:00","DateChange":"2025-12-28T13:33:29.018+03:00","Link":"poems/28.12.25","Id":"6951075b6969197c7cd12177","Srv":"otk","Deleted":false,"Titles":["Новый Год, определит все приоритеты!"]}
{"Data":{"Next":"poems/28.12.25","NoFooter":false,"PoemOutDict":false,"Titles":null,"Number":"№27 (3512)"},"Active":true,"Catalog":"570ef2fcd07cda3e16f93ef7","Description":"<p class=\"poem\">Весь Мир, затаился, в ожидании Новой Эпохи!<br>\nЛюди не понимают, что им следует ожидать?<br>\nПятая Эпоха, ничего не оставила, для объяснения дороги!<br>\nШестая Эпоха, предполагает с нуля, начать!</p>\n\n<p class=\"poem\">Закончилась, не просто, Пятая Эпоха, а, Эпоха Материи!<br>\nМатерия &ndash; это Плотный план, который не имеет продолжения!<br>\nСлишком много, эта Эпоха, понесла в жизни потерь,<br>\nНевозможно, для Мира, продолжать это направление!</p>\n\n<p class=\"poem\">Создатель, определил, что настало время, других условий!<br>\nОднако, человека надо подготовить к этому, в Духе!<br>\nНужно, для Новых условий, создать в Духе подобие!<br>\nДля этого, надо людям принять, Высокие вибрации, в итоге!</p>\n\n<p class=\"poem\">Следующая Эпоха, по Правилам Эволюции, Эпоха Энергий!<br>\nЭнергии отрывают человека, совсем, от Материи!<br>\nОткрывается для человека, Его тонкополевая Элегия!<br>\nКоторая, резко сокращает, в жизни человека, потери!</p>\n\n<p class=\"poem\">Создатель, говорил Вам давно, что человек многогранен!<br>\nОн, как матрёшка, обладает, внутри себя, слоями!<br>\nЧеловек, никогда в Духе, не бывает постоянен!<br>\nЧеловек, никогда не умирает, а меняется, в жизни, слоями!</p>\n\n<p class=\"poem\">Сегодня, Вы стоите на пороге, важного, внутри себя, перехода!<br>\nПерехода, из поля Материи, в поле Энергии!<br>\nИз Плотного плана перейти в бестелесное состояние, трудный ход!<br>\nПовторяю, человек не умирает, а, переходит в Тонкое тело, без потери!</p>\n\n<p class=\"poem\">Человек, в Момент, трёх дней тишины, разуплотняется!<br>\nПо, представлениям Материи, следует ожидать смерти!<br>\nНо, в поле Энергии, пространство человека, расширяется!<br>\nЧеловек, становится невидимым, словно, на паперти!</p>\n\n<p class=\"poem\">Человек, существует, управляя собой, как прежде!<br>\nТолько, в других условиях, своего существования!<br>\nВ Тонком плане, уже, человек-Бог, почти, прежний!<br>\nВ поле Энергии, нет сложностей, для проживания!</p>\n\n<p class=\"poem\">Тонкий план, управляет Материей, ибо, это, как Небо!<br>\nЛюди-Боги в Духе, организуют Энергетическое Целое!<br>\nНебо, это как поле Разума и Сознания, или, Небыль!<br>\nВот, когда начинает формироваться, Братство Белое!</p>\n\n<p class=\"poem\">Сегодня, для Вас, уже, есть в Пространстве, Белый Царь!<br>\nКоторый откроет для Вас, начало Энергетического перехода!<br>\nОн, как часть Создателя, откроет для Вас, как встарь,<br>\nВозможности, Нового состояния, стоя у входа!</p>\n\n<p class=\"poem\">Вы, уже, как Боги, на Первой, после Материи, стадии!<br>\nВы, повторяете Мой Путь от Начала Начал!<br>\nВашим способом Творения, станет, внутренняя фантазия,<br>\nДля Вас, Россия, останется навечно, Родным Причалом!</p>\n\n<p class=\"poem\">Вы, должны осознать, свой Путь в Новой Эпохе!<br>\nВ Новой оболочке, Вас не будет привлекать Материя!<br>\nВаша, задача, перестраивать людей Богами, в Итоге!<br>\nСокращая, вокруг Вас, людей потери!</p>\n\n<p class=\"poem\">Создатель, сделал из Вас, Вечных Богов!<br>\nЧеловечество, теперь, в Вашем лице, имеет поддержку!<br>\nВы, будете помогать людям, переходить в Итоге!<br>\nВы, сами, будете проявлять в Духе выдержку!</p>\n\n<p class=\"poem\">Вы, через многие тысячелетия, опять вернётесь!<br>\nНо, вернётесь на Планету, уже Богами!<br>\nВы, снова, людьми в Плотном Плане, обернётесь!<br>\nВы, начнёте готовить людей, как, стать Вами!</p>\n\n<p class=\"poem\">Следующая, и самая близкая, Ваша цель &ndash; кристаллизация!<br>\nЭто, очередная Цель, Вашего в Духе совершенства!<br>\nЧерез много лет, это будет, как Неба акция,<br>\nВы сыграете спектакль: &laquo;Великого Создателя, Детство&raquo;!</p>\n\n<p class=\"poem\">Вы, первые из людей, согласились пройти Эволюцию!<br>\nИбо, дать согласие на Вечное продолжение, не интересно!<br>\nВы, согласились, менять, своей жизни функции!<br>\nНикому из людей, такой Путь, не известен!</p>\n\n<p class=\"poem\">Создатель, открывает уже Школу Творца, для Богов или Вас!<br>\nВы, пока на уровне Создателя, лучших учеников!<br>\nПридёт, время, которое откроет Исторический для Вас час!<br>\nКогда, Вы уже сами, будете готовить Богов!</p>\n\n<p class=\"poem\">Вы, начинаете Путь, который не известен Миру!<br>\nВы, уже стоите в первых рядах Богов!<br>\nВы, подняли над Планетой, Великий Стяг Веры!<br>\nВы, уже, начали готовить людей-Богов без оков!</p>\n\n<p class=\"noind\">Да будет Свет Истины!<br>\nОтец Абсолют или Высший Космический Разум!</p>","Files":null,"Date":"2025-12-27T12:24:52.305+03:00","DateChange":"2025-12-27T12:27:02.411+03:00","Link":"poems/27.12.25","Id":"694fa6042605f23495dab247","Srv":"otk","Deleted":false,"Titles":["Создатель, сделал из Вас, Вечных Богов!"]}
{"Id":"62195b9e5d5a11c6eb22ae89","Deleted":false,"Active":false,"DateChange":"2025-12-27T12:26:55.652+03:00"}
{"Data":{"Next":"poems/27.12.25","NoFooter":false,"PoemOutDict":false,"Titles":null,"Number":"№26 (3511)"},"Active":true,"Catalog":"570ef2fcd07cda3e16f93ef7","Description":"<p class=\"poem\">Жизнь, Ваша полна неожиданностей и, одновременно, проблем!<br>\nНо, есть, и, в общем, Пространстве, своя закономерность!<br>\nЧеловек &ndash; это частный случай, в общечеловеческой дилемме!<br>\nДля людей и для самой Планеты, совсем разная мерность!</p>\n\n<p class=\"poem\">Люди, на Планете, должны включаться в Единый Путь!<br>\nЭто Путь Создателя и всех его частиц, составляющих!<br>\nСоздатель, в Новой Эпохе решил изменить частиц Суть!<br>\nСоздатель, хочет установить, для всех, Одно направляющее!</p>\n\n<p class=\"poem\">Вам, посчастливилось родиться в этот период!<br>\nВы, должны при жизни, занять Новое положение!<br>\nВас, ждёт Исторический в Небо переход!<br>\nВас, ожидает Истины Мира сего, постижение!</p>\n\n<p class=\"poem\">Вы, получили от Бога Знания, значит, Вы к переходу готовы!<br>\nВам, теперь, надо проявить собственное желание!<br>\nДля Начала перехода в Боги, для Вас необходим повод!<br>\nВам, только надо проявить к Вершине совершенства, стяжание!</p>\n\n<p class=\"poem\">Вам, очень важно, проявить свою Волю!<br>\nИбо, без желания человека, в Мире ничего не бывает!<br>\nПомните, что в жизни человека, постоянно, меняется его Доля!<br>\nЧеловек, при жизни прошлое своё забывает!</p>\n\n<p class=\"poem\">Вы, знаете, уже, от Меня, что вы &ndash; вечны!<br>\nВы, уже проходили прошлые года и столетия!<br>\nТолько, сегодня, Я, для Вас исключил беспечность!<br>\nНовая жизнь в Духе, подчеркнёт, важность междулетья!</p>\n\n<p class=\"poem\">Вы, проходили прошлых веков, созерцания!<br>\nСоздатель, искал для Вас, наилучшие сочетания!<br>\nЭти эксперименты были для Вас, часто, как скитания!<br>\nЭто, было ради Высшего Разума, понимания!</p>\n\n<p class=\"poem\">Вы проходили давно и ничего из этого, не помните!<br>\nИбо, были, чаще всего, словно, в скитаниях!<br>\nНо, в Новой Эпохе, Вы, Память столетий, себе вернёте!<br>\nПотому, что в Шестой Эпохе, будет очень важна фантазия!</p>\n\n<p class=\"poem\">Вы поймёте, что Вам, Богам, прошлое тоже надо!<br>\nОпыт, прежних Эпох, будет поддержкой!<br>\nПеред Вами больше, не возникнут преграды!<br>\nВы, продемонстрируете Богов, выдержку!</p>\n\n<p class=\"poem\">Вы, ещё не Боги, а только, Ученики Создателя!<br>\nВас, ждёт Великое в Духе Возвышение!<br>\nВы, уже совершенством в Духе, обладатели!<br>\nВы, доказали своё к будущему, стремление!</p>\n\n<p class=\"poem\">Вы, прошли все Испытания, в конце Пятой Эпохи!<br>\nС вами рядом, всегда был и есть, Последний Пророк!<br>\nВокруг Вас, собрались Великих Богов, крохи!<br>\nВы, прошли в Пятой Эпохе, последний урок!</p>\n\n<p class=\"poem\">Вы, в Пятой Эпохе, подписали Договор с Богом!<br>\nФактически, было согласовано с Вами, Общее Мнение!<br>\nТеперь, в Шестой Эпохе, Договор станет Вечным Итогом!<br>\nЧтобы, навечно, зафиксировать России поведение!</p>\n\n<p class=\"poem\">Создатель, скоро проведёт последние Испытания!<br>\nНа чистоту Мыслей и уровень Сознания!<br>\nВы, навечно, прекратите, все в Духе скитания!<br>\nУ Вас, как и у Меня, будет Единое Истины, понимание!</p>\n\n<p class=\"poem\">Теперь, Вы проявите, Ваше мнение, Там!<br>\nТам &ndash; это в Пространстве Великого Космоса!<br>\nСоздатель, доверяет реализовать Идею Космизма Вам!<br>\nЭто будет для Вечной Тьмы, тормозом!</p>\n\n<p class=\"poem\">Ещё, немного и Создатель даст Вам знак Начала!<br>\nВы, шагнёте вперёд уже Богами!<br>\nВы забудете, прошлых веков, печали!<br>\nИбо, Вы скоро станете жить над облаками!</p>\n\n<p class=\"noind\">Да будет Свет Истины!<br>\nОтец Абсолют или Высший Космический Разум!</p>","Files":null,"Date":"2025-12-26T10:58:32.397+03:00","DateChange":"2025-12-26T10:59:27.274+03:00","Link":"poems/26.12.25","Id":"694e4043d46af3e30f9a9fc9","Srv":"otk","Deleted":false,"Titles":["Ещё немного и Создатель даст Вам Знак Начала!"]}
{"Data":{"Next":"poems/26.12.25","NoFooter":false,"PoemOutDict":false,"Titles":null,"Number":"№25 (3510)"},"Active":true,"Catalog":"570ef2fcd07cda3e16f93ef7","Description":"<p class=\"poem\">Вас, позовёт Небо, точнее, Создатель, в нужный час!<br>\nРоссия, подготовленная для творения в Духе, команда!<br>\nВы, уже выполнили, от Создателя, необходимый Приказ!<br>\nУ Вас, Высшая для людей-Богов, в Духе, Монада!</p>\n\n<p class=\"poem\">Вы, при одной жизни, прошли полный Курс!<br>\nВы, можете творить Мир, уже, в Новой Эпохе!<br>\nУ Вас, в Духе, от Неба, самый надёжный пульс,<br>\nВы, можете подняться до Звёзд, на одном вздохе!</p>\n\n<p class=\"poem\">Вы, резко, отличаетесь на Планете, от людей, которые есть!<br>\nВы, подготовлены жить в Небе, по условиям Шестой Эпохи!<br>\nТакой, результат Вашей подготовки, совсем, не месть!<br>\nВам, в этих условиях Неба, не нужно тело или ноги!</p>\n\n<p class=\"poem\">Белый Царь, волнуется, насколько готовы Вы?<br>\nЕсть взгляд на всё, со стороны, уже, Нового человека!<br>\nУ Создателя есть мнение, что кто, если не Вы?<br>\nВы, будете готовы шагнуть в Новые, совершенно, века!</p>\n\n<p class=\"poem\">Вы, внешне, сегодня, не должны, значительно, меняться!<br>\nСегодня, ещё нет времени для Высоких вибраций!<br>\nЕщё не наступило время, Вам самим в Боги, постучаться,<br>\nВаше, мгновенное преображение, будет Создателя акцией!</p>\n\n<p class=\"poem\">На этой Планете есть много, для людей, Тайн и Чудес!<br>\nЛюди, пока не готовы, понять ничего!<br>\nПеред Вами, пока в Духе, Материи занавес!<br>\nСоздатель, в нужный Момент, откроет для Вас, всё!</p>\n\n<p class=\"poem\">Сегодня, Вы на пределе, своих в Духе, возможностей!<br>\nВы, для Создателя, в наступающий, Новый Мир, предтеча!<br>\nПри разделении Эпох, пока существуют сложности!<br>\nСоздатель, готовит свою, с людьми-Богами, встречу!</p>\n\n<p class=\"poem\">Белый Царь прав, ибо не всё, среди Вас готово!<br>\nНикто, из Вас не знает, когда наступит и Завтра?<br>\nВремя, это Пространство для Вас в виде подковы!<br>\nВремя, переменная величина, открывающая Правду!</p>\n\n<p class=\"poem\">Для Вас, есть, узаконенный Создателем, стенд времени,<br>\nФибоначчи число, один из, известных Вам, вариантов!<br>\nЯ, не хочу, чтобы преображение в Духе, стало обременением!<br>\nЯ, не напрасно называл, и называю Вас, Атлантами!</p>\n\n<p class=\"poem\">Вы, ещё не знаете, что такое Пространство!<br>\nВам, ещё не видно строение Неба!<br>\nВы, очень много на Планете странствовали,<br>\nЧтобы, удовлетворить человеческую потребность!</p>\n\n<p class=\"poem\">Сегодня, идёт война Славян и всего Мира, от непонимания!<br>\nБыл Советский Союз, как образец Идеологии!<br>\nСоздатель, передал за 20 лет, необходимые Вам, Знания!<br>\nНо, гордыня людей, привела Планету к патологии!</p>\n\n<p class=\"poem\">Создатель, всё же, повернул Русь к Идеологии!<br>\nЛюди, сами, стали искать неравенству, объяснения!<br>\nНе нужна для будущей России, политэкономия!<br>\nК людям-Богам, пришло, в Духе, наконец, разъяснение!</p>\n\n<p class=\"poem\">Вы, сегодня, для Бога, как будущий потенциал!<br>\nТеперь, Создатель, видит Планетарное изменение!<br>\nПланета, станет, как Великого Сотворчества, Залом!<br>\nГде, Вы, найдёте для себя, применение!</p>\n\n<p class=\"poem\">Задача, Создателя, подготовить Вам почву!<br>\nПочву, для Вашей в Духе, трансформации!<br>\nЯ, конечно, все Ваши особенности, живых Богов, учту!<br>\nВы, начнёте позднее, Вашу, кристаллизацию!</p>\n\n<p class=\"poem\">Вы, вырвались из тисков, одномерной, Материи!<br>\nЭто, на сегодня, Ваше, самое важное, достижение!<br>\nВы, в Пятой Эпохе, прошли, многочисленные, потери!<br>\nВы, достигли, впервые, Истины постижения!</p>\n\n<p class=\"poem\">Повторяю, Вы, ещё, не совсем Боги, а, полуфабрикат!<br>\nНо, Вы, такие и нужны в самом Начале, Нового века!<br>\nСоздатель, уже с Вами, подготовил Контракт!<br>\nВы, готовите, Новую из России, в Духе, Мекку!</p>\n\n<p class=\"noind\">Да будет Свет Истины!<br>\nОтец Абсолют или Высший Космический Разум!</p>","Files":null,"Date":"2025-12-25T11:42:27.069+03:00","DateChange":"2025-12-25T12:34:36.468+03:00","Link":"poems/25.12.25","Id":"694cf921d46af3e30f9a9fc6","Srv":"otk","Deleted":false,"Titles":["Вы, интересны для Бога, как будущий Потенциал!"]}
{"Data":{"Next":"poems/25.12.25","NoFooter":false,"PoemOutDict":false,"Titles":null,"Number":"№24 (3509)"},"Active":true,"Catalog":"570ef2fcd07cda3e16f93ef7","Description":"<p class=\"poem\">Спектакль, Преображения подходит к концу для всех!<br>\nДве Эпохи сошлись на Миг, неожиданно, вместе!<br>\nОни, скоро, разойдутся без взаимных помех!<br>\nОстанется, от Пятой Эпохи, только, пустое место!</p>\n\n<p class=\"poem\">Теперь, начинается Спектакль, но, уже, для других!<br>\nСоздатель, подобрал для этого, новых актёров!<br>\nЗавтра, настанет для этих актёров, первый Миг!<br>\nВпереди, для них Новая в Небо стезя, без поворотов!</p>\n\n<p class=\"poem\">Новые актёры, уже изучили слова, своих ролей!<br>\nСоздатель, некоторых из них, готовил 20 лет!<br>\nДля них, уже подготовлены Богом, особые доли!<br>\nИ, конечно, в Великий Космос, билеты!</p>\n\n<p class=\"poem\">Создатель, выбрал и Белого Царя вовремя!<br>\nСпектакль, не может быть без руководителя!<br>\nБелый Царь, должен с исполнителей убрать бремя!<br>\nРусские, будут в Спектакле, исполнителями!</p>\n\n<p class=\"poem\">Теперь, Мир разделён Создателем на две части!<br>\nЛюди Пятой Эпохи, будут скоро отсутствовать!<br>\nШестая Эпоха, состоит из Богов, разной масти!<br>\nБез решения Создателя, они ещё не могут начать!</p>\n\n<p class=\"poem\">Право управления, принадлежит Белому Царю!<br>\nЭто, соответствует пожеланиям Народа!<br>\nСоздатель, много веков готовил Его не зря!<br>\nВ Нём скрыта, Древних Ариев порода!</p>\n\n<p class=\"poem\">К управлению Планеты, можно сказать, вернулись Арии!<br>\nНет, древнее людей от Начала или от Истоков!<br>\nПланета &ndash; это их Земля со всеми акваториями!<br>\nБелый Царь, возродит Древних Ариев, потоки!</p>\n\n<p class=\"poem\">Пятая Эпоха прошла, как первый Эксперимент!<br>\nЛюди, доказали свою неспособность к Единому Миру!<br>\nГордыня и жадность, сократили активной жизни, момент!<br>\nЭто для Пятой Эпохи, стало последней увертюрой!</p>\n\n<p class=\"poem\">Теперь, Создатель будет опираться на Ариев!<br>\nЧерез, несколько поколений, будет восстановлен Род!<br>\nСкоро на Планете, будет один Род и одна Армия!<br>\nВернётся в Космос, одна от Создателя, Богов Порода!</p>\n\n<p class=\"poem\">Время перехода &ndash; это время и чистки!<br>\nНужно вернуть Сознание людей к Началу Начал!<br>\nСчитайте, что на этом закончится мистика!<br>\nОткроется на Планете Святой Руси, причал!</p>\n\n<p class=\"poem\">Вы, подниметесь до уровня, как было раньше!<br>\nБудет построен, Вашей силой, Новый Союз!<br>\nВы, будете видеть намного дальше!<br>\nВы, поймёте, кто придумал для Союза юз!</p>\n\n<p class=\"poem\">Не будет больше, никогда, в стране партий!<br>\nБудет в стране от Создателя Конституция!<br>\nКаноны и Заповеди, Создателя будут гарантией!<br>\nВернулась к Началу страны, конструкция!</p>\n\n<p class=\"poem\">Заповеди Создателя будут объединены,<br>\nОни, составят Правила внутреннего поведения!<br>\nПустые слова и условия, будут отменены!<br>\nНачнётся в Небо, людей-Богов движение!</p>\n\n<p class=\"poem\">Теперь, в Духе развернётся сотворчество!<br>\nЭто будет Вершиной существования Богов!<br>\nБоги, сами, наконец, сотворят Отечество!<br>\nТворящее, Новые Миры, без оков!</p>\n\n<p class=\"poem\">Россия, сможет составить Новые Планы!<br>\nБоги, смогут творить с самых Вершин!<br>\nОстанутся в памяти, финансовые кланы!<br>\nНе будет для творящего, рабов или меньшинств!</p>\n\n<p class=\"poem\">Планета, останется для Космоса, примером!<br>\nПримером, внутреннего очищения!<br>\nРоссия, будет примером Истинной Веры!<br>\nИ бескорыстного Создателю, служения!</p>\n\n<p class=\"poem\">Главное, Вам надо начать всё, с Начала!<br>\nВы прошли, для Богов Школу Творца!<br>\nНадо, отбросить в сторону, все печали!<br>\nВам, больше не потерять, никогда своего лица!</p>\n\n<p class=\"noind\">Да будет Свет Истины!<br>\nОтец Абсолют или Высший Космический Разум!</p>","Files":null,"Date":"2025-12-24T11:28:39.447+03:00","DateChange":"2025-12-24T11:29:50.136+03:00","Link":"poems/24.12.25","Id":"694ba459d46af3e30f9a9fc5","Srv":"otk","Deleted":false,"Titles":["К управлению Планетой, можно сказать, вернулись Арии!"]}
{"Data":{"Next":"poems/24.12.25","NoFooter":false,"PoemOutDict":false,"Titles":null,"Number":"№23 (3508)"},"Active":true,"Catalog":"570ef2fcd07cda3e16f93ef7","Description":"<p class=\"poem\"><b>Мир, делится Небом на части: одна на Дно, а вторая, на Небо!<br>\nНо, разделение не получилось, на равенство частей!<br>\nДля малой части, разделение, было, указано на Быль,<br>\nДля большей части, разделение коснулось костей!</b></p>\n\n<p class=\"poem\">Получилось не ровно, ибо Цели и Задачи, были разные!<br>\nКаждый человек, по-разному отнёсся к своей задаче!<br>\nУ большинства людей, Цель жизни, очень праздная!<br>\nЦель жизни людей в Боги, была от Бога с придачей!</p>\n\n<p class=\"poem\">Часть России, потянулась в Небо, до самого Бога!<br>\nОни, услышали слова Создателя, обращённые к человеку!<br>\nОни, поставили для себя Задачу, достичь уровня Бога,<br>\nОни, мечтали восстановить Русь, как Новую Мекку!</p>\n\n<p class=\"poem\">Впереди для них, была Цель: Великая Русь в Духе!<br>\nНе было, для них, другой Цели, на Свете!<br>\nНужны, были от Бога Знания, на фоне своей потуги!<br>\nОни, начали жить, словами Создателя, в Завете!</p>\n\n<p class=\"poem\">Завет, Создателя, определил Цели и для людей, условия!<br>\nСоздатель, указал для них, направление вверх!<br>\nСоздатель, предложил убрать все сословия,<br>\nИбо, Дух, на Планете, исканий, из-за них померк!</p>\n\n<p class=\"poem\">Создатель, не говорил, как это будет для людей, долго!<br>\nЛюди, ожидали короткий, как Миг, переход!<br>\nНо, очень долго, течёт по Руси, река Волга!<br>\nНе предполагалось, жизнь людей, изменить за скачок!</p>\n\n<p class=\"poem\">Подготовка или Школа Творца, затянулись на 20 лет!<br>\nСчитайте, что это третья часть, жизни!<br>\nЛюди, решили оставить в Пространстве свой след!<br>\nНа такой срок, жизнь человека, не бывает лишней!</p>\n\n<p class=\"poem\">Остались, в строю Спартанцы или Небесная Рать!<br>\nНа период перехода людей в Боги!<br>\nОни, получили от Бога Знания и Небесную стать!<br>\nОни, оказались лучшими, по этим Итогам!</p>\n\n<p class=\"poem\">Дело, конечно, не в количестве, а, в качестве!<br>\nИбо, один воин в Духе, стоит десятерых!<br>\nЕсли, Вы создадите в Духе из них Отечество,<br>\nТо, Победа Света над Тьмой, будет достигнута Вмиг!</p>\n\n<p class=\"poem\">Теперь, Мне видно, что в Духе, будет этих Богов, Победа!<br>\nПри правильном направлении, этим воинам нет цены!<br>\nПланету, больше никогда, не коснётся беда!<br>\nВы больше никогда не услышите, слова &laquo;измена&raquo;!</p>\n\n<p class=\"poem\">Теперь, любые Задачи Создателя, Вам по силам!<br>\nЛюди-Боги – это, особая, на Планет стать!<br>\nБоги, будут побеждать всех в Духе, забыв про вилы!<br>\nЭто есть, непобедимая в Духе, Рать!</p>\n\n<p class=\"poem\">Люди воюют, сегодня, техникой, как, встарь!<br>\nРоссия, будет побеждать всех в Духе!<br>\nВпереди, России, сегодня, уже Белый Царь!<br>\nТонкий план, не видим и не слышен ухом!</p>\n\n<p class=\"poem\">Победа в Духе &ndash; это без крови, уничтожение!<br>\nВ Природе, не остаётся никакой информации!<br>\nТонкий План &ndash; это невидимое движение!<br>\nЭто незаметная в Материи, людей-Богов акция!</p>\n\n<p class=\"poem\">Россия, переходит в Дух, без последствий!<br>\nВы те же, но, в Духе, Вы, сильнее всех!<br>\nОт Вашего воздействия на людей, нет следствий!<br>\nДля Вас, из прошлого, не будет никаких помех!</p>\n\n<p class=\"poem\">Вы, заберёте с собой тех, кто с Вами вместе!<br>\nИ не важно, при этом, кто и какой, национальности!<br>\nРоссия, будет в Мире Духа, особым Местом!<br>\nКритерием людей-Богов, будет в Духе, активность!</p>\n\n<p class=\"poem\">Не важно, кто, из Богов, будет под Стягом Святой России!<br>\nСоздатель, уже утвердил, Ваш Новый Гимн!<br>\nГлавное,  Вами управляет Белый Царь &ndash; Мессия!<br>\nНесущий на челе своём, Святого человека, Нимб!</p>\n\n<p class=\"poem\">Теперь, Вы начинаете творить самостоятельно!<br>\nВам показан, Создателем Путь в Небо!<br>\nВы, как Планета Святая Русь для Космоса, состоялись!<br>\nДля, Планетарного Пространства Вы, уже, Быль!</p>\n\n<p class=\"poem\">Небом утверждено, что Вы в деле!<br>\nГоризонты открыты для Вас навсегда!<br>\nВы, Высший Разум и Сознание, почти, без тела!<br>\nЗначит, Вы, теперь, не остановитесь никогда!</p>\n\n<p class=\"noind\">Да будет Свет Истины!<br>\nОтец Абсолют или Высший Космический Разум!</p>","Files":null,"Date":"2025-12-23T12:35:48.006+03:00","DateChange":"2025-12-23T12:36:59.765+03:00","Link":"poems/23.12.25","Id":"694a6295c21f95f525994e76","Srv":"otk","Deleted":false,"Titles":["Россия переходит в Дух, без последствий!"]}
{"Data":{"Next":"poems/23.12.25","NoFooter":false,"PoemOutDict":false,"Titles":null,"Number":"№22 (3507)"},"Active":true,"Catalog":"570ef2fcd07cda3e16f93ef7","Description":"<p class=\"poem\"><b>Мир, занят Праздником, а не Квантовым Переходом!<br>\nВсех людей, интересует переход в Новый год!<br>\nНо, известно, что неожиданности будут идти потоком!<br>\nЛюди, не понимают, что скоро изменится жизни, код!</b></p>\n\n<p class=\"poem\">Люди, считают, что всё продолжится, как всегда!<br>\nОднако, приближается Эпоха, совсем, другая!<br>\nЖизнь, человечества, вдруг, изменится, навсегда!<br>\nЖизнь, будет обычная для большинства, а для кого-то Святая!</p>\n\n<p class=\"poem\">Люди, в основном, не готовы, принять изменения!<br>\nИм, кажется, что ничто в Мире, уже, не изменится!<br>\nИм, известно, что Россия начала в Боги, движение!<br>\nЛюди, не представляют, что может в Мире случиться!</p>\n\n<p class=\"poem\">Никто, никогда, из людей, не встречался с этим!<br>\nВ памяти, прошлых веков, встречались только Цунами!<br>\nЗемлетрясениями Создатель, прошлые поколения, метил!<br>\nПланета, внешне, тоже менялась в прошлом, веками!</p>\n\n<p class=\"poem\">Люди, не знают, что было с Планетой раньше!<br>\nЛюди, ведут свой отсчёт времени, совсем, недавно!<br>\nЛюди, не знают, что в летописях, Правда, а что фальшь!<br>\nИм, совершенно, не ясно, что было очень давно!</p>\n\n<p class=\"poem\">Поэтому разговоры о прошлом &ndash; это &laquo;в пользу бедных&raquo;!<br>\nЛюди, продолжают жить настоящим, как всегда!<br>\nОчень много, событий было на Планете, заметных!<br>\nИнформации о смене Эпох, на Планете, не было никогда!</p>\n\n<p class=\"poem\">Надвигается, Эпоха Созвездия Водолея, длиной 26000 лет!<br>\nИ это, касается, прежде всего, России!<br>\nЕй, на этот срок, подготовлен Богом в Космос, билет!<br>\nИ подготовлен на этот период от Создателя, Мессия!</p>\n\n<p class=\"poem\">Повторяю, Шестая Эпоха, получается, специально, для Вас!<br>\nУ каждой страны, в Мире, есть свой Знак Зодиака!<br>\nСкоро, в следующем Году, проявится России час!<br>\nНа Небе, проявится Созвездия Водолея Знак!</p>\n\n<p class=\"poem\">Это говорит о том, что всё, неожиданно, в Мире изменится!<br>\nСоздатель, вместе, с Россией, начнёт Преображение!<br>\nЧастотный спектр на Планете переменится!<br>\nНачнётся, Эпохальное, на Планете перестроение!</p>\n\n<p class=\"poem\">Человечество, вдруг, разделится на людей и на Богов!<br>\nЛюди-неверия, уйдут из Планеты, сразу!<br>\nОстанутся, только, подготовленные, люди-Боги в итоге!<br>\nВысокие частоты, Эпохи, для людей-Богов не преграда!</p>\n\n<p class=\"poem\">Россия, для Мира сего, будет в качестве ориентира!<br>\nСоздатель, подготовил для Неё Пророка-Мессию!<br>\nТонкий план, станет Основой Шестой Эпохи Мира,<br>\nСоздатель, для подготовки Богов, открыл Учебную Сессию!</p>\n\n<p class=\"poem\"><b>Человечество, не верит, что такое может случиться!<br>\nЛюди, продолжают на войне, делить территории!<br>\nЛюди не ожидают, что Переход может случиться,<br>\nЧто, могут поменяться межу собой, территория с акваторией!</b></p>\n\n<p class=\"poem\">Такое бывало, уже, не один раз, в других Эпохах!<br>\nЛюди, запомнили своё проявление, совсем недавно!<br>\nСегодня, заканчивается, последняя, Эпоха людей,<br>\nНаступило время, перейти в Новую Эпоху, давно!</p>\n\n<p class=\"poem\">Люди, долго, не обращали внимания, на свою Историю!<br>\nНаука, не может ничего объяснить!<br>\nЕю предложены различные идеи и теории,<br>\nНо, не получилось объяснить, присутствие Создателя, категории!</p>\n\n<p class=\"poem\">Россия, изучала человеческого Сознания, развитие,<br>\nРациональный подход в Науке не получился!<br>\nРоссия, пыталась объяснить Сознание человека и бытие!<br>\nПонимание Создателя, у людей, только приоткрылось!</p>\n\n<p class=\"poem\">В Новой Эпохе, надо  предлагать Новый взгляд!<br>\nРоссия, вспомнила свой Путь, в Союз и в Равенство!<br>\nСоздатель, выделил из России, с Белым Царём, отряд!<br>\nЧтобы, ликвидировать в Новой Эпохе, неравенство!</p>\n\n<p class=\"poem\">Создатель, передал для Руси, Свои Знания!<br>\nБог, решил, что нужно подготовить в Духе Русь!<br>\nВ Созвездии Водолея, к Ней придёт понимание!<br>\nЗа 20 лет Школы Творца, Русью пройдён, такой, Путь!</p>\n\n<p class=\"poem\">Россия подготовлена к Квантовому Переходу!<br>\nЛюди, освоили проблемы этого Пути!<br>\nРоссия, уже стоит, около Создателя Входа!<br>\nДля Шестой Эпохи, человек-Бог &ndash; это Главная Суть!</p>\n\n<p class=\"poem\">Теперь, всё, на Планете сбудется!<br>\nГлавное, впереди для людей-Богов есть стезя!<br>\nЛюди, действительно, Богами состоятся,<br>\nИ, теперь, уже, не на Век, а Навсегда!</p>\n\n<p class=\"noind\">Да будет Свет Истины!<br>\nОтец Абсолют или Высший Космический Разум!</p>","Files":null,"Date":"2025-12-22T11:12:35.627+03:00","DateChange":"2025-12-22T12:17:08.174+03:00","Link":"poems/22.12.25","Id":"6948fd98224462e06620ec14","Srv":"otk","Deleted":false,"Titles":["Россия, подготовлена к Квантовому Переходу!"]}
{"Data":{"Next":"poems/22.12.25","NoFooter":false,"PoemOutDict":false,"Titles":null,"Number":"№21 (3506)"},"Active":true,"Catalog":"570ef2fcd07cda3e16f93ef7","Description":"<p class=\"poem\">Люди, уже, включились в сражение!<br>\nВ сражение, за Новое человечество!<br>\nТьма, ожидает от людей-Богов, поражения!<br>\nНо, будет Духа Святого, владычество!</p>\n\n<p class=\"poem\">Вы, прошли период подготовки!<br>\nОпределённый, самим Создателем!<br>\nВы, сотворили Спектакля, постановку!<br>\nВы, исключили из своих рядов, обывателей!</p>\n\n<p class=\"poem\">Вы, прошли Путь длиной в 20 лет!<br>\nТакого, Пути не проходил, никто!<br>\nВы, получили от Бога, в Небо билет!<br>\nИз Вас, получилось Бога звено!</p>\n\n<p class=\"poem\">Путь был труден, без объяснения!<br>\nТребовалось, изучить Знания!<br>\nНе было, долгого сопровождения!<br>\nТруден, Путь, своего осознания!</p>\n\n<p class=\"poem\">Люди, собраны, были разные, во всём!<br>\nИ, в характере и в упорстве!<br>\nЛюди, обсуждали, эту жизнь взаём!<br>\nБыли люди, показавшие себя, в позёрстве!</p>\n\n<p class=\"poem\">С самого начала, был отбор людей!<br>\nНе все, согласились с требованиями!<br>\nСоздателю, было, кто есть кто, видней!<br>\nМного было людей, и в заблуждениях!</p>\n\n<p class=\"poem\"><b>Начало, как всегда, было труднее, всего!<br>\nИбо, Цель, не была понятна, людям!<br>\nЧеловека, не пускало ввысь, его тело!<br>\nОсознание себя, было для человека, прелюдией!</b></p>\n\n<p class=\"poem\">Прелюдия &ndash; это слова к людям, от Создателя!<br>\nОбъясняющие, переход в Дальние Дали!<br>\nБыло, очень много, просто обывателей!<br>\nМечтающих, к Создателю перейти!</p>\n\n<p class=\"poem\">Была, среди людей, эйфория идти вперёд!<br>\nНо, не для всех, была ясна дорога!<br>\nНе был сплочённым, тогда, Народ!<br>\nНе все понимали, с какого, начать Порога!</p>\n\n<p class=\"poem\">Люди, помнили Союз и жизнь!<br>\nБыла Великая, впереди Идея!<br>\nПредполагалось, в Равенстве жить!<br>\nСегодня, Союз был превращён в Помпеи!</p>\n\n<p class=\"poem\">20 лет ожиданий и пустых Надежд!<br>\nСоздатель, говорил, что всё возможно!<br>\nОказалось, что во власти, много невежд!<br>\nБез Идеи, подниматься вверх, сложно!</p>\n\n<p class=\"poem\">Люди, уходили, совсем, не дожидаясь!<br>\n20 лет ожиданий, сложно, при жизни!<br>\nЛюди, при такой жизни, менялись!<br>\nМного людей, оказались лишними!</p>\n\n<p class=\"poem\">Страна, падала вниз, увлекая людей!<br>\nБыли, тогда, два Пути определены!<br>\nДля людей, Гордыня стала милей,<br>\nЛюди, падали на Дно, одновременно!</p>\n\n<p class=\"poem\">Уходили из жизни, тысячи, без Идеологии!<br>\nОставались, лишь сотни, в Духе!<br>\nВ стране, развивалась и патология!<br>\nО том, что Россия поднимется, ходили слухи!</p>\n\n<p class=\"poem\"><b>Но, часть России упорно ждала!<br>\nУпорство &ndash; это предтеча Победы!<br>\nРусь, стержень свой в Духе, нашла!<br>\nРусь, пережила все, от властей, беды!</b></p>\n\n<p class=\"poem\">300 Спартанцев создали строй!<br>\nСтрой, непобедимого Целого!<br>\nЭто, незаметно, бывает порой!<br>\nСоздатель, предложил им, Царя Белого!</p>\n\n<p class=\"poem\"><b>Теперь, есть Создатель, Царь и Народ!<br>\nПусть не миллионы, но в Духе!<br>\nТеперь, Россия выполнит свой Переход!<br>\nРоссии, хватит, и своей в Духе, потуги!</b></p>\n\n<p class=\"poem\"><b>Создатель, оценил упорство в Духе людей!<br>\nУпорство, сдвигает Моря и Горы!<br>\nБудущее Планеты стало для Вас, видней!<br>\nДля России, теперь не страшны, Тьмы угрозы!</b></p>\n\n<p class=\"poem\"><b>Победа &ndash; это Гимн смелых!<br>\nРоссия, показала Миру, пример, упорства!<br>\nНад Планетой, будет Свет Белый!<br>\nСвятая Русь &ndash; это в Духе Совершенство!</b></p>\n\n<p class=\"noind\">Да будет Свет Истины!<br>\nОтец Абсолют или Высший Космический Разум!</p>","Files":null,"Date":"2025-12-21T11:58:02.5+03:00","DateChange":"2025-12-21T11:59:49.461+03:00","Link":"poems/21.12.25","Id":"6947b6c9f43391043c8207b9","Srv":"otk","Deleted":false,"Titles":["Создатель, оценил упорство в Духе людей!"]}
