{"Data":{"Next":null,"NoFooter":false,"PoemOutDict":false,"Titles":[],"Number":null},"Active":true,"Catalog":"5eeb5170ee6d7619745b6675","Description":"<h3>ИМПУЛЬС ЭНЕРГИИ ДУХОВНОЙ ВОЛНЫ НА ФОРМИРОВАНИЕ ПРОСТРАНСТВА СВЯТОЙ РУСИ!</h3>","Files":[{"Id":"6744cb9fb054cd0285ec1734","Path":"2-Timekeeping_Spiritual_Wave.jpg","Name":"2-Timekeeping_Spiritual_Wave.jpg","Store":0,"NoToGallery":false},{"Id":"6744cba2b054cd0285ec1738","Path":"3-The_Path_of_the_impulse.jpg","Name":"3-The_Path_of_the_impulse.jpg","Store":0,"NoToGallery":false}],"Date":"2024-12-13T00:00:00+03:00","DateChange":"2024-12-13T03:10:04.707+03:00","Link":"","Id":"62195b9e5d5a11c6eb22ae89","Srv":"otk","Deleted":false,"Titles":["ДУХОВНАЯ ВОЛНА"]}
{"Data":{"Next":null,"NoFooter":false,"PoemOutDict":false,"Titles":null,"Number":"№348 (3131)"},"Active":true,"Catalog":"570ef2fcd07cda3e16f93ef7","Description":"<p class=\"poem\">Ближе к финишу, борьба за жизнь, только, обостряется!<br />Трамп понял, что Ему надо проявить инициативу!<br />Трамп к Лидерству в Мире, теперь, сам склоняется!<br />Он увидел в своих действиях для Мира сего, перспективу!</p>\n<p class=\"poem\">Как ни крути, но США &ndash; это Мировой Лидер!<br />Россия, после Союза, потеряла в Мире, свои позиции!<br />От самой России, как и от Мира, осталось, только, Имя!<br />Только, Создатель может вернуть России Её акции!</p>\n<p class=\"poem\">Россия, уже 20 лет, готовится Богом к этому!<br />Подписан Договор Бога с Россией, навечно!<br />Власть России не понимает выражение: &laquo;быть Тому&raquo;!<br />Нельзя Народу и власти относиться к этому беспечно!</p>\n<p class=\"poem\">Договор с Богом, значит, согласованная всеми, Программа!<br />Соглашение России с Создателем, на Новую уже, Эпоху!<br />Россия не должна в этой войне, потерять ни грамма!<br />Россия должна соответствовать Небесному, уже, потоку!</p>\n<p class=\"poem\">Новая Эпоха принесёт Миру резкие изменения!<br />Война с Украиной, пример, в Духе несоответствия!<br />Народ изменил Историческое Руси предназначение!<br />Страна, по воле одного человека, упала в бесславие!</p>\n<p class=\"poem\">За это лидеры России, сильно, потом, пострадают!<br />Пожалеют о содеянном и их Роды, впоследствии!<br />Такое впечатление, что лидеры страны всё забывают!<br />Страна из-за них шагнула, надолго, в безвестие!</p>\n<p class=\"poem\">20 лет понадобилось Создателю для исправления!<br />Создатель для этого выделил с Неба Мессию!<br />Пришлось объявить Новое в Духе направление,<br />Школа Творца &ndash; это подготовка людей-Богов, Сессия!</p>\n<p class=\"poem\">Сегодня, два события отпечатались на Небе:<br />Инаугурация Президента США в Январе!<br />Выпускники Школы Творца нужны для Победы,<br />Первый выпуск состоится, тоже, в Январе!</p>\n<p class=\"poem\">К этому времени, Создатель начнёт чистить Россию!<br />Россию, от опустившейся в Духе, власти!<br />Россию, очень скоро в жизни будет представлять Мессия!<br />Вот, когда в этом Мире закипят страсти!</p>\n<p class=\"poem\">Повторяю, что у Трампа есть шанс изменить позицию!<br />Трампу нужно достичь, Великого перемирия сторон!<br />Возможно, в конце Января, достижение согласованной Акции,<br />Тогда, станет возможным, остановить в Мире урон!</p>\n<p class=\"poem\">Впервые, за стол сядут человек и Представитель Неба!<br />Такого не было, за все тысячелетия, ни одного раза!<br />Может быть остановлена война, или Мировая беда!<br />Планета изменится, поверьте, на глазах людей, сразу!</p>\n<p class=\"poem\">Историческое событие высветится, наконец, в веках!<br />Впервые Творец, будет разговаривать с человеком!<br />Впервые существование Планеты будет на весах,<br />Пятая Эпоха может закончиться уникальным веком!</p>\n<p class=\"poem\">Люди, впервые, не уйдут в безвестие, и в бесконечность!<br />Они поймут, что Творец всем людям дал шанс!<br />Вот, когда каждый человек забудет слово &laquo;беспечность&raquo;!<br />Ибо, Создатель объявил Великого спасения час!</p>\n<p class=\"poem\">Трамп, подтвердил, что Он не политик, а, человек, дела!<br />Мессия, от Создателя, тоже, не политик!<br />Они согласятся сесть за стол переговоров смело!<br />Каждый поймёт, что Создатель дал Роль Исторического винтика!</p>\n<p class=\"poem\">Прежде, все события на Планете, шли накатом!<br />Эволюция Сознания человека не имела значения!<br />Поэтому в Истории человечества, многое прошло прахом!<br />Теперь, человек и Представитель Бога, определят движение!</p>\n<p class=\"poem\">Создатель, предупредил людей о Новых вибрациях!<br />Человека ожидает Квантовый переход в Боги!<br />Поверьте, Преображение Мира &ndash; это эволюции акция!<br />Объединение, усилий Мессии и человека дадут, Итоги!</p>\n<p class=\"poem\">Такое объединение спасёт, почти, всё человечество!<br />Без объединения погибнут миллиарды людей!<br />Америка впервые познает, что такое, Отечество!<br />Это будет лучший, для спасения, людей из Путей!</p>\n<p class=\"poem\"><strong>В Январе, Создатель объявит Имена тех, кто за столом!<br />На Мировой Сцене, впервые, Мессия и человек!<br />Они объявят решение Создателя, для всех, потом!<br />Они, вместе, откроют для человечества Новый век!</strong></p>\n<p class=\"noind\">Да будет Свет Истины!<br />Отец Абсолют или Высший Космический Разум!</p>","Files":null,"Date":"2024-12-12T12:07:02.665+03:00","DateChange":"2024-12-12T13:49:09.458+03:00","Link":"poems/12.12.24","Id":"675aa7bb1230ce25372cb2f5","Srv":"otk","Deleted":false,"Titles":["Впервые, за стол сядут, человек и Представитель Неба!"]}
{"Data":{"Next":"poems/12.12.24","NoFooter":false,"PoemOutDict":false,"Titles":null,"Number":"№347 (3130)"},"Active":true,"Catalog":"570ef2fcd07cda3e16f93ef7","Description":"<p class=\"poem\">События накаляются, не дожидаясь Инаугурации!<br />Сирия, первая, накаляет и без того, хрупкий Мир!<br />Нет, теперь, никакой обнадёживающей информации!<br />Люди потеряли, в этом Мире, последний ориентир!</p>\n<p class=\"poem\">Казалось, что всё прояснится, сразу, после Инаугурации Трампа!<br />Оказалось, что Источник разлада, не только эта война!<br />Лопнула, вдруг, Сирийская твердыня на Востоке, и не только она!<br />Теперь в Мире Европа и Ближняя Азия есть два военных костра!</p>\n<p class=\"poem\">Теперь, ещё до Инаугурации в США, изменятся обстоятельства!<br />Сирия ляжет под Америку и Евреев!<br />Теперь и у США проявятся территориальные стяжательства,<br />В Америке усилятся все проблемы, включая, проблему и геев!</p>\n<p class=\"poem\">Война с Украиной, постоянно, тлеет во времени!<br />Казалось, что в этой войне нет никаких национальных границ!<br />Это война для Руси и Украины отразилась тяжёлым бременем!<br />Но, Россия перед Америкой и НАТО, ещё не пала ниц!</p>\n<p class=\"poem\">Политики считают, что до конца войны, времени совсем немного!<br />После Инаугурации, США, через Трампа, скажет своё слово!<br />Но, Трамп, не ожидает от НАТО, серьёзной подмоги!<br />Пока, не может договориться между собой, Европейское логово!</p>\n<p class=\"poem\">В этот период, России надо внутри, срочно, перестроиться!<br />Власть России ничего не хочет, внутри страны, менять!<br />Создатель предложил, внутри страны в ряды построиться,<br />Россия, под Богом, готова ответственность на себя принять!</p>\n<p class=\"poem\">Противоречия, с властью, начинают расти внутри страны!<br />Страна, как и Мир, разделилась, на два лагеря!<br />Обыватели на стороне власти, зализывают раны,<br />Сегодня, из-за этого страна, несёт очень большие потери!</p>\n<p class=\"poem\">Народ поверил власти в этой войне, несмотря на потери!<br />Никто не объяснил Правду, а, значит, причины и цели войны!<br />Вторая часть людей этой власти ни в чём не верит,<br />Эти люди ждут, проявления Океанической, волны!</p>\n<p class=\"poem\">Для обеих сторон населения, должно быть, ясно, что есть Бог!<br />Прошу Вас, забудьте размышления о религии!<br />Страна должна понимать, что Богом будет подведён Итог,<br />Тогда и окажется, что, Святая в Духе, страна, живёт в веригах!</p>\n<p class=\"poem\">Россия потеряла, вдруг, свои позиции в Сирии!<br />Теперь Ближний восток захватят Евреи и надолго!<br />Но, у России есть от Создателя Спасителя Мира Сессия и люди поверили!<br />Россия всегда была границей Миров по реке Волга!</p>\n<p class=\"poem\">Власть России потеряла, совсем, все ориентиры!<br />Создатель, подтвердил Право Руси, перейти на Небо!<br />Перед Россией Создатель открыл уже все Миры!<br />Планируется, что в Новом году, Русь будет в Духе, и это есть Быль!</p>\n<p class=\"poem\">Повторяю, что всё творящееся в Мире, уже не для России!<br />Сирия сама потеряла, внезапно, свои позиции!<br />У России есть планы с Богом на Шестую Эпоху &ndash; это Миссия!<br />Россию ожидает Монархическая конструкция!</p>\n<p class=\"poem\">Поэтому, встретились сегодня на Планете, Завтра и Прошлое!<br />Они уже разговаривают на разных языках!<br />Управлением Белым Царём уже стало возможным,<br />Святая Русь останется при своих козырях!</p>\n<p class=\"poem\">Сирия уходит в прошлое, предав Россию!<br />Каждая страна решает свою Судьбу по-своему!<br />У России сегодня, определилась, своя Историческая, Миссия!<br />Россия уходит в Небо, а оставшийся Мир, опускается во Тьму!</p>\n<p class=\"poem\">Создатель уже говорил о том, что у Трампа есть шанс!<br />Предложить объединиться Всем, в последнюю Минуту!<br />Наступает, для всего Мира Последний час!<br />Люди, занятые, на войне, этот Миг никогда не забудут!</p>\n<p class=\"poem\">В любом случае, на Ближнем Востоке, началась война!<br />В ней заинтересованы все страны, кроме России!<br />Но, Создателем, против этого, может быть направлена волна,<br />И это, для Мира сего, будет очищением от грехов, Миссия!</p>\n<p class=\"poem\">Сирия разделила этот Мир на две части, окончательно!<br />Не повлияет на это, даже, Инаугурация!<br />Люди ускорили Квантовый Переход, очень, старательно!<br />Россия, теперь независимо ни от чего начнёт свою Акцию!</p>\n<p class=\"poem\">Россия &ndash; это Спаситель Мира сего от Творца!<br />Мессия &ndash; это Белый Царь, уже, от Неба!<br />Люди сами ускорили, Пятой Эпохи, время конца,<br />Шестая Эпоха &ndash; это Эпохи Водолея Быль!</p>\n<p class=\"noind\">Да будет Свет Истины!<br />Отец Абсолют или Высший Космический Разум!</p>","Files":null,"Date":"2024-12-11T11:56:20.536+03:00","DateChange":"2024-12-12T13:48:46.118+03:00","Link":"poems/11.12.24","Id":"67595451e67ad30f00ac8dae","Srv":"otk","Deleted":false,"Titles":["Сирия, разделила Мир на две части, окончательно!"]}
{"Data":{"Next":"poems/11.12.24","NoFooter":false,"PoemOutDict":false,"Titles":null,"Number":"№346 (3129)"},"Active":true,"Catalog":"570ef2fcd07cda3e16f93ef7","Description":"<p class=\"poem\">Для каждого человека, нужен в жизни Мудрый Совет!<br>\r\nКонечно, самый лучший Совет человеку от Создателя!<br>\r\nЧеловек в жизни, должен помнить Главный от Бога Завет!<br>\r\nТакой человек, сильно в Духе отличается от обывателя!</p>\r\n\r\n<p class=\"poem\">Человек подвержен страху и боится всегда боли!<br>\r\nЧтобы от этого защититься, человек готов пойти на всё!<br>\r\nЖизнь человека, в этом отношении, есть вечная доля!<br>\r\nНад человеком, всегда кружит от Тьмы, чёрное вороньё!</p>\r\n\r\n<p class=\"poem\">Сегодня, весь Мир ожидает, Президента США инаугурации!<br>\r\nВ Надежде, что прояснится на Планете патовая ситуация!<br>\r\nНикто не думает о том, что это будет Мировой Тьмы акция!<br>\r\nХотя, никак не останавливается в Мире военная операция!</p>\r\n\r\n<p class=\"poem\">Трамп, конечно, не Миротворец, но, сегодня, он против войны!<br>\r\nВ этом отношении, Трамп хочет остановить сражение!<br>\r\nОн, убеждён, что в этом нет никакой у Него вины,<br>\r\nДаже попытка, остановить войну будет личным Его достижением!</p>\r\n\r\n<p class=\"poem\">Россия упорно стоит на своей позиции, в этой войне!<br>\r\nНо, управляет Россией собственная система подавления!<br>\r\nИ эта ситуация для Мира сего, опаснее вдвойне!<br>\r\nИбо, нет в стране, мудрого, или правильного, управления!</p>\r\n\r\n<p class=\"poem\">Тот, кто стоит у руля России, должен непременно знать,<br>\r\nЧто эта страна всегда, и сейчас, управляется Богом!<br>\r\nДля того, кто не хочет об этом думать, а, тем более, знать,<br>\r\nУправление, Святой страной, обойдётся ему в Духе боком!</p>\r\n\r\n<p class=\"poem\">Нельзя управлять этой страной, отрекаясь от Её Корней!<br>\r\nПланета знает, что у руля России всегда Создатель!<br>\r\nЧтобы управлять Россией, надо понимать, что для Бога важней!<br>\r\nВажен в управлении человек от Бога и никогда обыватель!</p>\r\n\r\n<p class=\"poem\">Сегодня, в России управление, в руках самозванцев!<br>\r\nЛюди, у власти в Правительстве, без Рода и Племени!<br>\r\nДля них управление страной есть коммерческая операция!<br>\r\nНет у этих людей от Бога ни фамилии и ни имени!</p>\r\n\r\n<p class=\"poem\">У системы не бывает имён, а есть только обозначения!<br>\r\nУ тайной власти или системы, так принято всегда,<br>\r\nДля Творца при анализе, в этом нет никакого значения!<br>\r\nИбо, это типичная во всём Мире, тайной власти, среда!</p>\r\n\r\n<p class=\"poem\">Такая власть от коммерции, но не от Создателя!<br>\r\nУ таких людей, нет никаких талантов, творить!<br>\r\nЭто типичные, временные, рвачи &ndash; обыватели!<br>\r\nКоторые могут, любую страну, только, и разорить!</p>\r\n\r\n<p class=\"poem\">Но, сегодня, наступает время уже Новой Эпохи, в Мире!<br>\r\nИ это касается России, в первую очередь!<br>\r\nДля системы управления, все люди живут, словно в тире,<br>\r\nСистема установила для людей, своего порядка перечень!</p>\r\n\r\n<p class=\"poem\">Но, от высоких вибраций Новой Эпохи, никому не уйти!<br>\r\nЕдинственная защита и Спасение &ndash; это Святой Дух!<br>\r\nНо, от системы управления Тайных сил не выйти,<br>\r\nСигналом уничтожения этой системы, будет Красный петух!</p>\r\n\r\n<p class=\"poem\">Создатель начнёт очищение Святой Руси очень скоро!<br>\r\nТочнее, с Начала Нового года!<br>\r\nСоздатель о власти прекратит, напрасные, споры!<br>\r\nРусь, в Новой Эпохе, должна быть в Духе чистой в Итоге!</p>\r\n\r\n<p class=\"poem\">Проходят Экзамены в Школе Творца,<br>\r\nВыпускниками Школы будут люди-Боги!<br>\r\nРоссия, как обычно, в борьбе будет стоять до конца!<br>\r\nРоссия &ndash; это Причал Нового Мира в Итоге!</p>\r\n\r\n<p class=\"poem\">Сегодня, ещё не понятна позиция России в Мире!<br>\r\nТворец уже начал Руси, очищение внутри!<br>\r\nЛюди, ради Вечной жизни, должны изменить ориентир!<br>\r\nТворец уже написал для России Новые календари!</p>\r\n\r\n<p class=\"poem\">Россия открывает Путь в Новый мир!<br>\r\nЭто, пока, Её Программа, на Первый этап!<br>\r\nРоссия, приняла Создателя, как в Духе ориентир!<br>\r\nОна должна расчистить для человечества в Духе проход!</p>\r\n\r\n<p class=\"poem\">Создатель объявит в Январе, Неба Вердикт!<br>\r\nЧеловечество должно знать свою Судьбу!<br>\r\nНе останется на Планете, от прошлого, никакой документ!<br>\r\nЗа Создателем остаётся последний в Партии, ход!</p>\r\n\r\n<p class=\"poem\">Создатель ожидает окончания в Школе Экзаменов!<br>\r\nЭто, самый важный, Эксперимент в России!<br>\r\nТворец подготовил список, главных, параметров,<br>\r\nКонтролировать, которые будет от Неба, Мессия!</p>\r\n\r\n<p class=\"noind\">Да будет Свет Истины!<br>\r\nОтец Абсолют или Высший Космический Разум!</p>\r\n","Files":null,"Date":"2024-12-10T13:02:26.145+03:00","DateChange":"2024-12-10T13:02:51.463+03:00","Link":"poems/10.12.24","Id":"675811cbe67ad30f00ac8dad","Srv":"otk","Deleted":false,"Titles":["Россия открывает Путь в Новый Мир!"]}
{"Data":{"Next":"poems/10.12.24","NoFooter":false,"PoemOutDict":false,"Titles":null,"Number":"№345 (3128)"},"Active":true,"Catalog":"570ef2fcd07cda3e16f93ef7","Description":"<p class=\"poem\">Певец ответил, что искусство не влияет на Сознание человека!<br>\r\nВ Мире очень много шедевров, но человек остаётся прежним!<br>\r\nСоздатель готовит из России, в Духе Новое, Отечество!<br>\r\nЧеловека-Бога Творец изменит, конечно, внутри и внешне!</p>\r\n\r\n<p class=\"poem\">И это, самое Главное, что ждёт Россию в Новой Эпохе!<br>\r\nИбо, страны Запада и Америки никогда не пройдут Туда!<br>\r\nСегодня, Россия в Школе Творца, уже подводит Итоги!<br>\r\nДля России открывается, совершенно Новая, в Духе, среда!</p>\r\n\r\n<p class=\"poem\">Ваша задача, познать другую Россию, ибо Она для Вас в неизвестности!<br>\r\nИбо власть страны, однажды, Вас, в Духе уже, остановила!<br>\r\nРелигия запустила о Вас с Богом, отрицательную Весть!<br>\r\nНо, даже, эта информация о Вас, страну с мёртвой точки сдвинула!</p>\r\n\r\n<p class=\"poem\">Поэтому, сегодня, для Неба, очень важно, Ваше Сознание!<br>\r\nНа последнем Вече Вы проявили, повышенную, активность!<br>\r\nСоздатель поддержал Вашу просьбу, как пройдённое, испытание,<br>\r\nИ как проявленная Вами, совершенная, оперативность!</p>\r\n\r\n<p class=\"poem\">В этом Пространстве всем людям даётся, в любом случае, шанс!<br>\r\nШанс проявить своё, в Истории Планеты, участие!<br>\r\nНа последнем Вече Вы не упустили свой Исторический час!<br>\r\nС этого Момента началось, Восшествия России в Духе, счастье!</p>\r\n\r\n<p class=\"poem\">Это сработало, и История России, уже пошла по-другому!<br>\r\nСоздатель перешёл с Вами на, совершенно, открытый разговор!<br>\r\nЛюди, 20 лет назад, даже не думали, что может быть разговору такому!<br>\r\nЧто затрещит государство, управляемое, системой воров!</p>\r\n\r\n<p class=\"poem\">Эта война открыла все, скрытые от людей, проблемы человечества!<br>\r\nТеперь ясно, что Планетарная власть тащит человечество на дно!<br>\r\nТолько, у одной России, осталась Мечта об Отечестве,<br>\r\nВойна с Украиной, сегодня, словно кривое кино!</p>\r\n\r\n<p class=\"poem\">Европа и Америка оказались, против России, в одной команде!<br>\r\nГлавное, для них было и есть, поставить на колени Россию!<br>\r\nНикто, даже не вспомнил, что Русь никогда не была на дне!<br>\r\nЧто, теперь, управляет Россией от Создателя Мессия!</p>\r\n\r\n<p class=\"poem\">Создатель, окончательно, решил, что остаётся в этом Мире, Россия!<br>\r\nВсё, остальное человечество, уходит навсегда со Сцены!<br>\r\nВ Шестой Эпохе управление всем Миром примет от Бога Мессия!<br>\r\nУ человечества, очень много накопилось грехов и вины!</p>\r\n\r\n<p class=\"poem\">Сегодня, все люди ждут слова, которые на Инаугурации скажет Трамп!<br>\r\nОн должен изложить, на Сцене Истории, Нового Мира Концепцию!<br>\r\nНо, к сожалению, на Трампе давно уже стоит мамоны Штамп,<br>\r\nНе будет со стороны Америки никакой здравой коррекции!</p>\r\n\r\n<p class=\"poem\">Все усилия здравого смысла, ушли, далеко, в прошлое!<br>\r\nНАТО и Америка будут упорно стоять, только, на своём!<br>\r\nМир на Планете окажется, вдруг, невозможным!<br>\r\nКрест на человечестве, НАТО и Америка, поставят вдвоём!</p>\r\n\r\n<p class=\"poem\">Так получилось, что религии не помогли людям!<br>\r\nСоздатель передал, через Мессию Знания, только России!<br>\r\nЛюди, поэтому, не смогли подготовиться к последним дням!<br>\r\nОни смогли бы обратиться к Создателю через Мессию!</p>\r\n\r\n<p class=\"poem\">Но, люди читают Катрены в прессе, оставаясь при своём!<br>\r\nНикто не верит, что в России проявлен Мессия!<br>\r\nКаждый человек, видит реальность по-своему,<br>\r\nПоэтому, в голове каждого человека есть своя миссия!</p>\r\n\r\n<p class=\"poem\">Создатель, много раз говорил, что Мессия в Небе один!<br>\r\nБолее 30 томов было передано через Него!<br>\r\nЛюди, сами себе, поставили очень много мин!<br>\r\nНе осознавая, что Ложь &ndash; это неправильная картина, Мира сего!</p>\r\n\r\n<p class=\"poem\">Творец, окончательно, решил, кто пройдёт!<br>\r\nПройдёт это Историческое Преображение!<br>\r\nВремя Очищения и Воскресенья уже идёт!<br>\r\nНачинается общее Планетарное перемещение!</p>\r\n\r\n<p class=\"poem\">Планета, уже проходила, подобное, в своей Истории!<br>\r\nСегодня, на горизонте уже Шестой Эксперимент!<br>\r\nПроизойдут изменения, совсем другой, категории,<br>\r\nРоссия не упустит, этот Исторический Момент!</p>\r\n\r\n<p class=\"poem\">Теперь, Россия, единственная, кто переходит в Небо!<br>\r\nОна будет Основой, Новых людей-Богов!<br>\r\nРоссия доказала, что люди-Боги &ndash; это Быль!<br>\r\nНикто из людей не смог достигнуть таких Итогов!</p>\r\n\r\n<p class=\"noind\">Да будет Свет Истины!<br>\r\nОтец Абсолют или Высший Космический Разум!</p>\r\n","Files":null,"Date":"2024-12-09T11:32:57.166+03:00","DateChange":"2024-12-09T11:33:41.628+03:00","Link":"poems/09.12.24","Id":"6756ab65e67ad30f00ac8dac","Srv":"otk","Deleted":false,"Titles":["Творец, окончательно, решил, кто пройдёт!"]}
{"Data":{"Next":"poems/09.12.24","NoFooter":false,"PoemOutDict":false,"Titles":null,"Number":"№344 (3127)"},"Active":true,"Catalog":"570ef2fcd07cda3e16f93ef7","Description":"<p class=\"poem\">Разрядка, о которой люди мечтают, будет не скоро!<br>\r\nЯ не говорю об инаугурации Нового Президента США!<br>\r\nПросто, в этом Мире должна наступить Историческая пора!<br>\r\nИбо, по Эпохе, должна измениться человеческая стезя!</p>\r\n\r\n<p class=\"poem\">Люди, все прошлые Эпохи, не смогли найти себе Путь!<br>\r\nЛюди, надеялись на естественную, Мира, эволюцию!<br>\r\nНо, вопрос стоял о том, чтобы изменилась человека Суть!<br>\r\nЛюди, даже не пытались измениться, ибо жили эмоциями!</p>\r\n\r\n<p class=\"poem\">Были революции, как желание, изменить среду пребывания!<br>\r\nРеволюции не меняли, никак, Суть самого человека!<br>\r\nДаже, если частично, после революции, менялся смысл существования,<br>\r\nНе менялась Суть человека, растянутая на века!</p>\r\n\r\n<p class=\"poem\">Проблема, заключается в том, что человек меняться не хочет!<br>\r\nВ глубине своей, человек, по-прежнему, остаётся животным!<br>\r\nВ Плотном плане, человек себя изменить не хочет и не может!<br>\r\nЧеловек поднялся над животным миром, оставаясь животным!</p>\r\n\r\n<p class=\"poem\">Все пороки человека, прежде всего, в нём самом!<br>\r\nЖивотные с Сознанием человека, превратились в Монстров!<br>\r\nНо, человек не видит в себе, себя таким!<br>\r\nОн, в трудную минуту, Судьбу, познаёт это очень остро!</p>\r\n\r\n<p class=\"poem\">У человека в жизни проявляются, иногда, особенности!<br>\r\nБезрассудство &ndash; это черта человека-животного!<br>\r\nВ людях, отречься от Монстра, нет никакой возможности!<br>\r\nЕсли нет внутреннего контроля, то нет человека такового!</p>\r\n\r\n<p class=\"poem\">Поэтому, для человека, есть в этом Мире Свет и Тьма!<br>\r\nИ эти два состояния, всегда в одном человеке!<br>\r\nУ человека по жизни, есть этих позиций, череда!<br>\r\nНовая Эпоха, заставит человека быть одним человеком!</p>\r\n\r\n<p class=\"poem\">Посмотрите всю Историю человечества!<br>\r\nТысячелетия была проявлена людей тирания!<br>\r\nСоветский Союз был идеальным Отечеством!<br>\r\nНо, без контроля Союза Создателем, оборвалась нить сия!</p>\r\n\r\n<p class=\"poem\">После развала Союза, продолжилась опять тирания!<br>\r\nЛюди вернулись опять в Духе к разврату!<br>\r\nНет никакого стремления к Божественной линии,<br>\r\nЛюди, ушедшие от Бога, скоро почувствуют на себе расплату!</p>\r\n\r\n<p class=\"poem\">Все современные Династии или Империи,<br>\r\nНесут в себе рабство, а, значит, прошлое!<br>\r\nНечем этот современный Мир перемерить,<br>\r\nЧеловечеству выступить, против насилия сложно!</p>\r\n\r\n<p class=\"poem\">Составлен этот Мир из положений и законов!<br>\r\nКажется, что не допустимы никакие нарушения!<br>\r\nНо, на пути человека слишком много оков!<br>\r\nОстаётся, с отрицательным знаком движение!</p>\r\n\r\n<p class=\"poem\">Каждая война &ndash; это передел территории и законов!<br>\r\nУправляет Миром богатый класс!<br>\r\nВ каждой стране есть перечень своих законов,<br>\r\nВойна с Украиной &ndash; это передела страны, час!</p>\r\n\r\n<p class=\"poem\">Пятая Эпоха заканчивается плачевно!<br>\r\nНа пороге уже Третья Мировая война!<br>\r\nВывод для цивилизации плачевный!<br>\r\nНад всем человечеством повисла беда!</p>\r\n\r\n<p class=\"poem\">Русская революция показала людям дно!<br>\r\nТеррор заставил людей стать Целым!<br>\r\nНа развалинах Союза хорошо видно,<br>\r\nНельзя стать насильно Красным или Белым!</p>\r\n\r\n<p class=\"poem\">Нужно, срочно, изменить Сознание человека!<br>\r\nНадо перейти из Материи в Дух!<br>\r\nВ Пятой Эпохе сложные все были века!<br>\r\nСоздатель рассказал об этом вслух!</p>\r\n\r\n<p class=\"poem\">У человечества, в этом виде, нет продолжения!<br>\r\nБиология, самая сложная форма развития!<br>\r\nВ Шестой Эпохе будет только в Духе движение!<br>\r\nНе будет, больше, Материального бытия!</p>\r\n\r\n<p class=\"poem\">Вы в Материи, проживаете последние Мгновения!<br>\r\nМгновения Плотного плана, как животного!<br>\r\nТворец хочет изменить смысл человека поведения!<br>\r\nОставив Сознание человека без тела плотного!</p>\r\n\r\n<p class=\"poem\">В Истории человечества &ndash; это Новый Путь!<br>\r\nСоздатель взял за Основу Тонкий План!<br>\r\nТогда и изменится человека-Бога Суть!<br>\r\nОстанется, в прошлом, человека-животного Клан!</p>\r\n\r\n<p class=\"poem\">Религии не смогли изменить человека Сознание!<br>\r\nОказалось, что этот Промысел, не в словах!<br>\r\nСоздатель передал через Мессию Знания!<br>\r\nСознание человека-Бога прорвётся в делах!</p>\r\n\r\n<p class=\"poem\">Следующий год, для Пятой Эпохи, последний!<br>\r\nСоздатель меняет на Планете вибрации!<br>\r\nИзменятся о людях-Богах сведения,<br>\r\nЭто уже будет Тонкого Мира акция!</p>\r\n\r\n<p class=\"noind\">Да будет Свет Истины!<br>\r\nОтец Абсолют или Высший Космический Разум!</p>\r\n","Files":null,"Date":"2024-12-08T14:51:28.044+03:00","DateChange":"2024-12-08T14:52:13.718+03:00","Link":"poems/08.12.24","Id":"6755886d757bb874cc76026a","Srv":"otk","Deleted":false,"Titles":["У человечества в этом Мире, нет продолжения!"]}
{"Data":{"Next":"poems/08.12.24","NoFooter":false,"PoemOutDict":false,"Titles":null,"Number":"№343 (3126)"},"Active":true,"Catalog":"570ef2fcd07cda3e16f93ef7","Description":"<p class=\"poem\">Обстановка в Мире не меняется, словно, в болоте!<br>\r\nВсе ждут, какое решение примет Трамп!<br>\r\nНо, Он в свою очередь, думает, только, о золоте!<br>\r\nТрамп &ndash; это влюблённый в себя, богатый раб!</p>\r\n\r\n<p class=\"poem\">Его не интересует Мир, а, тем более, Россия!<br>\r\nУ Него во всём, есть, только, коммерческий интерес!<br>\r\nТрампа волнует, Его политическая Миссия!<br>\r\nЕго не интересует, в отношениях стран, прогресс!</p>\r\n\r\n<p class=\"poem\">До конца Января, у Него есть ещё время!<br>\r\nСамое время, раздавать всем, свои векселя!<br>\r\nТрампу наплевать, что жизнь людей есть бремя!<br>\r\nСегодня можно говорить то, что Завтра будет нельзя!</p>\r\n\r\n<p class=\"poem\">Трамп привык к интригам, ради Америки!<br>\r\nПрезидент, всё равно, получит своё!<br>\r\nНа втором сроке изменилась Его патетика,<br>\r\nДля Него, важнее всего, чёрное вороньё!</p>\r\n\r\n<p class=\"poem\">Теперь, наступает для Трампа, Его время!<br>\r\nИбо, можно, в открытую интриговать!<br>\r\nНе бывает у Президента США, никогда, бремя!<br>\r\nВесь Мир, Его появления, в Истории, будет ждать!</p>\r\n\r\n<p class=\"poem\">Война, пока, потихонечку, продолжается!<br>\r\nНо, все ожидают от Президента США, указаний!<br>\r\nДоговориться, все страны НАТО, стараются,<br>\r\nЧто скажет, на это, Трамп, нет у них понимания!</p>\r\n\r\n<p class=\"poem\">Со стороны России, только, мелкие вспышки!<br>\r\nЕсть ожидание Общего перемирия!<br>\r\nРоссия считает, что в Январе, будет передышка,<br>\r\nНо, не будет, никогда уже, Прошлого Мира!</p>\r\n\r\n<p class=\"poem\">Так получилось, что есть для всех, время ожидания!<br>\r\nЕсть время, и всем сторонам, договориться!<br>\r\nНо, нет у людей Шестой Эпохи прихода, понимания,<br>\r\nРоссии в этих условиях, не на кого, облокотиться!</p>\r\n\r\n<p class=\"poem\">Прозвучали слова от Создателя о Завтра!<br>\r\nТворец объяснил, что Россия уже в Боге!<br>\r\nЭто, для Мира сего, есть, только, одна Правда,<br>\r\nРоссия будет Началом Начал, в Итоге!</p>\r\n\r\n<p class=\"poem\">Следующий год Творец рассмотрел, как Начало!<br>\r\nВ этот Год одна Эпоха уйдет, а Её сменит, другая!<br>\r\nЕсли будет скорый Переход, то ждите печали,<br>\r\nВозможна война с Америкой, но не такая!</p>\r\n\r\n<p class=\"poem\">Две Державы могут столкнуться лбами!<br>\r\nНо, на стороне России уже есть Творец!<br>\r\nЭта война будет, как борьба на татами!<br>\r\nПри Трампе, Америке придёт Конец!</p>\r\n\r\n<p class=\"poem\">Конец, потому что, сменится Эпоха!<br>\r\nБудут высокие уже вибрации!<br>\r\nОбе Державы будут стоять до последнего вздоха,<br>\r\nЭто будет, Квантового Перехода, Акция!</p>\r\n\r\n<p class=\"poem\">Творец говорил, не один раз, что поздно!<br>\r\nВоевать с Русью надо было раньше!<br>\r\nТеперь, Америке во всём, не повезло,<br>\r\nОчень много накопилось Фальши!</p>\r\n\r\n<p class=\"poem\">Фальшь никогда не превращается в жизнь!<br>\r\nСлаву, Президента США, нельзя вернуть!<br>\r\nТолько, Россия знает, как Ей быть,<br>\r\nТолько, Она Создателя, не может забыть!</p>\r\n\r\n<p class=\"poem\">Все страны Запада не верят Богу!<br>\r\nПовторяю, что религии здесь ни при чём!<br>\r\nРоссия начинает формировать Эпоху!<br>\r\nЕй мысли Трампа, не нужны, совсем!</p>\r\n\r\n<p class=\"poem\">Россия &ndash; это уже Новые люди-Боги!<br>\r\nПлотный план, этим людям-Богам, не нужен!<br>\r\nРоссия с Богом, пойдёт другой дорогой, в Итоге!<br>\r\nТот, кто не с Создателем, Руси больше не нужен!</p>\r\n\r\n<p class=\"poem\">Инаугурация и Экзамены будут в одно время!<br>\r\nТворец, повторяю, объявит Вердикт Неба!<br>\r\nДля людей, без Веры, наступит бремя!<br>\r\nИзменится на Планете, Цель, или жизни, Тема!</p>\r\n\r\n<p class=\"poem\">Теперь, каждый за себя, кроме России!<br>\r\nМессия, примет от Творца, общее Управление!<br>\r\nНачинается, Новой Эпохи, другая Сессия,<br>\r\nНачинается, в Духе, людей Преображение!</p>\r\n\r\n<p class=\"noind\">Да будет Свет Истины!<br>\r\nОтец Абсолют или Высший Космический Разум!</p>\r\n","Files":null,"Date":"2024-12-07T12:48:57.609+03:00","DateChange":"2024-12-07T12:49:38.719+03:00","Link":"poems/07.12.24","Id":"67541a32604fe7bd53d5eca3","Srv":"otk","Deleted":false,"Titles":["Инаугурация и Экзамены будут в одно время!"]}
{"Data":{"Next":"poems/07.12.24","NoFooter":false,"PoemOutDict":false,"Titles":null,"Number":"№342 (3125)"},"Active":true,"Catalog":"570ef2fcd07cda3e16f93ef7","Description":"<p class=\"poem\">Ещё ничего не ясно, но кто-то начал делить сферы влияния!<br>\r\nПо Европе заметно, что каждый, теперь, за себя!<br>\r\nНет ни у кого, сегодняшней ситуации понимания,<br>\r\nОчень сложная готовится на Небе, для всех людей стезя!</p>\r\n\r\n<p class=\"poem\">Каждый из Лидеров хочет занять, особое, положение!<br>\r\nВыгодное, прежде всего, для себя, и для своей страны!<br>\r\nНо, люди не знают, какое, надо иметь направление движения?<br>\r\nЧтобы не стать, предметом посмешища, для другой стороны!</p>\r\n\r\n<p class=\"poem\">Все страны Планеты играют, сегодня, втёмную!<br>\r\nАмерика, сегодня, только блефует!<br>\r\nПовторяю, каждый Лидер играет, только, в свою игру!<br>\r\nВ Европе, каждая страна в этой войне, рискует!</p>\r\n\r\n<p class=\"poem\">Всё это касается, в полной мере, и России!<br>\r\nНарод России продолжает помнить Советский Союз!<br>\r\nНе случайно в Руси был проявлен Мессия!<br>\r\nМогут пригодиться, понятные людям, Союза узы!</p>\r\n\r\n<p class=\"poem\">Сегодня, все разговоры о будущем не имеют смысла!<br>\r\nАмерика не меняет никогда Имперскую позицию,<br>\r\nТолько у Творца, относительно Руси есть Замысел!<br>\r\nТворец, уже говорил Вам, про Новую Конституцию!</p>\r\n\r\n<p class=\"poem\">Сегодня, для Творца важно, чтобы Россия была готова!<br>\r\nТворец, в открытую, назвал Свои предложения!<br>\r\nСегодня, никому уже не поможет, на счастье подкова!<br>\r\nБудет за Новый Мир, Новое, совершенно сражение!</p>\r\n\r\n<p class=\"poem\">Войны за Украину не будет, ибо это не тот Масштаб!<br>\r\nРазговор идёт, в общем, о Мире и о самой России!<br>\r\nТрамп мечтает организовать в Америке Штаб,<br>\r\nОн не учитывает, что есть от Создателя  в Духе Мессия!</p>\r\n\r\n<p class=\"poem\">Мессия представляет интересы Создателя!<br>\r\nТворцу совсем не интересны рассуждения власти!<br>\r\nЕго волнуют люди, опустившиеся до обывателя,<br>\r\nИбо Россия планируется на Главное место!</p>\r\n\r\n<p class=\"poem\">Создатель не подпускает к власти Америку!<br>\r\nТрамп, не Мировая, политическая, фигура!<br>\r\nВибрации доведут Мир от страха до истерики,<br>\r\nДля управления Миром, у Бога, есть другая кандидатура!</p>\r\n\r\n<p class=\"poem\">Лучшим выбором для Творца будет Мессия!<br>\r\nПрежде всего, Мессия от Неба и это важно!<br>\r\nШестая Эпоха &ndash; это, совсем другая, Сессия,<br>\r\nРоссия готова принять Крест Спасителя, отважно!</p>\r\n\r\n<p class=\"poem\">У Создателя нет времени на уговоры!<br>\r\nВыбор людей определил Завтра Америки!<br>\r\nРоссию, в Ад ведут, своей страны воры!<br>\r\nСкоро, во всём Мире начнётся истерика!</p>\r\n\r\n<p class=\"poem\">Когда, беда уничтожения, коснётся всех,<br>\r\nЛюди будут просить Помощи Бога,<br>\r\nТогда у Создателя для этого не будет помех,<br>\r\nБог назначит для управления Мессию в Итоге!</p>\r\n\r\n<p class=\"poem\">Поверьте, у людей Пятой Эпохи, нет прав!<br>\r\nВыборы показали, что нет на Планете достойных!<br>\r\nЧеловечество, совсем позабыло, что есть Правда!<br>\r\nТеперь, время Новых людей и в Духе, других!</p>\r\n\r\n<p class=\"poem\">На следующие 26000 лет Небу нужны люди-Боги!<br>\r\nПридётся вернуться к Началу Начал!<br>\r\nМессия, скоро, начнёт подводить Итоги,<br>\r\nПовторяю, для Новой Эпохи, Россия будет Причал!</p>\r\n\r\n<p class=\"poem\">20 лет Создатель готовил в России Команду!<br>\r\nКоманду из 300 Новых Богов, спартанцев!<br>\r\nЭти люди-Боги изменят на Планете погоду,<br>\r\nПовторяю, прекратятся людей странствия!</p>\r\n\r\n<p class=\"poem\">Проходят последние Экзамены в Школе Творца!<br>\r\nОни закончатся вместе с Инаугурацией!<br>\r\nНачинается Пятой Эпохи, Фаза конца,<br>\r\nОдновременно, начинается и Шестой Эпохи Акция!</p>\r\n\r\n<p class=\"poem\">Напрасно среди Лидеров, идут рассуждения!<br>\r\nПятая Эпоха заканчивает свой Путь!<br>\r\nРоссия, незаметно начала своё в Завтра движение!<br>\r\nРоссия, уже Тонкого Мира, Суть!</p>\r\n\r\n<p class=\"poem\">Создатель, что Вас ожидает, объяснил подробно!<br>\r\nОчень скоро, начнётся этого реализация!<br>\r\nЛюдям, что-то будет и неудобно!<br>\r\nНо, это будет Новой Эпохи, Акция!</p>\r\n\r\n<p class=\"poem\">Все, последние перестановки, от Лукавого!<br>\r\nТрамп напрасно надувает щёки!<br>\r\nНачинается Шестая Эпоха и это, самое, Главное!<br>\r\nАмерика предъявит ещё Трампу упрёки!</p>\r\n\r\n<p class=\"poem\">Пустые рассуждения не коснутся дела!<br>\r\nВластям всего Мира, Небо покажет на дно!<br>\r\nНовые люди-Боги будут без Плотного тела,<br>\r\nРоссия, теперь, Главное для Творца, зерно!</p>\r\n\r\n<p class=\"noind\">Да будет Свет Истины!<br>\r\nОтец Абсолют или Высший Космический Разум!</p>\r\n","Files":null,"Date":"2024-12-06T11:44:20.392+03:00","DateChange":"2024-12-06T11:44:57.302+03:00","Link":"poems/06.12.24","Id":"6752b989604fe7bd53d5eca2","Srv":"otk","Deleted":false,"Titles":["Мессия представляет интересы Создателя!"]}
