{"Data":{"Next":null,"NoFooter":false,"PoemOutDict":false,"Titles":null,"Number":"№12 (3375)"},"Active":true,"Catalog":"570ef2fcd07cda3e16f93ef7","Description":"<p class=\"poem\">Мир &ndash; это набор Наций, собранных Богом!<br>\nЛюди, друг другу, должны помогать!<br>\nОт этого, очень сильно, зависят, Итоги,<br>\nЛюди, должны об этом, твёрдо знать!</p>\n\n<p class=\"poem\">Но, в Мире, всегда, существуют войны!<br>\nВойны &ndash; это разделение территорий!<br>\nДля кого-то, это реализация Мечты!<br>\nА, для кого-то, жизнь, другой категории!</p>\n\n<p class=\"poem\">Повторяю, что людям нужна, Идеология!<br>\nЕсли Идеология общая, то страна, как Семья!<br>\nЕсли нет Идеологии, остаётся, патология,<br>\nРазрушающая, страну, по частям!</p>\n\n<p class=\"poem\">Людям, важно поддержать друг друга!<br>\nВ радость, и в горе, надо быть, Вместе!<br>\nТакая жизнь, как пружина упругая,<br>\nРоссия, в этом случае, лучшее, Место!</p>\n\n<p class=\"poem\">В России, все и всегда, помогают!<br>\nЭто называется, Родовое участие!<br>\nВ России, люди, горе, хорошо знают,<br>\nБыть, Вместе, всегда Счастье!</p>\n\n<p class=\"poem\">Парадоксально звучит, но это Правда!<br>\nЧеловек, в несчастье, не может быть, один!<br>\nПосле несчастья, наступает, всегда, Завтра,<br>\nНадо, всем, Вместе, пройти эти дни!</p>\n\n<p class=\"poem\">Сегодня, в России, война Славян,<br>\nНачатая, Правителями!<br>\nТеперь, непонятно, кто будет пленён,<br>\nС обеих сторон полно, грабителей!</p>\n\n<p class=\"poem\">Обе стороны, хоронят Героев!<br>\nНикто не понимает, причину войны!<br>\nСолдаты, идут друг против друга, строем,<br>\nНе видя в этом, своей вины!</p>\n\n<p class=\"poem\">Теперь, Мир будет устроен, не скоро!<br>\nС обеих сторон, есть, чужая поддержка!<br>\nЛюди, обращают к властям, укор!<br>\nВ Едином, Народе, давно, нет выдержки!</p>\n\n<p class=\"poem\">Россия, с Создателем, спешит в Небо!<br>\nТам, уже много, тех, кто с войны!<br>\nПерепутаны слова &laquo;Небо&raquo; и &laquo;Быль&raquo;!<br>\nЛюди, Создателем, Там, упокоены!</p>\n\n<p class=\"poem\">Каждый воин внёс вклад в Мир!<br>\nИбо, без Мира, нет Планеты!<br>\nРоссия, выбрала, Создателя ориентиром!<br>\nОна знает, что жизнь, дороже монеты!</p>\n\n<p class=\"poem\">Война &ndash; это жизнь в сражении!<br>\nНо, сегодня, этой войны, дорогая цена!<br>\nРоссия, поменяла направление, движения,<br>\nБог, подскажет, чья в этой войне, вина!</p>\n\n<p class=\"poem\">Россия, спешит сделать к Миру, шаг!<br>\nШаг, уже в Шестую Эпоху!<br>\nПо этому поводу, в России, аншлаг,<br>\nЛюди, спешат, перейти сходу!</p>\n\n<p class=\"poem\">Россия, спешит подвести, Итоги!<br>\nНужно понять, на чьей стороне перевес?<br>\nТеперь в России, есть людей-Богов, потоки,<br>\nВ России, от Союза, остался замес!</p>\n\n<p class=\"poem\">Равенство, в крови у России!<br>\nЭто, всегда в стране, сближало людей!<br>\nУ России, сегодня, Спасителя Мира, Миссия,<br>\nРоссия, от этого, стала, только сильней!</p>\n\n<p class=\"poem\">Россия, спешит, собрать Вече!<br>\nЭто будет Планетарное событие!<br>\nНа сцене, конечно, будут свечи,<br>\nРоссия, расскажет, как изменится бытие!</p>\n\n<p class=\"poem\">В России есть Создатель, Царь и Народ!<br>\nСложились на Руси, все, составляющие!<br>\nВече, это будет, Совершенства Парад!<br>\nВ одно Целое, все Части, слившиеся!</p>\n\n<p class=\"poem\">Осталось, немного и Мир вздрогнет!<br>\nИбо, Россия, уже шагнула в Боги!<br>\nРоссия, прошлый Мир, перевернёт,<br>\nБудут, Планетарными, уже, Итоги!</p>\n\n<p class=\"noind\">Да будет Свет Истины!<br>\nОтец Абсолют или Высший Космический Разум!</p>","Files":null,"Date":"2025-08-12T10:56:57.836+03:00","DateChange":"2025-08-12T10:57:38.424+03:00","Link":"poems/12.08.25","Id":"689af3f29d431ef94c90b73c","Srv":"otk","Deleted":false,"Titles":["Осталось, немного, и Мир вздрогнет!"]}
{"Id":"62195b9e5d5a11c6eb22ae89","Deleted":false,"Active":false,"DateChange":"2025-08-11T11:14:08.637+03:00"}
{"Data":{"Next":"poems/12.08.25","NoFooter":false,"PoemOutDict":false,"Titles":null,"Number":"№11 (3374)"},"Active":true,"Catalog":"570ef2fcd07cda3e16f93ef7","Description":"<p class=\"poem\">Надо верить и идти не сгибаясь!<br />Вы, должны, поменять представления!<br />Вам, надо идти не стесняясь!<br />Человек &ndash; это в Боги, движение!</p>\n<p class=\"poem\">Ни при чём, Мировые религии!<br />У каждого человека, свой Путь!<br />Главное, это собственные, вериги,<br />Человек &ndash; это Божества Суть!</p>\n<p class=\"poem\">У человека, свои Представления,<br />Надо, держаться своей, Судьбы,<br />От человека зависит, Его поведение?<br />И каким человек должен быть?</p>\n<p class=\"poem\">Сегодня, Вас выбрал Создатель!<br />Значит, Бог ведёт Вас, в Даль!<br />Он, одновременно, Ваш Хранитель,<br />Вы в Боге и в далёкой Его, Дали!</p>\n<p class=\"poem\">Вам важно не уйти в сторону!<br />Надо держаться, этой Позиции,<br />Ваши жизни, это, когда всё поровну!<br />Значит, нет никакой границы!</p>\n<p class=\"poem\">Вас, объединил, Всех, Создатель!<br />Бог, наказал, Единый в Духе, Путь!<br />Бог, Вашей Судьбы, Указатель,<br />Бог, направил Вас в Боги, и в этом, Суть!</p>\n<p class=\"poem\">Но, люди углубились, в быт!<br />Пытаются найти в этом, особенное!<br />Человек &ndash; это Духовный вид,<br />Вид Бога &ndash; это Ему свойственное!</p>\n<p class=\"poem\">Люди, живут в своей стране,<br />Но, каждый, живёт по-разному!<br />Люди шагают по своей тропе,<br />Богом, каждому человеку, указанной!</p>\n<p class=\"poem\">Семья &ndash; это тоже, всё разное!<br />Человек создаёт, только, свою!<br />Жизнь семьи, тоже, не праздная,<br />Но, и у семьи, бывают сбои!</p>\n<p class=\"poem\">Страна, затягивает человека!<br />Не давая определить, свой Путь!<br />У каждого человека, свой век,<br />У каждого человека, есть своя Суть!</p>\n<p class=\"poem\">Союз формировал Равенство!<br />Но, вернулся в страну, капитал,<br />Люди, потеряли Свободы Пространство,<br />Люди забыли, что есть в Небе, Астрал!</p>\n<p class=\"poem\">Создатель облокотился на Русь!<br />Есть Надежда собрать Целое!<br />Надо прекратить на Руси, грусть,<br />Люди, мечтают о Царе Белом!</p>\n<p class=\"poem\">Эпоха стучится, уже, другая!<br />России, суждено, начать Старт!<br />Начинается Эпоха &laquo;Русь Святая&raquo;!<br />Преображение, намечено на Март!</p>\n<p class=\"poem\">Россия переходит в Небо!<br />Люди, приняли такую Судьбу!<br />Никто в таком положении, ещё, не был,<br />Создатель, открыл стезю!</p>\n<p class=\"poem\">Мир остаётся в Прошлом!<br />Создатель, меняет Ваш быт!<br />На начальном этапе, будет сложно,<br />Будет другая, уже, орбита!</p>\n<p class=\"poem\">Россия, первой, уйдёт в Небо!<br />Капитал остаётся, пока, здесь!<br />Начинает перестраиваться, Быль,<br />Людям, не будет хватать мест!</p>\n<p class=\"poem\"><strong>Откроются Новые Горизонты!<br />Люди, поймут совершенство Рая!<br />Люди, забудут слово &laquo;понты&raquo;,<br />Завтра &ndash; это Пространство без края!</strong></p>\n<p class=\"noind\">Да будет Свет Истины!<br />Отец Абсолют или Высший Космический Разум!</p>","Files":null,"Date":"2025-08-11T11:10:07.376+03:00","DateChange":"2025-08-11T11:11:16.26+03:00","Link":"poems/11.08.25","Id":"6899a5a448208e91fc286b45","Srv":"otk","Deleted":false,"Titles":["Мир, остаётся в прошлом!"]}
{"Data":{"Next":"poems/11.08.25","NoFooter":false,"PoemOutDict":false,"Titles":null,"Number":"№10 (3373)"},"Active":true,"Catalog":"570ef2fcd07cda3e16f93ef7","Description":"<p class=\"poem\">Вам надо начинать, с анализа ситуации!<br>\nМир, постоянно находится в изменении!<br>\nНачала проявляться, уже, Создателя, акция!<br>\nЭто Начало Начал, Мира сего, Преображения!</p>\n\n<p class=\"poem\"><b>Главное, для Бога, изменить Сознание людей!<br>\nИбо, Мир этот, прежде всего, люди!<br>\nСоздатель, должен разрушить, Мир Теней,<br>\nСегодня, Нового Мира, пока, прелюдия!</b></p>\n\n<p class=\"poem\">Люди, ожидают Чудо, не зная, что Это?<br>\nОни, уже много прошли, по своей тропе,<br>\nНа все грехи, Создателем, наложено Вето!<br>\nНо, люди не готовы, к внутренней, в себе, войне!</p>\n\n<p class=\"poem\">Люди &ndash; это, прежде всего, многогранная Суть!<br>\nВ людях, сложены внутренние войны и Мир!<br>\nЛюдям, очень трудно, найти свой Путь,<br>\nЛюдям, трудно, найти и внутренний ориентир!</p>\n\n<p class=\"poem\">Людям, кажется, что они знают, что делать,<br>\nЧто есть для них от Создателя, предложение!<br>\nА, Бог начинает, собирать вокруг себя, Рать,<br>\nЧтобы в Новую Эпоху, начать движение!</p>\n\n<p class=\"poem\"><b>Условие для людей одно: Вера и все, Вместе!<br>\nТогда и получится, желанный конец,<br>\nРоссия, повторяю, для этого, Святое место!<br>\nГде, у каждого человека, будет Венец!</b></p>\n\n<p class=\"poem\">Люди в России, подбираются по Духу!<br>\nРодословная, в этом случае, уже, ни к чему!<br>\nНужны, от Создателя Знания, а не слухи,<br>\nЛюди, подбираются, ещё, и по челу!</p>\n\n<p class=\"poem\"><b>Самое, Главное, среди людей, Единодушие!<br>\nВпереди, очень трудный Путь!<br>\nНужно, ещё, и в Духе Послушание,<br>\nДуша человека &ndash; это Главная Суть!</b></p>\n\n<p class=\"poem\">Преображение человека &ndash; это, Главный, Путь!<br>\nЧеловек-Бог, это и есть Начало Начал!<br>\nУ всех людей &ndash; это, серьёзная, Суть,<br>\nРоссия – это в Небе, есть, Новый Причал!</p>\n\n<p class=\"poem\"><b>Сегодня, начинается, уже, Преображение!<br>\nЧеловек начинает менять обличие!<br>\nНачинается в Завтра, перемещение,<br>\nЧеловек и человек-Бог, есть, существенное различие!</b></p>\n\n<p class=\"poem\">Человек-Бог, прежде всего, Творец!<br>\nТворец не в Материи, а в Духе!<br>\nОн должен создать в Духе, Дворец,<br>\nДворец, уже, Святого Духа!</p>\n\n<p class=\"poem\">Человек-Бог творит, начиная с Нуля!<br>\nСтроит совершенство в Духе!<br>\nУ человека-Бога, Небесные, уже, дела!<br>\nДела, предназначенные Богом, в Итоге!</p>\n\n<p class=\"poem\">Вам, трудно, понять, что Там, в Небе!<br>\nВы, только, поднялись на Вершину!<br>\nВам, не понятно, пока, слово, &laquo;Небыль&raquo;,<br>\nВы, ещё строите, свою Пирамиду!</p>\n\n<p class=\"poem\">Вам известен, Октаэдр, среди людей!<br>\nОктаэдр, людей-Богов &ndash; это, совсем, другое!<br>\nВы, только, вышли из Театра Теней,<br>\nМир Света, это, поверьте, совсем иное!</p>\n\n<p class=\"poem\">Вам, осталось, пройти Квантовый переход!<br>\nПереход для людей, как жизнь или смерть!<br>\nСоздатель начинает Ваш, Исторический, поход,<br>\n<b>Вам, надо, только Создателю, верить!</b></p>\n\n<p class=\"poem\">Это уникальная в Небо, операция!<br>\nЕщё никто не поднимался, так высоко!<br>\nНо, это, прежде всего, Создателя, акция,<br>\nЭто, как в прошлой войне: око за око!</p>\n\n<p class=\"poem\">Вы, уже, выбраны Создателем!<br>\nЗначит, нет, никаких опасений!<br>\nВы, подготовлены быть Созидателем,<br>\nЖдите, Новых для Вас, изменений!</p>\n\n<p class=\"poem\"><b>Вы, начинаете, Путь в Небо!<br>\nПоверьте, это, Святой Путь!<br>\nДля людей Мира сего, Вы, уже, Небыль!<br>\nВы есть люди-Боги, и, в этом Суть!</b></p>\n\n<p class=\"noind\">Да будет Свет Истины!<br>\nОтец Абсолют или Высший Космический Разум!</p>","Files":null,"Date":"2025-08-10T09:55:29.204+03:00","DateChange":"2025-08-10T09:56:01.734+03:00","Link":"poems/10.08.25","Id":"6898428148208e91fc286b44","Srv":"otk","Deleted":false,"Titles":["Вы, уже, выбраны Создателем!"]}
{"Data":{"Next":"poems/10.08.25","NoFooter":false,"PoemOutDict":false,"Titles":null,"Number":"№09 (3372)"},"Active":true,"Catalog":"570ef2fcd07cda3e16f93ef7","Description":"<p class=\"poem\">Все Революции, не приносили, успеха!<br />Идея общая, но реализация, этого разная!<br />Человеческая субъективность, помеха,<br />Жизнь человека, не бывает праздной!</p>\n<p class=\"poem\">Люди, во всём имеют, конкретные интересы!<br />Особенно, если Мир, неожиданно, меняется,<br />У каждого человека в Душе, свои замесы,<br />Человек во время жизни, сильно изменяется!</p>\n<p class=\"poem\">Сегодня, Квантовый переход, как Революция!<br />Только, революция другого, уже, масштаба!<br />Это, Создателя, самого, активная акция!<br />Нет, только, в этой акции, человеческого, Штаба!</p>\n<p class=\"poem\">Во время, всех Революций, были Штабы и руководство,<br />Ожидание, после Революции, власти, ломало людей!<br />В моральном плане, проявлялось уродство,<br />Люди предавали себя и своих, лучших, друзей!</p>\n<p class=\"poem\">Советский Союз, закончился, тоже, печально!<br />За власть в стране, жестокая, была борьба,<br />Люди уничтожали, друг друга, в начале,<br />Была тихая, за власть, между своими, война!</p>\n<p class=\"poem\">Россия была превращена в тиранию!<br />Ибо управление, узурпировала сама власть!<br />Не осталось в России, никакой демократии,<br />Против власти, в Народе, копятся страсти!</p>\n<p class=\"poem\">Не видно в России, впереди, Революции!<br />Страна устала и согнулась, под Тираном,<br />Народ обратился к Богу, за Его акцией,<br />Создатель выступает, уже, против Тирана!</p>\n<p class=\"poem\">20 лет Создатель, готовил людей, Сознание!<br />Но, не все люди согласны с Создателем!<br />Создатель, добивается от людей, Судьбы понимания,<br />С Богом не согласны, всегда, обыватели!</p>\n<p class=\"poem\">Создатель, упорно, отбирает Своих, людей!<br />Людей, которые стоят за Бога, до конца!<br />Во время Эволюции, не бывает других Путей,<br />Собираются не друзья, а носители, Бога Венца!</p>\n<p class=\"poem\">Сегодня, не Революция, а Преображение!<br />Люди, сознательно, переходят в Небо!<br />Это, не революционное движение,<br />А, переход людей-Богов, в Новую Быль!</p>\n<p class=\"poem\">Здесь, невозможны сомнения или обман!<br />Действия людей не на годы, а, на столетия!<br />Люди, начинают собираться в Ашрам,<br />Вопрос поставлен Богом, о долголетии!</p>\n<p class=\"poem\">При жизни, каждый отвечает за себя, человек!<br />Во время Эволюции, люди должны быть Вместе!<br />Единодушие, открывает Новый век,<br />Россия, выбрана Богом, для этого, местом!</p>\n<p class=\"poem\">Повторяю, что Эволюция &ndash; это, когда все, Вместе!<br />Главное, что Вместе, прежде всего, люди-Боги!<br />У людей-Богов, не бывает бытовых средств,<br />И, совсем другие, бывают Итоги!</p>\n<p class=\"poem\">Эволюция в Боги &ndash; это, не Революция!<br />Объединяет людей, Вместе, только Создатель!<br />Для Неба не нужна, никакая резолюция,<br />Среди людей-Богов, нет обывателей!</p>\n<p class=\"poem\">В Небе нет оболочки и нет, никакого быта!<br />Задача Богов, построить в Небе, Ашрам!<br />Все Темы, Материального Мира, закрыты,<br />Возвращение в быт &ndash; это постыдный срам!</p>\n<p class=\"poem\"><strong>Святые должны думать о Святом!<br />Нет никаких, от этого отклонений!<br />Боги, думают Вместе, только, об Одном!<br />Как добиться, Святости Своих решений!</strong></p>\n<p class=\"poem\"><strong>Люди-Боги, строят Новое, не замечая!<br />Нет в этом никакой, подмены понятий!<br />Никто в Небе никого не заставляет!<br />Ибо, есть в этом Судьбы, понимание!</strong></p>\n<p class=\"poem\"><strong>Люди-Боги, уже начали строить Новый Мир!<br />Новый Мир, высоких вибраций!<br />Повторяю, навечно, теперь, Создатель, ориентир!<br />Это, самая совершенная, Богов акция!</strong></p>\n<p class=\"noind\">Да будет Свет Истины!<br />Отец Абсолют или Высший Космический Разум!</p>","Files":null,"Date":"2025-08-09T11:32:31.103+03:00","DateChange":"2025-08-09T11:34:28.541+03:00","Link":"poems/09.08.25","Id":"6897081448208e91fc286b43","Srv":"otk","Deleted":false,"Titles":["Сегодня, не Революция, а, Преображение!"]}
{"Data":{"Next":"poems/09.08.25","NoFooter":false,"PoemOutDict":false,"Titles":null,"Number":"№08 (3371)"},"Active":true,"Catalog":"570ef2fcd07cda3e16f93ef7","Description":"<p class=\"poem\">Осень &ndash; это сбор, Великого урожая!<br />Урожая в Материи, а, главное, в Духе!<br />Ваше возвышение, никому не угрожает!<br />Среди людей, постоянно, ходят слухи, о Чуде!</p>\n<p class=\"poem\">У человека, очень, короткая жизнь!<br />Всё, необычное, обсуждается, как Чудо!<br />Ничего, необычного, не приносит, людям быт,<br />Только рождение человека, как в Мир, окно!</p>\n<p class=\"poem\">Жизнь, человека проходит бесследно!<br />В суете быта, Чуда людям не увидать,<br />Рождение человека, оставляет в Истории след,<br />Человек, должен это, сам понять!</p>\n<p class=\"poem\"><strong>Каждый человек &ndash; это Чудо Создателя!<br />Бог допускает, череду воплощений!<br />Люди &ndash; частицы Бога, а не обыватели!<br />Это есть Создателя в Духе, достижение!</strong></p>\n<p class=\"poem\">Сегодня, этот вопрос поставлен, намного, выше!<br />Создатель, хочет убрать слово &laquo;смерть&raquo;!<br />Человек, должен жить, намного дольше,<br />Главное условие, для человека, Богу верить!</p>\n<p class=\"poem\"><strong>Люди, из Пятой Эпохи, подошли к Шестой!<br />Создатель решил, всё поменять!<br />Люди должны стать системой Одной,<br />При жизни, бессмертными, надо стать!</strong></p>\n<p class=\"poem\">Это, небывалое в Истории, определение!<br />Люди не слышали никогда, такого решения,<br />Люди, должны, тогда, пройти Преображение,<br />Одновременно, и в Духе Возвышение!</p>\n<p class=\"poem\">Создатель предупреждал, что это, будет при жизни!<br />Привычен, для людей, переход в Небо, умирая!<br />Но, сегодня, накануне Перехода, нет ничего лишнего,<br />Создатель, все грани Миров, стирает!</p>\n<p class=\"poem\">Вы, прошли, все уроки Школы!<br />Экзамен в Школе &ndash; это есть, в Новый Мир, Переход!<br />Не будет, больше, никаких протоколов,<br />Будет, для людей, только, в Небо Вход!</p>\n<p class=\"poem\">Вход, будет открыт, для живущих!<br />Для тех, кто не собирается умирать,<br />Эти люди, Создателя, слышащие,<br />Желающие, в Небо, уже, стартовать!</p>\n<p class=\"poem\">Главное, Вера Богу и желание быть с Ним!<br />Тогда, для человека нет, никаких препятствий!<br />У таких людей, над головой, Нимб,<br />Для них жизнь &ndash; Творчество и никаких странствий!</p>\n<p class=\"poem\">Теперь, люди должны объединиться в Одно!<br />В Одно, Великое Целое!<br />Поверьте, это Реальность, а не, цветное, кино,<br />Будет Царство на Планете, Белое!</p>\n<p class=\"poem\">Люди, об этом мечтали, много столетий!<br />Время пришло, только в Шестой Эпохе!<br />Жизнь людей &ndash; это хитросплетение!<br />Только, в Шестой Эпохе, прекратятся вздохи!</p>\n<p class=\"poem\">Создатель, определил Перехода, условия!<br />Никакой смерти людей, а, лишь, Переход!<br />Вы должны доказать себе, Бога подобие,<br />Создатель, как и Себе, откроет Вам Вход!</p>\n<p class=\"poem\">Вы поймёте, что Вы Создателя подобие,<br />Это Материя разделяла Бога и Вас!<br />Творить с Богом, без Материи, удобнее!<br />Вы, поймёте, что Творение &ndash; это счастья час!</p>\n<p class=\"poem\">Поверьте, Ваша фантазия, не имеет границ!<br />Примером, может служить Мессия!<br />Он записал, не глядя, уже тысячи страниц,<br />Выполнив в Духе, свою Миссию!</p>\n<p class=\"poem\">Вы поймёте, что в Духе &ndash; Вы есть Боги!<br />Творящие все вместе, всё, по подобию,<br />Седьмая Эпоха &ndash; это уже Ваши Итоги,<br />Ибо, Вершина Пирамиды &ndash; это для Вас условие!</p>\n<p class=\"poem\">Вы на Правильном, в Небо, Пути!<br />Подготовленном Вам Создателем!<br />Вы, кардинально изменились, по Сути!<br />Забылось, что в Пятой, были Вы, обывателями!</p>\n<p class=\"poem\">Вы, пробовали, раньше, Путь в никуда,<br />Теперь, ваш Путь в Истину,<br />Вы &ndash; Боги, и, не сойдёте с Пути никогда,<br />Теперь, Вы, сами, есть, носители Истины!</p>\n<p class=\"noind\">Да будет Свет Истины!<br />Отец Абсолют или Высший Космический Разум!</p>","Files":null,"Date":"2025-08-08T10:06:08.854+03:00","DateChange":"2025-08-08T10:10:37.356+03:00","Link":"poems/08.08.25","Id":"6895a2ed8c68f8317ba3e921","Srv":"otk","Deleted":false,"Titles":["Каждый человек – это Чудо Создателя!"]}
{"Data":{"Next":"poems/08.08.25","NoFooter":false,"PoemOutDict":false,"Titles":null,"Number":"№07 (3370)"},"Active":true,"Catalog":"570ef2fcd07cda3e16f93ef7","Description":"<p class=\"poem\">Идёт война, внутри и вне России!<br />Не видно, никакого перемирия!<br />Не получается у России, особой Миссии,<br />Нет у России и о себе, мнения!</p>\n<p class=\"poem\">Сегодня, Она готовится, к Вече!<br />В Надежде, что Вече изменит Мир!<br />Конечно, ради этого, зажгутся свечи,<br />У России, Создатель, ориентир!</p>\n<p class=\"poem\">Россия, разрушается на части!<br />Капитал, надеется на Победу!<br />У руля, воры, разной масти,<br />Они принесли, Большую беду!</p>\n<p class=\"poem\">Капитал играет по-крупному!<br />На Кону игры, Великая Россия!<br />Не напрасно, капиталу, видятся трупы,<br />Но, от Создателя, на Руси, есть, Мессия!</p>\n<p class=\"poem\">Мессия &ndash; это, совсем, не Пророк!<br />Пророк &ndash; это, лишь, предсказание!<br />Мессия, от Бога, может преподнести урок,<br />В капитал, может быть, попадание!</p>\n<p class=\"poem\"><strong>Капитал, забыл страх перед Небом!<br />Камчатка, первое напоминание!<br />Создатель и Мессия &ndash; это Целое:<br />Предупреждение и наказание!</strong></p>\n<p class=\"poem\">Людям не дотянуться до Неба!<br />У Бога на всё есть, Свои Планы!<br />Жизнь человека &ndash; это Вечная тема,<br />Бог, сначала, уничтожит все Кланы!</p>\n<p class=\"poem\">Напрасно, люди считают деньги!<br />Деньги &ndash; это пустая прибыль,<br />Деньги, Бог может превратить в тень,<br />Или превратить их, в Небыль!</p>\n<p class=\"poem\">Проекты капитала &ndash; это желание!<br />Желание, положить к ногам, Мир!<br />Но, всё, это, напрасные старания,<br />У Создателя, на Новую Эпоху, ориентир!</p>\n<p class=\"poem\">Ориентир, и на другие вибрации, Эпохи,<br />Материя не выдержит, этот ритм!<br />У капитала, будут плохие Итоги,<br />Шестая Эпоха, сыграет свой, Гимн!</p>\n<p class=\"poem\">Весной люди, не узнают Планету!<br />Вулканы перекроют ландшафт!<br />В жизни, уже, не пригодятся монеты,<br />Бог, наложит, на капитал, штраф!</p>\n<p class=\"poem\">Всё, что делает капитал, не пригодится!<br />Люди, тоже, не выдержат напряжения!<br />Новый Мир, людей-Богов, сбудется,<br />Будет, в Космос, Богов движение!</p>\n<p class=\"poem\">Примет Новый Мир, только, Россия!<br />Но, только, людей-Богов, часть!<br />Управление перейдёт к Мессии!<br />Это будет, людей-Богов, масть!</p>\n<p class=\"poem\">За 20 лет, Создатель подготовил их!<br />Это будет, бестелесное существование,<br />Сегодня, капитал в России, притих,<br />Не нужны Богу, ни деньги, и, ни звания!</p>\n<p class=\"poem\">Союз был Примером и Предтечей!<br />Идеология Равенства, дала корни!<br />Будет этих людей, с Богом, встреча!<br />Годы счастья, будут лететь, как дни!</p>\n<p class=\"poem\">Новая Эпоха &ndash; это Вершина творения!<br />Пятая Эпоха уйдёт на дно!<br />В Новом Мире не будет, забвения!<br />Новый Мир, как и Вы, будет во Мне, Одно!</p>\n<p class=\"poem\">Россия готовит Вече и Обращение!<br />Задача России, спасти население!<br />Россия, откроет в Боги, людей движение!<br />Небо &ndash; это места для поселения!</p>\n<p class=\"poem\">Россия штурмует Высь!<br />Люди-Боги сдают экзамены!<br />Реализована, Создателя Мысль,<br />В Небе, от Эволюции, перемены!</p>\n<p class=\"noind\">Да будет Свет Истины!<br />Отец Абсолют или Высший Космический Разум!</p>","Files":null,"Date":"2025-08-07T10:55:55.038+03:00","DateChange":"2025-08-07T10:56:39.168+03:00","Link":"poems/07.08.25","Id":"68945c372f5cd579fca01ca5","Srv":"otk","Deleted":false,"Titles":["Россия штурмует Высь!"]}
{"Data":{"Next":"poems/07.08.25","NoFooter":false,"PoemOutDict":false,"Titles":null,"Number":"№06 (3369)"},"Active":true,"Catalog":"570ef2fcd07cda3e16f93ef7","Description":"<p class=\"poem\">Этот Мир меняется, но, очень медленно!<br />Каждая страна зависит от Идеологии!<br />Все страны меняются, но, не меняются стены!<br />Неправильная Идеология, грозит патологией!</p>\n<p class=\"poem\">Людям, в таких условиях, живётся плохо!<br />Россия, для этого, хороший пример!<br />В России, многие живут, до последнего вздоха!<br />Только, для богатых, ограничительных нет мер!</p>\n<p class=\"poem\">Различие, среди людей, в стране очень большое!<br />Уже не в разы, а, уже, в тысячи!<br />Несправедливость, такая большая,<br />Что, для богатых людей, быт &ndash; это мелочи!</p>\n<p class=\"poem\">Люди, не слышат друг друга, и, не хотят!<br />В стране два Полюса и две вершины!<br />Богатые люди, себя, уже Богами мнят!<br />Богатые, за страну, уже всё решили!</p>\n<p class=\"poem\">Такого не было, даже, 100 лет назад!<br />Раньше в Союзе, было Равенство!<br />Теперь, Огромного неравенства, парад!<br />Теперь, по отношению к людям &ndash; свинство!</p>\n<p class=\"poem\">Развязана богатыми война Славян, зачем?<br />Никто, не может на это, найти ответ!<br />Лидер страны, хочет быть Всем!<br />Это, для богатых, от Тьмы Завет!</p>\n<p class=\"poem\">Союз развален был, по частям!<br />Вслед за Союзом, покатилась Россия!<br />Всех людей, вдруг, потянуло к Звёздам,<br />Создатель, ради спасения, позвал Мессию!</p>\n<p class=\"poem\">Теперь, Пророк-Мессия творит для сбора,<br />Для сбора людей в Одно Целое!<br />Мессия, одновременно, ведёт и отбор,<br />У него задача, сотворить Царство Белое!</p>\n<p class=\"poem\">Падение России, людям не остановить!<br />Пока, у руля Руси, класс богатых!<br />Людям этой власти, нечего противопоставить,<br />Главное, у богатых людей, есть откаты!</p>\n<p class=\"poem\">Система управления, прогнила совсем!<br />Понятно, что &laquo;рыба гниёт с головы&raquo;!<br />Никто, из богатых, не предлагает Новых тем,<br />Всех, устраивает состояние, тишины!</p>\n<p class=\"poem\">Война, нужна любой власти, всегда!<br />Это условия угнетения, населения!<br />Для бедных &ndash; это постоянная нужда,<br />Значит, против власти, нет движения!</p>\n<p class=\"poem\">Система управления, прошлась по стране!<br />Действует и система вознаграждения!<br />Власти, не важно, что думают на Земле,<br />Главное, нет против власти, движения!</p>\n<p class=\"poem\">Власть не хочет знать, что есть Эволюция!<br />Ей не повезло, ибо настало время!<br />Начались Создателя акции,<br />А это, для богатых людей, есть бремя!</p>\n<p class=\"poem\">Главный Принцип Неба &ndash; это Равенство!<br />На Планете, давно этого нет!<br />Создатель, хочет убрать неравенство,<br />Он ожидает от власти ответ!</p>\n<p class=\"poem\">Понятно, что ответа нет, и, никогда не будет!<br />Лидеры Мира играют в свою игру!<br />Они менять этот Мир, никогда не будут!<br />Идеологическую, людям несут, пургу!</p>\n<p class=\"poem\">Союза нет, значит, нет в Мире Равенства!<br />Власть пытается Социализм забыть!<br />Но, Планета живёт в Неравенстве,<br />Неравенство, мешает людям думать и жить!</p>\n<p class=\"poem\">Повторяю, не повезло власти, ибо впереди Эволюция!<br />Создатель, 20 лет назад прислал Мессию!<br />Начинается Преображения Мира сего, акция!<br />Для, самой России, тоже, определена Миссия!</p>\n<p class=\"poem\">Власть в России, уничтожила Идеологию!<br />Но, Создатель удержал страну!<br />Внутри страны, создана психологическая патология,<br />Превратившаяся, в политическую проказу!</p>\n<p class=\"poem\"><strong>Создатель, принял решение, идти Ва-Банк!<br />Россия должна начать перевоплощение!<br />Создатель, начал силовую акцию, как танк,<br />Бог начал Планеты Преображение!</strong></p>\n<p class=\"poem\"><strong>Природа на Камчатке, показала пример!<br />Теперь, Создателя не остановить!<br />Не хватит у человечества против Бога мер,<br />Шестой Эпохе, высоких вибраций, быть!</strong></p>\n<p class=\"poem\"><strong>Прелюдия Осенью, начало Весной!<br />Изменения коснутся всего и сразу!<br />Не защититься, от Бога, Кремлёвской стеной!<br />Бог уберёт с Планеты, неравенства заразу!</strong></p>\n<p class=\"noind\">Да будет Свет Истины!<br />Отец Абсолют или Высший Космический Разум!</p>","Files":null,"Date":"2025-08-06T11:34:51.245+03:00","DateChange":"2025-08-06T11:35:42.968+03:00","Link":"poems/06.08.25","Id":"689313de2f5cd579fca01ca4","Srv":"otk","Deleted":false,"Titles":["Создатель принял решение, идти Ва-Банк!"]}
{"Data":{"Next":"poems/06.08.25","NoFooter":false,"PoemOutDict":false,"Titles":null,"Number":"№05 (3368)"},"Active":true,"Catalog":"570ef2fcd07cda3e16f93ef7","Description":"<p class=\"poem\">Явить Чудо, поверьте, совсем, не трудно!<br />Главное, чтобы люди поняли Смысл!<br />Придёт время, когда это будет нужно!<br />Люди, должны будут, понять Мой Замысел!</p>\n<p class=\"poem\">Эпоха требует, кардинальных, сейчас, изменений!<br />Но, изменений, прежде всего, человека!<br />У человека, должно измениться к себе, отношение!<br />На Ваших глазах изменятся, вдруг, века!</p>\n<p class=\"poem\"><strong>Но, измениться, они должны, как Богу, надо!<br />Никто не говорит, просто, о Природе!<br />Удивительно, но, человек сам себе, преграда,<br />Человека, всегда, интересует быт и погост!</strong></p>\n<p class=\"poem\">Нужно открыть человеку, его потенциал!<br />Но, как правило, всё это от человека, скрыто!<br />Для человека, жизнь, словно, Актовый зал,<br />Только, Сцена в зале, вуалью закрыта!</p>\n<p class=\"poem\">Жизнь, всегда, происходит на Сцене!<br />На Сцене Истории, избранных людей, ряд,<br />Люди, сидя в Зале, мечтают о перемене,<br />Но, выбирают актёры, необходимый Парад!</p>\n<p class=\"poem\">В актёры идут те, кто о Славе мечтают!<br />Мечтают получить от Судьбы, Главную роль,<br />Но, это, поверьте, не каждому выпадает,<br />Чаще всего, человек играет, другую роль!</p>\n<p class=\"poem\">Незавидная и ничтожная роль, у большинства!<br />И это не жизнь в Зале, а, прозябание!<br />Создатель говорит, что на Сцене, подобие искусства,<br />Всё зависит от Судьбы своей, понимания!</p>\n<p class=\"poem\">Если много Нулей, то страна есть ничто!<br />Если есть Лидеры, то, страна меняется!<br />Если Ноль, подставляет другим плечо,<br />То, страна в Великую, превращается!</p>\n<p class=\"poem\">Россия &ndash; это Великая страна, Мечты!<br />Каждая Её частица, мечтает о Небе!<br />Россия, сегодня расправляет, корабля мачты!<br />Люди, теперь не Нули, а, уже, Небыль!</p>\n<p class=\"poem\">Россия, вопреки Истории, поднимается!<br />Ноль понимает, что Он часть, Создателя!<br />Возможности, вдруг людей, раскрываются,<br />Скоро, уйдут из Руси, все обыватели!</p>\n<p class=\"poem\"><strong>Прошёл, практически, осмотр людей,<br />Люди поняли, свою, ответственность!<br />Люди поняли, что, Вместе, намного сильней,<br />Должна быть, Общая собственность!</strong></p>\n<p class=\"poem\">У людей, вдруг, выросли крылья!<br />Крылья Огромной птицы!<br />Которая летает над Планетой Земля,<br />Люди, теперь, Планеты этой, Владельцы!</p>\n<p class=\"poem\">Создатель дал Право парить!<br />Парить, уже над другим, Пространством,<br />Люди начинают, уже, Богами быть,<br />Прекращаются пустые странствия!</p>\n<p class=\"poem\">Теперь Россия &ndash; это не Ноль!<br />Это есть Великое Начало Начал!<br />Россия для Новой Эпохи, Главная соль,<br />Россия, теперь Космический, уже, Причал!</p>\n<p class=\"poem\">Бог гордится Вами, ибо Вы в Небе!<br />Все страны Мира, сдулись, на этой войне,<br />Россия, теперь, для них, высоко в Небе,<br />Россия, стала препятствием, Большой волне!</p>\n<p class=\"poem\">Теперь, Вам надо, готовить Вече!<br />Это заключительный, Ваш аккорд!<br />Вы заслужили на Вече, от Бога, Свечи!<br />Пусть, Театральный, но, на Сцену выход!</p>\n<p class=\"poem\">Надо сказать Миру, что Россия открыла Путь!<br />Путь спасения всего человечества!<br />Россия показала, что Равенство, Главная Суть,<br />Впервые в Духе будет Отечество!</p>\n<p class=\"noind\">Да будет Свет Истины!<br />Отец Абсолют или Высший Космический Разум!</p>","Files":null,"Date":"2025-08-05T11:03:38.74+03:00","DateChange":"2025-08-05T11:05:33.436+03:00","Link":"poems/05.08.25","Id":"6891bb4d2f5cd579fca01ca3","Srv":"otk","Deleted":false,"Titles":["Бог гордится Вами, ибо, Вы в Небе!"]}
