{"Data":{"Next":"poems/14.09.25","NoFooter":false,"PoemOutDict":false,"Titles":null,"Number":"№13 (3407)"},"Active":true,"Catalog":"570ef2fcd07cda3e16f93ef7","Description":"<p class=\"poem\">Подходит, уже, Ваш, личный, черёд!<br>\nПуть, пройти, Вами нехоженый!<br>\nСоздатель, указал Вам, направление, вперёд,<br>\nВперёд, где для Вас, всё возможно!</p>\n\n<p class=\"poem\">Прошли свой Путь, накоротке!<br>\nДля достижения Малой Цели,<br>\nМечты, остались на волоске,<br>\nВам, помешали бытовые мели!</p>\n\n<p class=\"poem\">Короткий Миг, похожий на отдых!<br>\nВам не понять, ушедших дней!<br>\nВам, показался он, как вздох!<br>\nСоздатель, меняет его, на море дней!</p>\n\n<p class=\"poem\">Никто не объяснил, как надо?<br>\nОсталось в Материи, простоять!<br>\nДля Вас время, словно, преграда!<br>\nНадо родиться в Небе, чтобы Богом стать!</p>\n\n<p class=\"poem\">Не многие люди, успевают это!<br>\nБыт тянет, как груз, на дно!<br>\nСоздателем, на быт, наложено Вето,<br>\nНо, Материя, твердит, всегда, одно!</p>\n\n<p class=\"poem\">В Религии быт &laquo; оправдание!<br>\nНет никаких других причин!<br>\nЖизнь коротка, как, наваждение,<br>\nНепонятных Судьбы глубин!</p>\n\n<p class=\"poem\">Создатель, выбрал, тех, кто понял!<br>\nЧто Жизнь &laquo; это борьба за Жизнь!<br>\nКто Канонам Неба, сам, внял!<br>\nИ понял, что надо, обязательно, Богом быть!</p>\n\n<p class=\"poem\">Жизнь в Материи коротка, как блиц!<br>\nЛюди живут, словно, Ва-Банк!<br>\nНельзя даже на Миг, падать ниц,<br>\nНельзя оставлять, открытым, любой, фланг!</p>\n\n<p class=\"poem\">Мир, прошлый, остановил сражение!<br>\nВойна &laquo; это потерянная жизнь!<br>\nПятая Эпоха &laquo; это людей поражение,<br>\nИбо, люди поменяли Жизнь, на быт!</p>\n\n<p class=\"poem\">Короткая жизнь, людей, без Идеи!<br>\nЛюдям, не везло с Идеологией!<br>\nПовторяю, Мир этот, словно Помпеи,<br>\nЛюди уходят на дно, из-за патологии!</p>\n\n<p class=\"poem\">Одна, Россия переходит в Небо!<br>\nПовторяю, на 26000 лет!<br>\nОна, переходит туда, не слепо!<br>\nРоссия, заработала этот Билет!</p>\n\n<p class=\"poem\">Человечество, начнёт сначала!<br>\nВ короткой жизни, надо увидеть, Смысл!<br>\nВернутся к людям, опять, печали,<br>\nОни, должны понять Бога Замысел!</p>\n\n<p class=\"poem\">Вам, или России, понятна задача!<br>\nВам, не надо забывать, Советский Союз!<br>\nСлово &laquo;Равенство&raquo;, слово предтеча,<br>\nНа весь Солнечный год, как груз!</p>\n\n<p class=\"poem\">Вы, теперь, знаете, что будет!<br>\nВы, поднялись в Небо, выше людей!<br>\nВы, всё прошлое, позабудете,<br>\nВам, Ваша Задача, стала ясней!</p>\n\n<p class=\"poem\">У Вас, времени будет, достаточно!<br>\nДля себя и для Новой идеологии!<br>\nВы, Чашу Грааля, осилите без остатка,<br>\nВы, люди-Боги, Высшей категории!</p>\n\n<p class=\"poem\">Создатель, готовит Вас к Весне!<br>\nВы сами, есть Великое Чудо!<br>\nВы, Вече провели, словно во сне!<br>\nНикто, из Вас, не получил &laquo;неуда&raquo;!</p>\n\n<p class=\"poem\">Вы, неожиданно, для себя, перешагнули Мир!<br>\nВы собрали, вместе, Слова и Музыку!<br>\nВы, правильный выбрали, ориентир!<br>\nВы, отправили Миру, о Чуде, открытку!</p>\n\n<p class=\"poem\">Значит, не стоит, терять времени!<br>\nВесной, надо принять управление!<br>\nДля Пятой Эпохи &ndash; жизнь, уже, бремя!<br>\nШестая Эпоха, начинает Преображение!</p>\n\n<p class=\"poem\">Вы, Весной, перейдёте в Волну!<br>\nПовторяю, станете Вы, Богами!<br>\nПятое человечество пойдёт ко Дну!<br>\nЖизнь людей, обременена грехами!</p>\n\n<p class=\"poem\">Продолжайте жизнь в Музыке!<br>\nМногие люди, будут спасены!<br>\nСпасение людей в Небесном звуке,<br>\nВы, сами, в Небо, уже, вознесены!</p>\n\n<p class=\"noind\">Да будет Свет Истины!<br>\nОтец Абсолют или Высший Космический Разум!</p>","Files":null,"Date":"2025-09-13T11:30:05.292+03:00","DateChange":"2025-09-16T12:58:21.871+03:00","Link":"poems/13.09.25","Id":"68c52be90160732e827fddbb","Srv":"otk","Deleted":false,"Titles":["Вы, скоро, перейдёте в волну!"]}
{"Data":{"Next":null,"NoFooter":false,"PoemOutDict":false,"Titles":null,"Number":"№16 (3410)"},"Active":true,"Catalog":"570ef2fcd07cda3e16f93ef7","Description":"<p class=\"poem\">У Пророка, сложная жизнь, особенно, в России!<br />Страна, должны сражаться и за Него!<br />У Пророка, особенная, от Неба, Миссия!<br />Будущее, России и Мира сего, зависит от Него!</p>\n<p class=\"poem\">Люди, должны понимать, что Он за всё, в ответе!<br />В ответе, за страну и за всех людей, сразу!<br />Создатель, Пророка-Мессию, давно отметил!<br />Предполагается, что Он, не сделает ошибки, ни разу!</p>\n<p class=\"poem\">Мессия &ndash; это пример для всех, в Духе, упорства,<br />Его годы пролетели, как одно мгновение!<br />Создатель, рассчитывает на Духовное торжество!<br />И на изменение, в лучшую сторону, людей поведения!</p>\n<p class=\"poem\">Россия, подводила Пророка, уже, не один раз!<br />Был даже неправедный Суд, как обычно!<br />Расформировать, движение в Боги, был приказ,<br />Создатель, перешёл на стихи, что необычно!</p>\n<p class=\"poem\">Людей, за годы стало меньше, хотя Тема та же!<br />Люди, ожидали, очень короткий Путь!<br />Пророк понял, что Он для России важен!<br />Ему, надо донести до людей, слов Бога Суть!</p>\n<p class=\"poem\">Менялось, много раз, окружение вокруг Пророка!<br />Люди, не могли удержать в Духе нагрузки!<br />Много раз, срывался к Богу, людей поток,<br />Проход в Небо, для людей, всегда, очень узкий!</p>\n<p class=\"poem\">Молодого поколения, совсем, нет притока!<br />Власть, захватила, всё, для воспитания, своей позиции!<br />Мысли, превратились, в тихие для молодых, потоки!<br />Движение молодых, под контролем, у инквизиции!</p>\n<p class=\"poem\">Сегодня, стихи Создателя, перешли в музыку!<br />Поверьте, это уникальное России достижение!<br />Теперь, Души людей, слышат Создателя звуки!<br />Нет, между людьми и Пророком, в Духе сопряжения!</p>\n<p class=\"poem\">Время подходит и сам, Создатель, торопит!<br />Люди России, сегодня, в тихой досаде!<br />Пророк, в этой ситуации, как всегда, просит!<br />Понять, что Он внутри России, словно в осаде!</p>\n<p class=\"poem\">Непонятный лепет, тех, кто впереди!<br />Тяжёлая Судьба, Пророка при жизни!<br />У людей, представления меняются, за дни!<br />Им, непонятно, кто из них Богу, лишний!</p>\n<p class=\"poem\">Теперь, если нет Единой Воли, придётся ждать!<br />Придётся, ждать проявления своей Воли!<br />Людьми не проявлена Воля опять!<br />Не меняется, из-за, этого России, Доля!</p>\n<p class=\"poem\">Опять, долгий Путь в Школе Творца!<br />Опять внутренняя переподготовка!<br />Так, можно людям, не дойти до Конца!<br />Не получается, Шестой Эпохи, подготовка!</p>\n<p class=\"poem\">Медлить, сегодня, никак нельзя!<br />Пятый Мир, на грани своего уничтожения!<br />Создателем, предложена для людей, Новая стезя,<br />Необходимо, ускорить к Богу движение!</p>\n<p class=\"poem\">Повторить, Вече нельзя, нет возможностей!<br />Проявление, Воли людей о Царе не состоялось!<br />Для Пророка, опять проявились сложности!<br />Ибо, Имя Царя Белого на Вече, не показалось!</p>\n<p class=\"poem\">Создателю, придётся, без этого, отложить Начало!<br />У России, на этот раз, не хватило Мужества!<br />России, придётся вновь, пережить печали!<br />Придётся, вновь, ожидать Своего Рождества!</p>\n<p class=\"poem\">Создатель, посмотрит, что получается?<br />Создатель изменит Мир, пока Вы в Коме!<br />Странно, что неопределённость случается!<br />Бог, мечтает отметить Рождество, в Новом Доме!</p>\n<p class=\"noind\">Да будет Свет Истины!<br />Отец Абсолют или Высший Космический Разум!</p>","Files":null,"Date":"2025-09-16T11:55:22.532+03:00","DateChange":"2025-09-16T11:58:33.13+03:00","Link":"poems/16.09.25","Id":"68c926b964303d1bd7cd9d6e","Srv":"otk","Deleted":false,"Titles":["Создателю, придётся, отложить Начало!"]}
{"Id":"62195b9e5d5a11c6eb22ae89","Deleted":false,"Active":false,"DateChange":"2025-09-15T12:31:21.354+03:00"}
{"Data":{"Next":"poems/15.09.25","NoFooter":false,"PoemOutDict":false,"Titles":null,"Number":"№14 (3408)"},"Active":true,"Catalog":"570ef2fcd07cda3e16f93ef7","Description":"<p class=\"poem\"><b>Великие, грядут в Мире, события,<br>\nМир, скоро, разделится на две части!<br>\nДля одних людей, будет из жизни, убытие!<br>\nДля других, наступит Нового Мира, счастье!</b></p>\n\n<p class=\"poem\">Так было всегда и так будет, теперь!<br>\nСтранное, казалось, для людей разделение!<br>\nДля кого-то открывается, в Новое, дверь!<br>\nА, для кого-то, на мёртвых и живых, разделение!</p>\n\n<p class=\"poem\">Но, это не, случай, а, физическое явление!<br>\nТак было всегда, но, сегодня, по-своему!<br>\nПросто, этот Мир, в постоянном движении,<br>\nПодчиняясь, Канону Божьему!</p>\n\n<p class=\"poem\">Люди не знали, что всё по-Новому будет!<br>\nПрошлые поколения, уходили, унося Тайну!<br>\nСовременные люди, понимают, что будет!<br>\nЖизнь, им представляется, суровой Явью!</p>\n\n<p class=\"poem\">Мир, сегодня, стоит на границе Эпох!<br>\nПятая Эпоха, уже, уходит!<br>\nНе каждый человек, так плох,<br>\nЧто в Ад, непременно приходит!</p>\n\n<p class=\"poem\">Поверьте, все люди &ndash; это Мои частицы!<br>\nВ каждом человеке, есть Рай и Ад!<br>\nКаждый человек, пишет, свою страницу,<br>\nКак надо жить, чтобы, не попасть в Ад!</p>\n\n<p class=\"poem\">Жизнь, конечно, коротка и мало времени!<br>\nМало времени, чтобы поправить ошибки!<br>\nБыт человека &ndash; это обременение!<br>\nНе надо, развивать скорость жизни, шибко!</p>\n\n<p class=\"poem\">Человек, должен понимать жизни, Цель!<br>\nЦель рождения и воплощения!<br>\nНужно помнить, что вокруг много целей,<br>\nЖизнь – это Цели, своей, достижение!</p>\n\n<p class=\"poem\">Ваша жизнь &ndash; это череда Экзаменов!<br>\nОни начинаются, сразу, от Рождения!<br>\nЖизнь – это сплошные перемены!<br>\nЖизнь – это естественное, Вверх движение!</p>\n\n<p class=\"poem\">Жизнь коротка и люди не успевают!<br>\nПройти жизнь, без потрясений!<br>\nЛюди, конечно, о Счастье мечтают,<br>\nЖизнь – это снижение, интереса к Вознесению!</p>\n\n<p class=\"poem\">Человек, сам по себе, волновой процесс!<br>\nОн, поднимается с возрастом, до Ума!<br>\nЛюдей, затягивает бытовой регресс,<br>\nОказывается для людей, что жизнь, просто, слова!</p>\n\n<p class=\"poem\">Не успевает, человек за Идеей, в делах!<br>\nМешают власти и обстоятельства!<br>\nОчень многое, теряется в пустых словах!<br>\nЧеловек страдает, и от стяжательства!</p>\n\n<p class=\"poem\">Создатель, объяснил, что надо делать!<br>\nПрежде всего, надо понять, самого себя!<br>\nНадо, на весах Истории, себя взвешивать!<br>\nНадо понять, чем интересен, человек, для Меня!</p>\n\n<p class=\"poem\">Создатель, ждёт от людей энергии или силы!<br>\nКаждый человек – это Высшая в Духе, Мощь!<br>\nЭто, раньше нужны были вилы,<br>\nТеперь, Божественная нужна Сущность!</p>\n\n<p class=\"poem\">Конец Пятой Эпохи, хуже всего!<br>\nЛюди, завязли в последней войне!<br>\nЛюди, не добились для себя, ничего!<br>\nЛюди, приготовились, к Мировой волне!</p>\n\n<p class=\"poem\">Теперь все объяснения, стали возможны!<br>\nГлавное, что Ваше подобие Мне, есть во Всём!<br>\nЕсли, для Вас, появились сложности,<br>\nЛюди, не поняли, что проживают, в Мире Моём!</p>\n\n<p class=\"poem\">Понимание Судьбы, не вызывает сложностей!<br>\nВам, надо понять, что у Создателя два состояния!<br>\nВ зависимости от задач, есть потребности!<br>\nК Вам, должно прийти Судьбы, понимание!</p>\n\n<p class=\"poem\">Теперь, после Вече, Вам стало понятно,<br>\nЧто, характер жизни человека, зависит от Бога!<br>\nСоздатель, после Вече, всё объяснил внятно!<br>\nСоздатель, увидел будущее Руси в Итоге!</p>\n\n<p class=\"poem\">Создатель, показал, что всё может!<br>\nОн, может изменить и самих людей!<br>\nПроцесс перехода, людей в Боги, не сложен!<br>\nНельзя, отказываться, от Своих Корней!</p>\n\n<p class=\"poem\"><b>Вы, поняли физику Преображения!<br>\nЧеловек в Духе, готов перейти в Боги!<br>\nВам, надо, дать Согласие на перемещение!<br>\nЖизнь, Плотного плана, меняется, на Души чертоги!</b></p>\n\n<p class=\"poem\"><b>Ничего, сложно нет, в перемещении!<br>\nНадо, сконцентрировать, свою Волю!<br>\nНадо, по Воле Бога, начать движение!<br>\nТогда, и сменится жизнь, на Небесную Долю!</b></p>\n\n<p class=\"noind\">Да будет Свет Истины!<br>\nОтец Абсолют или Высший Космический Разум!</p>","Files":null,"Date":"2025-09-14T11:36:23.355+03:00","DateChange":"2025-09-15T12:31:10.178+03:00","Link":"poems/14.09.25","Id":"68c67ecd64303d1bd7cd9d6c","Srv":"otk","Deleted":false,"Titles":["Вы, поняли физику Преображения!"]}
{"Data":{"Next":"poems/16.09.25","NoFooter":false,"PoemOutDict":false,"Titles":null,"Number":"№15 (3409)"},"Active":true,"Catalog":"570ef2fcd07cda3e16f93ef7","Description":"<p class=\"poem\">Мир, открывается перед людьми, по-другому!<br>\nВолшебством красок и параллелей!<br>\nЧеловечество, жить, теперь, будет по-Новому!<br>\nБудет творить Новый Мир, без сомнений!</p>\n\n<p class=\"poem\">Люди-Боги, переходят в Волшебный Край!<br>\nВ край неожиданных превращений!<br>\nЭто, согласно, прошлых представлений, есть Рай!<br>\nДля людей, это в Боги Перемещение!</p>\n\n<p class=\"poem\">Подтверждается Мысль Бога, что Вы, вместе!<br>\nВ огромной Сфере Высшего Разума!<br>\nРоссия, теперь, Высшего Разума, место!<br>\nЭто Кладовая Совершенства Ума!</p>\n\n<p class=\"poem\">Россия &ndash; это кладовая, ещё, Калейдоскопа!<br>\nСошлись, вместе все представления!<br>\nЕсть, в этом, микроскопа и телескопа, зоны,<br>\nКак Единой Мысли, представления!</p>\n\n<p class=\"poem\">Вы поднялись в Небо, чтобы понять Мир!<br>\nМир от клетки до Вселенной!<br>\nДля Вас, Создатель, наконец, ориентир,<br>\nВы, для Него, клетка и, одновременно, Вселенная!</p>\n\n<p class=\"poem\">Человек, может всё: подняться и опуститься!<br>\nЧеловек, может стать Богом и не возгордиться!<br>\nЧеловек, не должен на дела скупиться,<br>\nЧтобы, самому в Вечность, Преобразиться!</p>\n\n<p class=\"poem\">Кто-то может говорить с тем, кого нет!<br>\nЕсть для людей параллельный Мир!<br>\nВы получили от Бога в Вечность билет!<br>\nГлавное, для Вас - это правильный ориентир!</p>\n\n<p class=\"poem\">Вы, поняли, что смерти нет, и никогда не было!<br>\nПросто, человек меняет, иногда, диспозицию!<br>\nЧеловеку, никто не объяснил, что было!<br>\nЧеловек &ndash; это гибкая, во всём композиция!</p>\n\n<p class=\"poem\">Человек, в Материи и в Духе, одновременно!<br>\nЧеловек, никогда не прекращает, своё обучение!<br>\nЧеловек в Материи, только, временно!<br>\nУ Него в Космосе, Вечное к Богу движение!</p>\n\n<p class=\"poem\">Человек, видит внутри и вне себя!<br>\nЧеловек творит себя, как Создатель!<br>\nЧеловеку, удаётся в Небо стезя,<br>\nЧеловек, способностями Бога, обладатель!</p>\n\n<p class=\"poem\">В Новой Эпохе, Вы шагнёте в Рай!<br>\nДля Вас, не будет времени и расстояния!<br>\nВы, поймёте, что есть Бесконечный Край!<br>\nГде, клетка шагнула в Создателя, состояние!</p>\n\n<p class=\"poem\">Вы, есть клетка Создателя и Его состояние!<br>\nВы, сами есть Его Каноны!<br>\nУ Вас в руках несметное достояние!<br>\nВы, сами создаёте физику, и Новой науки, фон!</p>\n\n<p class=\"poem\">Представления, Пятой Эпохи, есть прошлый Миг!<br>\nПредставления, Тонкого Мира есть Бога, отражение!<br>\nВы на Вече, совершили подвиг!<br>\nВы, начали людей в Боги, Преображение!</p>\n\n<p class=\"poem\">Теперь, люди из прошлого, уйдут совсем!<br>\nЧасть из них, вслед за Вами, перейдёт в Небо!<br>\nОни, неожиданно, стали, Всем и ничем,<br>\nЛюди, переходят в Боги, и, это их Кредо!</p>\n\n<p class=\"poem\">Вы, теперь, Часть и конечно, Целое!<br>\nВаше Сознание, есть, во Всём!<br>\nТонкий план &ndash; это Мир Богов Белый!<br>\nПлотный и Тонкий планы, есть и будут, вдвоём!</p>\n\n<p class=\"poem\">Это есть, Вечное Чудо Преображения!<br>\nЧастица, всегда, переходит в Целое!<br>\nПотом, будет, в другую сторону движение!<br>\nЧастицы уходят из Целого!</p>\n\n<p class=\"poem\">Есть, постоянство и есть волновой процесс!<br>\nВ человеке, нет предела возможностей!<br>\nЧеловек, как и Бог, Вечный прогресс!<br>\nНет, для человека, никаких сложностей!</p>\n\n<p class=\"poem\">Надо понять, что Вы, всегда, &laquo;Там&raquo; и &laquo;Здесь&raquo;!<br>\nВы &ndash; есть Частица и Вы, есть Целое!<br>\nСоздателем открыта для Вас эта Весть!<br>\nВы &ndash; есть &laquo;Чёрное&raquo; Поле и есть Поле &laquo;Белое&raquo;!</p>\n\n<p class=\"noind\">Да будет Свет Истины!<br>\nОтец Абсолют или Высший Космический Разум!</p>","Files":null,"Date":"2025-09-15T12:24:21.818+03:00","DateChange":"2025-09-15T12:25:26.311+03:00","Link":"poems/15.09.25","Id":"68c7db8664303d1bd7cd9d6d","Srv":"otk","Deleted":false,"Titles":["Вы, теперь, Часть и, конечно, Целое!"]}
{"Data":{"Next":"poems/13.09.25","NoFooter":false,"PoemOutDict":false,"Titles":null,"Number":"№12 (3406)"},"Active":true,"Catalog":"570ef2fcd07cda3e16f93ef7","Description":"<p class=\"poem\">Люди, есть частицы, Божественного подобия!<br>\nЕсть отражение, Мира сего, Создателя!<br>\nВы, почти точная, в масштабе, копия,<br>\nВы, возможностями Создателя, обладатели!</p>\n\n<p class=\"poem\">Наступает время, понять условие, это!<br>\nВремя, проявиться человеком-копией!<br>\nСоздатель, скоро, на Материю, наложит Вето!<br>\nВремя проявится Вам, уже другой копией!</p>\n\n<p class=\"poem\">Помните, человек рождён в Материи и в Энергии!<br>\nДва состояния, как и у Создателя!<br>\nЧеловек, всегда, есть мера Энергии,<br>\nШестая, Эпоха &ndash; это Высоких вибраций, Тема!</p>\n\n<p class=\"poem\">Человек, рождён и устроен для, двух Миров!<br>\nПятая, Эпоха была, Эпохой Материи!<br>\nНет времени, объяснить, различие видов,<br>\nСоздатель, переведёт Вас без потерь!</p>\n\n<p class=\"poem\"><b>Человек, бывает, &laquo;Там&raquo; и &laquo;Там&raquo;, одновременно!<br>\nВам, надо только, переключить Сознание!<br>\nВы в Материи, бываете, только, временно,<br>\nВы, Тонкому плану, оказываете больше внимания!</b></p>\n\n<p class=\"poem\">Создатель давно, говорил Вам, о смерти!<br>\nСмерть &ndash; это в Энергии, Ваше, существование!<br>\nДругими словами &ndash; это, другая вибрация, жизни!<br>\nПроисходит, Ваше в Духе, Преобразование!</p>\n\n<p class=\"poem\"><b>При низких полях, Вас видно в Материи!<br>\nПри высоких вибрациях, Вы есть поле!<br>\nВы, переходите в разное состояние, без потери!<br>\nВсё, в соответствии с Природой и Вашей Волей!</b></p>\n\n<p class=\"poem\">Создатель объяснил переход, через Смерть!<br>\nПри высокой вибрации, через Жизнь!<br>\nВам надо, Создателю, в это, поверить,<br>\nВам, можно разными, одновременно, быть!</p>\n\n<p class=\"poem\">Вы, уникальные Существа, от Создателя!<br>\nВы, приняли Знания от Создателя!<br>\nВы, как и Он, можете быть, Созидателями,<br>\nВ соответствии, от Судьбы, указателями!</p>\n\n<p class=\"poem\">Вы родились в Энергии, как Сам, Бог!<br>\nВ Вас, до Рождения, Энергия Неба,<br>\nВы в конце жизни подведёте Итог!<br>\nИбо, впереди Вас ждёт жизнь, безбедная!</p>\n\n<p class=\"poem\">Повторяю, Вы, всегда, &laquo;Там&raquo; и &laquo;Там&raquo;, одновременно!<br>\nПереход в Небо &ndash; при жизни, это Новое состояние!<br>\nМир Плотного плана &ndash; временно!<br>\nПри Переходе &ndash; Вы, уже, Создателя, достояние!</p>\n\n<p class=\"poem\">Весной изменитесь Вы и Небо!<br>\nШестая Эпоха &ndash; это Высокий Астрал!<br>\nВы, перейдёте в Волновую Быль!<br>\nВами, будет управлять, Ментал!</p>\n\n<p class=\"poem\">Вы шагнёте на 26000 лет, сходу!<br>\nЭто будет Вашим, естественным состоянием!<br>\nИзменится, частотных вибраций, ход!<br>\nКосмос, станет и для Вас, достоянием!</p>\n\n<p class=\"poem\">Вам, не пригодятся комбинезоны!<br>\nЧеловек-волна, это уникальное состояние!<br>\nМатерия, останется для Вас, запретной зоной,<br>\nЭто будет для отдыха Духа, достояние!</p>\n\n<p class=\"poem\">Повторяю, что Вы шагаете в Небо на 26000 лет!<br>\nВы, уйдёте, из Материи, на Солнечный год!<br>\nВам, уже не пригодится в Космос, Билет!<br>\nКвантовый Переход &ndash; это Ваш в Боги, ход!</p>\n\n<p class=\"poem\">Вы, увидите в Космосе, все Вселенные!<br>\nВысший Разум, поможет, в этом, Вам!<br>\nВы, поймёте, что в волне Вы &ndash; есть нетленные!<br>\nВы, будете творить &laquo;Здесь&raquo; и &laquo;Там&raquo;!</p>\n\n<p class=\"poem\">Вы, будете уходить в Материю, отдохнуть!<br>\nВы будете Творить Вселенные и Миры!<br>\nВы, будете, неправильные Вселенные гнуть,<br>\nИнструкциями для Вас, будут Знания и Веды!</p>\n\n<p class=\"poem\">Через Солнечный год, Вы вернётесь другими!<br>\nВ Вас будет Дух Творения!<br>\nПредставления в Вас будут неземными! <br>\nВы, начнёте, уже, Богами, Своё движение!</p>\n\n<p class=\"noind\">Да будет Свет Истины!<br>\nОтец Абсолют или Высший Космический Разум!</p>","Files":null,"Date":"2025-09-12T13:31:22.781+03:00","DateChange":"2025-09-12T16:56:18.672+03:00","Link":"poems/12.09.25","Id":"68c3f6ad0160732e827fddb8","Srv":"otk","Deleted":false,"Titles":["Через, Солнечный год, Вы вернётесь другими!"]}
{"Data":{"Next":"poems/12.09.25","NoFooter":false,"PoemOutDict":false,"Titles":null,"Number":"№11 (3405)"},"Active":true,"Catalog":"570ef2fcd07cda3e16f93ef7","Description":"<p class=\"noind\">Примечание:</p>\n\n<p class=\"noind\">Я Вас называю, просто, Россией,<br>\nИбо, в Вас корни Духа Её!<br>\nУ Вас, не человечества, Миссия!<br>\nВы, этого человечества, только, звено!</p>\n\n<br>\n\n<p class=\"noind\">Основная Часть!</p>\n\n<p class=\"poem\">Россия потеряла себя и Природу!<br>\nСтена покраснела уже от грехов!<br>\nЛюди, властью, превращены в породу,<br>\nНе будет, у Руси никаких успехов!</p>\n\n<p class=\"poem\">Власть решает, как быть, для себя!<br>\nСоздатель, спасёт Вас и Природу!<br>\nЛюдям, предложена волновая стезя!<br>\nКак, Надежда на сохранение Рода!</p>\n\n<p class=\"poem\">Стезя, особенная, уже от Бога!<br>\nВ этих Знаниях, нет заблуждений!<br>\nНе стоит ожидать ненужных Итогов!<br>\nВпереди, принятие исключений!</p>\n\n<p class=\"poem\">Все цивилизации есть на Планетах!<br>\nВаша цивилизация, вне Канонов!<br>\nИные, цивилизации не думают о монетах!<br>\nМонеты &ndash; это прогрессу препоны!</p>\n\n<p class=\"poem\">Выделенные монетами, много хуже!<br>\nИбо, не было на это согласия!<br>\nВаша Планета, Тёмным служит,<br>\nНет в людях, Небесного созерцания!</p>\n\n<p class=\"poem\">Вы, одни, в борьбе с Мировой властью!<br>\nЛюди, власти, мечтают ограбить Мир!<br>\nИные цивилизации живут своей страстью,<br>\nНа Вашей Планете, Создатель ориентир!</p>\n\n<p class=\"poem\">Люди, продолжают жить прошлым!<br>\nНикаких нет, от людей, предложений!<br>\nВ Материи, стать Богами, невозможно!<br>\nНет будущего, в Материальных движениях!</p>\n\n<p class=\"poem\">Вы, обязаны спасти эту Планету!<br>\nНовая Эпоха, будет для Неё спасением!<br>\nЛюди, должны перестать думать о монете!<br>\nВы, сегодня, на Планете, исключение!</p>\n\n<p class=\"poem\">Богатые, мечтают, конечно, о спасении!<br>\nПусть помнят: &laquo;жизнь или кошелёк&raquo;!<br>\nНовая Эпоха &ndash; это волновое движение!<br>\nБогатым, такой Сценарий невдомёк!</p>\n\n<p class=\"poem\">Вы сможете пройти в одиночку!<br>\nТогда, все, кроме России, уйдут!<br>\nВы, первые, написали, одну строчку:<br>\n<b>Народы Планеты, вверх не пройдут!</b></p>\n\n<p class=\"poem\">Создатель, ждёт в Небе, Единый Мир!<br>\nЗемля была от Всех, в отдалении!<br>\nСегодня, ради Единства, увертюра,<br>\nПопытка, Всемирного Единения!</p>\n\n<p class=\"poem\">Мечтает о власти и сама власть!<br>\nОна, не приемлет Новый шанс!<br>\nВо власти не люди, а мразь!<br>\nДля них, только, богатство, вальс!</p>\n\n<p class=\"poem\">Вы, провели Вече, уже на грани!<br>\nВласть, не поняла, что это &ndash; её конец!<br>\nДля Вас, Создатель, открыл Дали! <br>\nЭто от Создателя, Первый Венец!</p>\n\n<p class=\"poem\">Создатель, сам, подведёт Итоги!<br>\nОн не пропустит власть и охрану!<br>\nВ Космосе уже иные потоки,<br>\nВам надо, залечить России раны!</p>\n\n<p class=\"poem\">Теперь, уже Создатель, идёт Ва-Банк!<br>\nНадо спасти в Космосе, ровное, положение!<br>\nСоздатель, проявит силу, как танк!<br>\nНельзя, прекращать Ваше движение!</p>\n\n<p class=\"poem\">Создатель, прекратил диспут с властями!<br>\nИбо, вместо развития, на Земле, регресс!<br>\nСоздатель уничтожит все системы!<br>\nЧтобы, закончить негативный процесс!</p>\n\n<p class=\"poem\">Теперь, Планету представите Вы или Россия!<br>\nОстальные Народы пойдут вниз!<br>\nУ руля России, будет Белый Царь-Мессия!<br>\nЭто будет Планеты, последний блиц!</p>\n\n<p class=\"poem\">Весной, Россия, войдёт в Космическое Единство!<br>\nБудет выбран Единый для Всех, Совет!<br>\nЭто будет Божественная композиция!<br>\nБоги, откроют для Вселенных, Создателя Свет!</p>\n\n<p class=\"noind\">Да будет Свет Истины!<br>\nОтец Абсолют или Высший Космический Разум!</p>","Files":null,"Date":"2025-09-11T14:29:57.063+03:00","DateChange":"2025-09-11T14:33:19.965+03:00","Link":"poems/11.09.25","Id":"68c2b3240160732e827fddb7","Srv":"otk","Deleted":false,"Titles":["Весной, Россия, войдёт в Космическое Единство!"]}
{"Data":{"Next":"poems/11.09.25","NoFooter":false,"PoemOutDict":false,"Titles":null,"Number":"№10 (3404)"},"Active":true,"Catalog":"570ef2fcd07cda3e16f93ef7","Description":"<p class=\"poem\">Меняется всё, человек и Пространство!<br>\nНо, кто-то продолжает интриги!<br>\nПрекращаются, людей странствия!<br>\nНаступает, Нового времени Миг!</p>\n\n<p class=\"poem\">Создатель, требует ускорения!<br>\nМир, вдруг, затих в разногласии!<br>\nВремя требует перевоплощения,<br>\nИли от Планеты, на всё согласия!</p>\n\n<p class=\"poem\">США, кажется, что управляют Миром!<br>\nЕвропа, на всё согласна!<br>\nРоссия накрывает Праздничный пир!<br>\nУкраина, ко всему, безучастна!</p>\n\n<p class=\"poem\">России, нужно время, другое!<br>\nПо Плану, Создателя нужен Мир!<br>\nВремя наступает уже иное!<br>\nСоздатель, тоже, как ориентир!</p>\n\n<p class=\"poem\">Для России нужен Бог, как Начало!<br>\nОна, должна совершить скачок!<br>\nДля России, нет впереди, печалей!<br>\nРусь, как Энергетический, качок!</p>\n\n<p class=\"poem\">Подошло время, Квантового перехода!<br>\nЭто, касается, прежде всего, России!<br>\nУ Неё, Договор с Богом, для прохода!<br>\nДля Неё подготовлен, Царь-Мессия!</p>\n\n<p class=\"poem\">Россия, уже готова шагнуть в Небо!<br>\nТочнее, в Великий Космос!<br>\nДля России, Космос ещё не Быль!<br>\nОна, построит между Вселенными Мост!</p>\n\n<p class=\"poem\">Вселенные, наблюдают за Вами, с Неба!<br>\nРоссия уходит в Небо, люди остаются, Здесь!<br>\nЕдиный Космос &ndash; это Главная Тема!<br>\nДля Мирового Пространства &ndash; это Весть!</p>\n\n<p class=\"poem\">Россия одна с Планеты, спешит в Космос!<br>\nОна, согласилась на всё, с Создателем!<br>\nПовторяю, Россия &ndash; это Космический Мост!<br>\nСоздатель, утвердил Русь, Созидателем!</p>\n\n<p class=\"poem\">Россия, опоздала по сравнению, с Небом!<br>\nНо, в активности Ей не занимать!<br>\nДля Неё, Богом подобран Царь Белый!<br>\nКоторый, имеет от Бога печать!</p>\n \n<p class=\"poem\">Россия, скоро, должна в Небе, быть!<br>\nНе Завтра, но, действительно, скоро!<br>\nОна, должна, проявить свою прыть!<br>\nОна, достигнет Небесную скорость!</p>\n\n<p class=\"poem\">Планета, здорово пострадала!<br>\nРоссия спешила к Звёздам!<br>\nТеперь, Она, на правильный Путь встала!<br>\nОна, скоро войдёт в Единый Плацдарм!</p>\n\n<p class=\"poem\">Россия станет Мировым Целым!<br>\nУже подготовлена Пирамида!<br>\nПланета засветится цветом Белым!<br>\nПланета, станет, потом, Фемидой!</p>\n\n<p class=\"poem\">Весной люди перейдут в Боги!<br>\nЛюди сравняются в Духе!<br>\nПланета, подведёт собственные Итоги,<br>\nВ Одно, соберутся все, потоки!</p>\n\n<p class=\"poem\">Россия, торопится всех догнать!<br>\nУ России &ndash; это получится!<br>\nБудет в Небе от, Бога Рать!<br>\nНичего опасного не случится!</p>\n\n<p class=\"poem\">Станет, Космос Единым, Пространством!<br>\nУже, не Одного, а Всех Мире Светил!<br>\nНаконец, Любовь будет убранством,<br>\nЧеловек-Бог будет, Там, мерилом!</p>\n\n<p class=\"noind\">Да будет Свет Истины!<br>\nОтец Абсолют или Высший Космический Разум!</p>","Files":null,"Date":"2025-09-10T11:34:33.494+03:00","DateChange":"2025-09-10T11:35:37.52+03:00","Link":"poems/10.09.25","Id":"68c13859af3a41280baf85c6","Srv":"otk","Deleted":false,"Titles":["Станет, скоро, Космос Единым Пространством!"]}
{"Data":{"Next":"poems/10.09.25","NoFooter":false,"PoemOutDict":false,"Titles":null,"Number":"№09 (3403)"},"Active":true,"Catalog":"570ef2fcd07cda3e16f93ef7","Description":"<p class=\"poem\">Мир приближается к Переходу!<br>\nРоссия спешит Переход начинать!<br>\nОна, хочет перейти, Туда, сходу!<br>\nУ Неё, уже, есть от Бога печать!</p>\n\n<p class=\"poem\">Люди, не знают, как это будет!<br>\nСоздатель, не обещал России, проблем!<br>\nПросто, люди прошлое, позабудут!<br>\nЛюди, будут решать, другую дилемму!</p>\n\n<p class=\"poem\">Вверх сложно, но, быстро нельзя!<br>\nЛюдям шагнуть в Небо, можно!<br>\nСоздателем, обозначена другая стезя!<br>\nОт Бога стезя, не бывает ложной!</p>\n\n<p class=\"poem\">Надо, стартовать, ибо поздно думать!<br>\nРоссии, Новую Эпоху начинать!<br>\nПридётся России, самой, себя, открывать,<br>\nНа России, Бога стоит Печать!</p>\n\n<p class=\"poem\">Теперь, неважно, что думает Мир!<br>\nРоссия, первая шагает в Небо!<br>\nСоздатель, для России, ориентир!<br>\nНадо идти в Небо, уже, смело!</p>\n\n<p class=\"poem\">Главное, понимать, что будет!<br>\nВчера, Вам сказал, что важен Образ!<br>\nЧеловек, узнаваемый, всегда, будет!<br>\nКак, отпечатанный в Небе, сказ!</p>\n\n<p class=\"poem\">Вы, будете отпечатанным Ликом,<br>\nВеликого Лика Создателя!<br>\nВы, будете, повторяю не точкой, а Ликом!<br>\nВы, примете на себя Роль, Создателя!</p>\n\n<p class=\"poem\">Создатель, видит Вас Вершиной!<br>\nВершиной Своего Творения!<br>\nУ Вас будет Святого Лика мина,<br>\nВы, как покой Вечного движения!</p>\n\n<p class=\"poem\">Вы, для Бога, есть Великое Целое!<br>\nРоссия, будет конструктором!<br>\nУ руля России будет, Царь Белый!<br>\nОн будет для Руси, организатором!</p>\n\n<p class=\"poem\">Вы, шагнёте в Небо, с Ним, вместе!<br>\nВы, посеете Зёрна в России!<br>\nПоловина Мира &ndash; это Богов место!<br>\nБыл, правильно подобран, Мессия!</p>\n\n<p class=\"poem\">Создатель, предложил, Свой выбор!<br>\nИ, Свой выбор, Вас самих!<br>\nТеперь, Вы, уже, сами проведёте отбор!<br>\nВ Ваш Исторический Миг!</p>\n\n<p class=\"poem\">Надо, начинать творить, без опаски!<br>\nСоздатель поможет, кому надо!<br>\nПоверьте, Вы с Ним, в одной связке,<br>\nНет, для Вас, никакой преграды!</p>\n\n<p class=\"poem\">Вы, на границе Миров, а не Мира!<br>\nВы, соедините Планету с другими!<br>\nНа Планете будет Русский Мир,<br>\nМир Знаний будет другим!</p>\n\n<p class=\"poem\">Вы, поймёте, что есть цивилизации,<br>\nВаше Сознание, почти на их уровне!<br>\nВы, вовремя, приняли эту акцию,<br>\nТеперь, Вы на Небе, а не на дне!</p>\n\n<p class=\"poem\">Вселенные примут, Там, Вас с радостью!<br>\nОчень долго Планета была внизу!<br>\nДля Вас это, будет, счастьем,<br>\nЧто Вы с Ними, уже, в одном ряду!</p>\n\n<p class=\"poem\">Теперь, Мировой язык, Русский для всех!<br>\nС Космонавтами было общение!<br>\nСтанция, Общая на Луне, без помех!<br>\nБудет Межпланетное, Богов, помещение!</p>\n\n<p class=\"noind\">Да будет Свет Истины!<br>\nОтец Абсолют или Высший Космический Разум!</p>","Files":null,"Date":"2025-09-09T11:22:31.204+03:00","DateChange":"2025-09-09T11:23:19.23+03:00","Link":"poems/09.09.25","Id":"68bfe3f7af3a41280baf85c5","Srv":"otk","Deleted":false,"Titles":["Вселенные, Там, примут Вас с Радостью!"]}
