{"Data":{"Next":null,"NoFooter":false,"PoemOutDict":false,"Titles":null,"Number":"№277 (3060)"},"Active":true,"Catalog":"570ef2fcd07cda3e16f93ef7","Description":"<p class=\"poem\">Миру нужны срочно Преображения, но не косметические!<br>\r\nЭто Задача, которая стоит перед Россией и Её Народом!<br>\r\nПо масштабам Преображения, их можно назвать Космическими,<br>\r\nРоссия должна сформировать Новую, Людей-Богов, породу!</p>\r\n\r\n<p class=\"poem\">Пока продолжается идти война, время Преображения остановилось!<br>\r\nНо, обстановка на Планете быстро меняется!<br>\r\nЛюдям, со своим Историческим Завтра, пора определиться,<br>\r\nЛюдям, с помощью Мессии, надо в этом разобраться!</p>\r\n\r\n<p class=\"poem\">На первой позиции для Мира сего, сегодня, сама Россия!<br>\r\nНарод на Вече принял и поддержал от Бога Мессию!<br>\r\nРоссия, внутри страны, начинает Учебную для людей Сессию,<br>\r\nРоссия, приняла на себя, Спасителя человечества Миссию!</p>\r\n\r\n<p class=\"poem\">Постепенно, Россия начинает осознавать, свою в Мире, Роль!<br>\r\nНо, Спаситель Мира &ndash; это не только Слова, но и Дело!<br>\r\nЛюди понимают, насколько трудна эта Доля,<br>\r\nМессия решился на этот Промысел, теперь, смело!</p>\r\n\r\n<p class=\"poem\">Россия скоро открывает Школу Бога для населения!<br>\r\nПодготовлен и утверждён список Учителей!<br>\r\nВ конце уже года посмотрим ученья продвижение,<br>\r\nУчиться начинают люди, которым в Духе видней!</p>\r\n\r\n<p class=\"poem\">Теперь Мессия и Россия должны достучаться до человека!<br>\r\nЧеловек, всегда ждёт от Создателя разъяснения!<br>\r\nНаступают Новой Эпохи Исторические века,<br>\r\nТогда и проявится Новой Матрицы, Мира сего построение!</p>\r\n\r\n<p class=\"poem\">Мессия принял от Создателя Главную Задачу от Создателя:<br>\r\nНужно страну, во время войны, удержать в руках!<br>\r\nНе получается у людей Роль Божественных законодателей,<br>\r\nОбсуждение этого вопроса должно быть в коллективах!</p>\r\n\r\n<p class=\"poem\"><b>Система Управление у Бога &ndash; это коллегиальное решение!<br>\r\nРешение предлагают низы Мудрым верхам!<br>\r\nТогда и определяется вверх людей движение,<br>\r\nПомните, Вы своё решение должны предложить Небесам!</b></p>\r\n\r\n<p class=\"poem\">Теперь, Ваш Промысел есть Промысел Бога,<br>\r\nА, Промысел Бога есть Ваш Промысел!<br>\r\nТеперь, всё определяется сразу Всеми в Итоге,<br>\r\nНачинает проявляться Планетарный Замысел!</p>\r\n\r\n<p class=\"poem\">Вы должны, ВМЕСТЕ, выступить против Тьмы!<br>\r\nУ Вас должно получиться Коллективное наступление,<br>\r\nПоверьте, Ваша жизнь человека-Бога не бывает взаймы,<br>\r\nВаша жизнь, теперь, с Создателем в одном направлении!</p>\r\n\r\n<p class=\"poem\">Но, Ваше направление &ndash; это Шестая Эпоха!<br>\r\nВы не можете нарушить Канон Эволюции!<br>\r\nПовторяю, после окончания Школы, Вы перейдёте сходу,<br>\r\nВы подниметесь в Небо, минуя все экзекуции!</p>\r\n\r\n<p class=\"poem\">Люди переходят в Энергию, только через Совет!<br>\r\nДля Вашего поколения России &ndash; это особый случай!<br>\r\nМатрица Пространства или Октаэдр &ndash; это Ваш Билет!<br>\r\nОсенью для Вас может наступить Май!</p>\r\n\r\n<p class=\"poem\">Тьма, конечно, отступит под Вашим напором!<br>\r\nВы, достигли необходимых, для этого, условий!<br>\r\nВам не нужны никакие вилы или топор,<br>\r\nВы, все, Божественное, теперь, сословие!</p>\r\n\r\n<p class=\"poem\">Ваша Энергия меняет Вашу кровь &ndash; это Весть!<br>\r\nВы доказали, что нет времени и нет расстояния!<br>\r\nЧеловечество уже перестраивается жить по Совести!<br>\r\nИзменилось внутри человека состояние!</p>\r\n\r\n<p class=\"poem\">Ваша Энергия &ndash; это Энергия Равенства и Любви!<br>\r\nОна пошла в этот Мир!<br>\r\nВ артерии всё переносится по крови,<br>\r\nМессия теперь для человечества ориентир!</p>\r\n\r\n<p class=\"poem\">Приближается Шестая Эпоха и совсем другие условия!<br>\r\nДля этих условий подготовлен Планетарный Мессия!<br>\r\nПовторяю, люди-Боги на Планете &ndash; это одно сословие!<br>\r\nВам Надо поспешить с Учебной Сессией!</p>\r\n\r\n<p class=\"poem\">С этой войной Создатель разберётся уже Сам!<br>\r\nВаша Задача: срочно передать людям Знания!<br>\r\nВам надо остановить Идеологический бедлам,<br>\r\nЧтобы у людей родилось Судьбы своей понимание!</p>\r\n\r\n<p class=\"poem\">Тех, кто у власти и у богатства, никто не спасёт!<br>\r\nСоздатель, не будет, тратить на них время!<br>\r\nК управлению страной и Планетой Мессия придёт,<br>\r\nНо, это не будет для Мессии бременем!</p>\r\n\r\n<p class=\"noind\">Да будет Свет Истины!<br>\r\nОтец Абсолют или Высший Космический Разум!</p>\r\n","Files":null,"Date":"2024-10-03T13:49:01.159+03:00","DateChange":"2024-10-03T13:49:59.65+03:00","Link":"poems/03.10.24","Id":"66fe76d7774f34566f0ae2f4","Srv":"otk","Deleted":false,"Titles":["Ваша Энергия – это Энергия Равенства и Любви!"]}
{"Data":{"Next":"poems/03.10.24","NoFooter":false,"PoemOutDict":false,"Titles":null,"Number":"№276 (3059)"},"Active":true,"Catalog":"570ef2fcd07cda3e16f93ef7","Description":"<p class=\"poem\">Не надо напрасно ждать и на что-то надеяться!<br />Жизнь человека &ndash; это собственное творение!<br />Поверьте, ничего, просто так, не случается,<br />Между Богом и человеком необходимо Доверие!</p>\n<p class=\"poem\">Люди понимают это, только в конце!<br />В начале жизни человек решает проблемы,<br />Над человеком должно светить Солнце,<br />Человек с Богом, не имеет никакой дилеммы!</p>\n<p class=\"poem\">Перед людьми, поставлена Богом Задача,<br />Которая ставится перед человеком не всегда!<br />У людей отсутствует поколениям передача,<br />Поэтому, эта Задача не решается никогда!</p>\n<p class=\"poem\">Человек живёт мало, но есть человеческий Род!<br />Создатель ставит эту Задачу Роду, а не человеку!<br />У человеческого Рода меняется людей порода,<br />Не получается у Рода, продержаться век!</p>\n<p class=\"poem\">Создатель намеревается повторить попытку!<br />Создатель, для пробы, вновь выбрал Россию!<br />Чтобы это испытание не превратилось в пытку,<br />Создатель, впервые, прислал от Себя Мессию!</p>\n<p class=\"poem\">Более того, Создатель передаёт через Него Знания!<br />Но, функции Мессии, в связи с этим, совсем другие!<br />Была Надежда, что через Знания придёт понимание,<br />Люди, при выполнении Задания, станут иными!</p>\n<p class=\"poem\">Создатель &ndash; это гарантия, что Идеология не изменится,<br />Что Мессия будет сопровождать изменения!<br />Что Род человеческий, наконец, определится,<br />Со своим, Родовым, навечно, мнением!</p>\n<p class=\"poem\">Советский Союз попытался это сделать!<br />Тот, кто сегодня с Создателем, он из СССР!<br />В Идеологии Союза не надо ничего переделывать!<br />Россия, Советская &ndash; это для человечества пример!</p>\n<p class=\"poem\">Создатель убедился, что есть Родовая Память!<br />Особенно, Советская Родовая!<br />Не надо старшему поколению, ничего доказывать,<br />Для них дорога к Счастью есть столбовая!</p>\n<p class=\"poem\"><strong>В этом отношении, Союз оказался предтечей!<br />Остатки Союза переросли в Духовный Росток!<br />Собрания, органично, переросли в Вече!<br />Толпа людей переросла в Божественный поток!</strong></p>\n<p class=\"poem\">Осталось Богу найти только Вожатого!<br />Создатель предложит, из старшего поколения, Мессию!<br />Для восстановления Союза нужен был в Духе богатый,<br />Чтобы смог возглавить подготовку людей Сессию!</p>\n<p class=\"poem\">Мессия принял для себя решение, идти до конца!<br />Это, значит, что полёт России не прерывается!<br />Повторяю, что Создатель прислал Своего Гонца!<br />Его присутствие в стране уже отражается!</p>\n<p class=\"poem\">Сегодня, есть Исторический Род и есть из Него Мессия!<br />У Создателя, теперь, развязаны руки!<br />Бог может начинать Учебную Сессию,<br />Создатель взял Святую Русь на поруки!</p>\n<p class=\"poem\"><strong>Люди, должны понимать, что нет времени!<br />Срок жизни &ndash; это, очень, условное определение!<br />Главная Задача Создателя, совсем, не бремя!<br />Это, к Вершине Сознания человека, движение!</strong></p>\n<p class=\"poem\">Война Славян разбудила, людей Союза Сознание!<br />Война была начата внутри Союза,<br />У людей, до сих пор, есть прошлой войны понимание,<br />Сегодня, в Мире идёт Идеологическая буза!</p>\n<p class=\"poem\">Эта война вызвала волну возмущения!<br />Славяне воюют против Славян, в угоду Тьме!<br />Нельзя было давать, на войну, внутри Рода, разрешения!<br />Тот, кто начал эту войну, должен сидеть в тюрьме!</p>\n<p class=\"poem\">У того, кто хочет в Союз, виден подъём Сознания!<br />Была Идеология, не дающая людям спокойно спать!<br />Сегодня, к старшему поколению пришло понимание,<br />Молодым надо твёрдо, как они, в жизни стоять!</p>\n<p class=\"poem\"><strong>Никто России не поможет, кроме Бога и самих себя!<br />Но, для этого, как и раньше, нужно Образование!<br />Поверьте, Ваш Проект &ndash; это Планета Земля,<br />Ваша Задача от Создателя &ndash; это Преобразование!</strong></p>\n<p class=\"poem\">Вы должны подняться с колен, ибо есть условия!<br />На Небе, уже решена, Ваша Судьба!<br />В Новом Роду, или в стране, не будет сословий!<br />Над Святой Русью взошла, наконец, Звезда!</p>\n<p class=\"noind\">Да будет Свет Истины!<br />Отец Абсолют или Высший Космический Разум!</p>","Files":null,"Date":"2024-10-02T11:28:12.132+03:00","DateChange":"2024-10-02T12:00:02.198+03:00","Link":"poems/02.10.24","Id":"66fd04363834b0890088f653","Srv":"otk","Deleted":false,"Titles":["Вы должны подняться с колен, ибо есть условия!"]}
{"Data":{"Next":"poems/02.10.24","NoFooter":false,"PoemOutDict":false,"Titles":null,"Number":"№275 (3058)"},"Active":true,"Catalog":"570ef2fcd07cda3e16f93ef7","Description":"<p class=\"poem\">В любом случае Преображение человека начинается!<br>\r\nКонечно, важны этого Преображения координаты!<br>\r\nВсе проблемы на этом Пути Создателем убираются!<br>\r\nСоздатель подскажет людям эту Историческую дату!</p>\r\n\r\n<p class=\"poem\">Пока не было договорённости, не стоило о дате мечтать!<br>\r\nТеперь, Создатель услышал и увидел Мессии условия!<br>\r\nПосле согласования можно смело Преображение начинать,<br>\r\nЭто будет, наконец, самое реальное послесловие!</p>\r\n\r\n<p class=\"poem\">Конечно, не всех людей устроит это, на Руси, начинание!<br>\r\nНо, по времени Эволюции Шестая Эпоха рядом!<br>\r\nВ этот Момент должны остановиться все противостояния!<br>\r\nВаше движение будет представлено Единым отрядом!</p>\r\n\r\n<p class=\"poem\">Создатель просил Вас дождаться конца месяца,<br>\r\nМессия не обманул все Создателя ожидания!<br>\r\nОн своим предложением разорвал своё же Сердце,<br>\r\nСвоим предложением, Он прекратил людей скитания!</p>\r\n\r\n<p class=\"poem\">Теперь, всем людям стало предельно ясно,<br>\r\nЧто Мессия решился принять Ответственность на себя!<br>\r\nЗначит, Идеология людьми была выбрана правильно,<br>\r\nСогласована с Создателем Новая для России стезя!</p>\r\n\r\n<p class=\"poem\">Теперь Святая Русь имеет от Создателя Программу!<br>\r\nПрограмму перехода в Шестую Эпоху,<br>\r\nВаша Вера Создателю не должна измениться ни на грамм,<br>\r\nУ Вас получится преодолеть переход сходу!</p>\r\n\r\n<p class=\"poem\">Теперь, Создатель примется за властную в стране Суть!<br>\r\nВласть должна уступить страной управление!<br>\r\nСтрана, уже выбрала для себя на Небе, другой Путь!<br>\r\nСоздатель начинает Историческое Преображение!</p>\r\n\r\n<p class=\"poem\">Ещё гремит канонада и ООН стоит против Руси стеной!<br>\r\nНо, Мир и Создатель примут решение в пользу России,<br>\r\nТеперь, за Идеологию Равенства Русь будет стоять горой!<br>\r\nПовторяю, что, теперь, впереди России Планетарный Мессия!</p>\r\n\r\n<p class=\"poem\">Небо определило все условия перехода для человечества!<br>\r\nПостепенно, это скажется на Сознании человека!<br>\r\nС России начинается построение Белого Отечества,<br>\r\nРазрушена будет, между Россией и человечеством, стена!</p>\r\n\r\n<p class=\"poem\">Людям надо всё обдумать и проявить инициативу,<br>\r\nОчень важно мнение каждого человека!<br>\r\nСоздатель уже рассказал Вам дальнюю перспективу,<br>\r\nВы уже стоите на Пороге Нового Века!</p>\r\n\r\n<p class=\"poem\">Для Мессии Небом уже определена Его позиция!<br>\r\nМировой власти с этим придётся считаться!<br>\r\nПо-современному, Небо подняло Мессии акции,<br>\r\nСоздатель, с каждой властью, будет разбираться!</p>\r\n\r\n<p class=\"poem\">Для Создателя очень важны Ваши представления!<br>\r\nНадо исключить, даже малейшее, Богу неверие!<br>\r\nНужно выправить в Ваших рядах построение!<br>\r\nТеперь у Создателя к Вам укрепилось Доверие!</p>\r\n\r\n<p class=\"poem\">Наступает период окончательного Преображения!<br>\r\nВойна затихнет, как и началась!<br>\r\nОстановится всех войск передвижение!<br>\r\nРоссия в границах СССР осталась!</p>\r\n\r\n<p class=\"poem\">Ватикан, постепенно, признает Мессию!<br>\r\nОн согласится при Единой платформе!<br>\r\nБудет перестройки Планеты Идеологическая Сессия!<br>\r\nНачинается принятие, Российского правления формы!</p>\r\n\r\n<p class=\"poem\">Мессия обозначил Идеологию Равенства и Любви!<br>\r\nЭто важно для Сознания человечества,<br>\r\nЛюди поймут, как Мир отражается на крови,<br>\r\nПосле Школы Бога проявлено будет Отечество!</p>\r\n\r\n<p class=\"poem\"><b>Планы Создателя приобретают конкретные очертания!<br>\r\nВ Шестой Эпохе будет проявлена Бога Монархия!<br>\r\nВот, когда будут нужны Ваши старания,<br>\r\nЧтобы не было, даже намёка, на рыночную анархию!</b></p>\r\n\r\n<p class=\"poem\">Пятая Эпоха уйдёт, как и прошлая идеология!<br>\r\nИдеология прошлых войн и насилия!<br>\r\nВ прошлом остаётся капитала патология.<br>\r\nТьма, окончательно, распишется в своём бессилии!</p>\r\n\r\n<p class=\"poem\">Создатель, как и Вы, долго ожидал решения Мессии!<br>\r\nСоздатель не ошибся в выборе,<br>\r\nНачинается Ппреображения Сознания людей Сессия!<br>\r\nВы, значительно, преуспели в Вере!</p>\r\n\r\n<p class=\"noind\">Да будет Свет Истины!<br>\r\nОтец Абсолют или Высший Космический Разум!</p>\r\n","Files":null,"Date":"2024-10-01T12:47:24.189+03:00","DateChange":"2024-10-01T13:17:37.818+03:00","Link":"poems/01.10.24","Id":"66fbc5525f386944a7eed65c","Srv":"otk","Deleted":false,"Titles":["Планы Создателя приобретают конкретные очертания!"]}
{"Id":"62195b9e5d5a11c6eb22ae89","Deleted":false,"Active":false,"DateChange":"2024-10-01T12:10:00.723+03:00"}
{"Data":{"Next":"poems/01.10.24","NoFooter":false,"PoemOutDict":false,"Titles":null,"Number":"№274 (3057)"},"Active":true,"Catalog":"570ef2fcd07cda3e16f93ef7","Description":"<p class=\"poem\">Последний день, обещанного Сентября!<br>\r\nНет никаких изменений в Пространстве!<br>\r\nНо, ничего и никогда не бывает зря!<br>\r\nЛюди должны прекратить странствия!</p>\r\n\r\n<p class=\"poem\">Люди не разобрались, что с ними будет?<br>\r\nТакого противостояния не было никогда!<br>\r\nЭтот несправедливый Мир человек забудет,<br>\r\nПланета изменится, скоро, уже навсегда!</p>\r\n\r\n<p class=\"poem\">Сегодня, в последний раз, война Миров,<br>\r\nЧерез сражение между Славянами!<br>\r\nДля Тьмы &ndash; это последний людей улов,<br>\r\nВсе люди будут одной Судьбой связаны!</p>\r\n\r\n<p class=\"poem\">Собравшиеся, вместе, представители власти,<br>\r\nРешили перестроить этот Мир по-своему!<br>\r\nУ простого Народа кипят от этого страсти,<br>\r\nНо, человек Завтра будет жить по-Моему!</p>\r\n\r\n<p class=\"poem\">Официально решено, что ООН против России!<br>\r\nРаньше, Союз предложил организовать ООН!<br>\r\nСегодня, в России для Мира сего, явлен Мессия,<br>\r\nНельзя рассматривать Русь, как полигон!</p>\r\n\r\n<p class=\"poem\">К такому повороту никто не готов и Россия!<br>\r\nИсток Новой России показал иной Путь!<br>\r\nОт Неба теперь выступает, только Мессия,<br>\r\nМессия &ndash; это присутствия Создателя, Суть!</p>\r\n\r\n<p class=\"poem\">В таких условиях, будет прекращена война!<br>\r\nНет смысла в войне, если ООН &ndash; против!<br>\r\nПротив войны поднялась Света волна,<br>\r\nЭто неожиданный для человечества мотив!</p>\r\n\r\n<p class=\"poem\">Небо решило всё окончательно!<br>\r\nЭто было решено Планетарным Мессией,<br>\r\nТеперь, Исток России Судьбой опечален,<br>\r\nНе будет при подведении Итогов, Комиссии!</p>\r\n\r\n<p class=\"poem\">За всё отвечает, теперь, Высший Совет!<br>\r\nВпервые, будет коллективное представление!<br>\r\nЗа Шестую Эпоху Создатель держит ответ!<br>\r\nТеперь, под руководством Мессии, движение!</p>\r\n\r\n<p class=\"poem\">Было решено, принять от Мессии условия,<br>\r\nОн, теперь для человечества, отсчёт времени,<br>\r\nРешено, что больше не будет сословий,<br>\r\nДля развития Сознания людей нет бремени!</p>\r\n\r\n<p class=\"poem\">Наступает время Исторического Преображения!<br>\r\nНабор учащихся в Школе Бога за Ним,<br>\r\nНачинается в Шестую Эпоху людей перемещение,<br>\r\nНад Мессией восстановлен Нимб!</p>\r\n\r\n<p class=\"poem\">Всё изменилось, ибо Мессия задал вопрос!<br>\r\nОн принял на себя за всё ответственность!<br>\r\nЭто было Его решение, за прошлое снос!<br>\r\nПо мнению Неба &ndash; это Мессии взвешенность!</p>\r\n\r\n<p class=\"poem\">Создатель, долго ждал, от Мессии такого решения!<br>\r\nВыбор на Небе &ndash; это ещё не Судьба!<br>\r\nНужно было услышать Мессии мнение,<br>\r\nПри утверждении Советом, не хватает одного «Да»!</p>\r\n\r\n<p class=\"poem\"><b>Движение людей в Пятой Эпохе, было по аналогии!<br>\r\nМессия, Исторически, должен был состояться!<br>\r\nЕсть, на Небе, очень строгие технологии:<br>\r\nЧеловек, поднявшийся к Богу, должен остаться!</b></p>\r\n\r\n<p class=\"poem\">Такова Судьба тех, кто был Богом выбран!<br>\r\nИбо, годы жизни &ndash; это годы проверки!<br>\r\nМессия в России, Исток Новой России, создал!<br>\r\nРосток России прошёл уже все поверки!</p>\r\n\r\n<p class=\"poem\">Теперь, положение Мессии на Планете, другое!<br>\r\nМессия был утверждён Высшим Советом!<br>\r\nТо, что было в Пятой Эпохе, не повторится такое,<br>\r\nМессия &ndash; это Первый Создателя Завет!</p>\r\n\r\n<p class=\"poem\">Теперь, на Планете положение дел изменится!<br>\r\nЕсть Мессия, утверждённый Высшим Советом,<br>\r\nКоронация Монарха на Совете состоится,<br>\r\nДля человечества &ndash; это будет Главным Заветом!</p>\r\n\r\n<p class=\"poem\">Шестая Эпоха скоро вступит в Права!<br>\r\nЛюди должны будут пройти Школой испытания!<br>\r\nУстановятся на Планете для людей-Богов Правила,<br>\r\nНе напрасны были, все Ваши старания!</p>\r\n\r\n<p class=\"noind\">Да будет Свет Истины!<br>\r\nОтец Абсолют или Высший Космический Разум!</p>\r\n","Files":null,"Date":"2024-09-30T10:49:27.391+03:00","DateChange":"2024-09-30T10:49:59.009+03:00","Link":"poems/30.09.24","Id":"66fa58276807455855ccc75c","Srv":"otk","Deleted":false,"Titles":["Создатель долго ожидал от Мессии решения!"]}
{"Data":{"Next":"poems/30.09.24","NoFooter":false,"PoemOutDict":false,"Titles":null,"Number":"№273 (3056)"},"Active":true,"Catalog":"570ef2fcd07cda3e16f93ef7","Description":"<p class=\"poem\">Сегодня, весь этот Мир, словно на краю пропасти!<br>\r\nКаждый человек, независимо, решает свою Судьбу!<br>\r\nСоздатель хочет всех сразу людей от этого спасти,<br>\r\nПредлагая, в Вечности, Новую для людей тропу!</p>\r\n\r\n<p class=\"poem\">Пятая Эпоха исчерпала свои возможности до конца!<br>\r\nНастоящая война &ndash; предел безнравственности!<br>\r\nСоздатель ради спасения людей прислал Мессию &ndash; гонца,<br>\r\nЧтобы повернуть человечество к Духовности!</p>\r\n\r\n<p class=\"poem\">Люди этого не понимают, ибо есть религии!<br>\r\nСоздатель объяснил, что была роковая ошибка,<br>\r\nИбо люди, добровольно, надели на себя вериги!<br>\r\nЭто оказалось для Сознания человека плохо, слишком!</p>\r\n\r\n<p class=\"poem\">Эта война разделила этот Мир сразу на две части!<br>\r\nПроявился Новый Исток России около Создателя!<br>\r\nНо, сохранились от Мировой Тьмы власти!<br>\r\nИ сплотились вокруг этой власти все обыватели!</p>\r\n\r\n<p class=\"poem\">Новый Росток России, корни имеет от СССР!<br>\r\nВ нём заложены Истоки Равенства и Любви,<br>\r\nЭтот Росток уже стал для, Мира сего, примером,<br>\r\nЭти люди не хотят знать, что есть край пропасти!</p>\r\n\r\n<p class=\"poem\">Тьма на этой войне уничтожает Славянское население!<br>\r\nПоляки, тоже пример, Славянского разделения,<br>\r\nНо, Росток России планирует построить в Духе поселение,<br>\r\nГде будет, истинное к Создателю движение!</p>\r\n\r\n<p class=\"poem\">Славяне &ndash; это особый вид людей на Планете!<br>\r\nИм принадлежит Единый язык и Одна История!<br>\r\nСлавяне никогда не подчинялись монете,<br>\r\nЭто люди-Боги, совсем, неземной уже категории!</p>\r\n\r\n<p class=\"poem\">Иудеи подняли революцию против Царя!<br>\r\nСлавяне были поставлены на колени,<br>\r\nНо, они поспешили сказать, что взошла Заря,<br>\r\nСоздатель искренности России, тогда поверил!</p>\r\n\r\n<p class=\"poem\">Теперь, накануне уже Шестой Эпохи,<br>\r\nСоздатель хочет вернуть Имперское управление,<br>\r\nЛюди должны будут творить себя, забыв слово «лохи»!<br>\r\nРосток Новой России начал уже перестроение!</p>\r\n\r\n<p class=\"poem\">Тьма, с войной против Славян, очень поспешила!<br>\r\nУкраина попала под управление иудеев!<br>\r\nТьма не поняла, что Росток Договором с Богом, всё отменил:<br>\r\nПо Договору будут, против Славян, отменены все затеи!</p>\r\n\r\n<p class=\"poem\">Сегодня, вся Мировая Тьма собралась против России:<br>\r\nАмерика, НАТО, Европа и ООН!<br>\r\nНо, между Создателем и людьми был поставлен Мессия,<br>\r\nРоссия не должна рассматриваться, как полигон!</p>\r\n\r\n<p class=\"poem\">Росток России проявил Свободную Волю на Вече!<br>\r\nСвятая Россия приняла управление, через Мессию!<br>\r\nСоздатель, в знак Согласия, попросил зажечь свечи,<br>\r\nНачинается Преображения Мира сего, особая Сессия!</p>\r\n\r\n<p class=\"poem\">Теперь все военные действия не имеют Смысла!<br>\r\nРосток России настоял закончить войну,<br>\r\nШестая Эпоха &ndash; это Новый Создателя Замысел!<br>\r\nВся Мировая Тьма, теперь пойдёт ко дну!</p>\r\n\r\n<p class=\"poem\">Энергетическое воздействие Ростка, изменит картину!<br>\r\nУ людей начинается Сознания изменение!<br>\r\nВойна и люди на войне уйдут, навечно, в Тину,<br>\r\nСкоро, кардинально изменится, людей поведение!</p>\r\n\r\n<p class=\"poem\">Росток Новой России набирает силу!<br>\r\nВласть под давлением Создателя скоро отступит!<br>\r\nКогда Народ в Духе, тогда не нужны людям, вилы,<br>\r\nВласть, территорию страны, Народу уступит!</p>\r\n\r\n<p class=\"poem\"><b>Создатель уже подготовил Новую Матрицу!<br>\r\nНовая Матрица состоит из людей-Богов!<br>\r\nСегодня, Историческая для Мира сего, пишется страница,<br>\r\nНаступает время, подведения Эпохальных Итогов!</b></p>\r\n\r\n<p class=\"poem\"><b>Создатель, очень давно, обещал Вечную жизнь!<br>\r\nЛюди перейдут, скоро, в Новое состояние,<br>\r\nТеперь вне Материи все люди будут, счастливо, жить,<br>\r\nВ Новой Эпохе, Вы будете оказывать на Мир влияние!</b></p>\r\n\r\n<p class=\"poem\"><b>Шестая Эпоха начнётся с Новой России!<br>\r\nБожественная Монархия на 26000 лет!<br>\r\nУправление Планетой примет на себя Мессия!<br>\r\nШкола Бога &ndash; это для людей в Новую жизнь Билет!</b></p>\r\n\r\n<p class=\"noind\">Да будет Свет Истины!<br>\r\nОтец Абсолют или Высший Космический Разум!</p>\r\n","Files":null,"Date":"2024-09-29T12:16:28.648+03:00","DateChange":"2024-09-29T12:16:54.619+03:00","Link":"poems/29.09.24","Id":"66f91b06df223c9a962f5369","Srv":"otk","Deleted":false,"Titles":["Шестая Эпоха начинается с Новой России!"]}
{"Data":{"Next":"poems/29.09.24","NoFooter":false,"PoemOutDict":false,"Titles":null,"Number":"№272 (3055)"},"Active":true,"Catalog":"570ef2fcd07cda3e16f93ef7","Description":"<p class=\"poem\">Сегодня, все международные Организации разъединились!<br />Нет в этом Мире, сегодня, какой-либо Единой позиции!<br />Только силы Тьмы, в борьбе против Света, объединились!<br />Такое положение в Мире очень похоже, на времена инквизиции!</p>\n<p class=\"poem\">Все силы Мировой Тьмы стоят на одной позиции!<br />Вся Мировая Тьма ополчилась против России!<br />Власть самой России, имеет свою роль, в инквизиции,<br />Власть старается не замечать, что внутри страны есть Мессия!</p>\n<p class=\"poem\">Однако, внутри России уже пробился Новой Эпохи Росток!<br />Этот Росток подписал Договор навечно с Создателем!<br />Росток начинает свой выход, значит, покидает Мировой рынок,<br />Начинается очищение страны от сословий и обывателей!</p>\n<p class=\"poem\">Пока, чистых Духом людей, в стране очень мало!<br />Власть изменила Сознание, ранее Духовных людей!<br />Но, время Преображения этого Мира, уже настало!<br />Нет у человечества для Нового Завтра, никаких других путей!</p>\n<p class=\"poem\">Заседание в ООН показало, что человечество в тупике!<br />Обсуждались, исключительно, бытовые проблемы,<br />Русский вопрос, обсуждался в ООН лишь накоротке,<br />Хотя будущее человечества является Главной Темой!</p>\n<p class=\"poem\">Никто из властей, на это, не обратил внимания,<br />Люди считают, что нет предмета Эволюции человеческого Сознания!<br />Нет и глубокой связи, человека с Создателем, понимания!<br />Ибо, нет у человечества Знаний о структуре Мироздания!</p>\n<p class=\"poem\">Все разговоры в Мире, об этом идут, на уровне эзотерики!<br />Религии расписались в своём, этого, непонимании,<br />Ватикан, храня Тайну, произносит только патетику,<br />Вдруг, стал, говорить о Создателе, как о Единообразии!</p>\n<p class=\"poem\">Но, сегодня Знания Бога о Мироздании, есть только у России!<br />Мессия передаёт их людям от Создателя уже 20 лет!<br />Проявляется особая роль, от Создателя, Мессии,<br />Мессия начинает готовить для людей, в Школу Бога, билеты!</p>\n<p class=\"poem\">Сегодня, накануне Квантового перехода, в Новый Мир,<br />Очень важно подготовить для этого население,<br />Теперь, на очередные 26000 лет Создатель для людей - ориентир,<br />Создатель считает, что будет Новое людей-Богов поселение!</p>\n<p class=\"poem\">Всё, что обсуждалось в ООН, уже не имеет смысла!<br />Квантовый переход уже на Пороге!<br />Есть для Завтра людей-Богов, Создателя, Замысел!<br />Впереди человечества, в Шестой Эпохе, есть другие отроги!</p>\n<p class=\"poem\">Пора думать и решать о жизни людей-Богов, Завтра!<br />Войны, как и Материя, остаются в прошлом!<br />Сегодня, настало время сказать людям всю Правду,<br />Ибо, переход в Шестую Эпоху уже возможен!</p>\n<p class=\"poem\">Раскрывается Ключевая Роль Святой Руси!<br />Святая Русь и Россия &ndash; это не одно и то же!<br />У Святой Руси от Создателя есть Миссия!<br />Понимание этого, для людей будет сложным!</p>\n<p class=\"poem\"><strong>Прошли тысячелетия безбожия на Планете!<br />Религии были придуманы для управления!<br />Были все действия подчинены монете,<br />Религии несли механизм силового давления!</strong></p>\n<p class=\"poem\"><strong>Тот, кто придумывал, знал, как надо управлять!<br />Было решено, что надо предложить людям ориентир!<br />Эти люди понимали и умели, через поколения, ждать,<br />Они хотели через монету, поставить на колени Мир!</strong></p>\n<p class=\"poem\">Не подчинилась этому, только от Бога Святая Россия!<br />Создатель одарил Россию природными богатствами!<br />Сегодня, Бог в помощь России прислал Мессию!<br />Чтобы страна подошла к Миру с Духовным Достоинством!</p>\n<p class=\"poem\">Мировая Тьма не может допустить этого!<br />Была развёрнута между Славянами война!<br />Славян гибнет много на этой войне, поэтому,<br />Значит, это не война, а, Мировой Тьмой, Славян бойня!</p>\n<p class=\"poem\">Так продолжаться долго не будет!<br />Святая Россия проявила в Духе свою Волю,<br />Люди-Боги эту войну скоро забудут,<br />У Них строительства, Новой цивилизации, Доля!</p>\n<p class=\"poem\"><strong>Это счастливая Доля для Новых людей-Богов,<br />Шестая Эпоха &ndash; это Эпоха становления!<br />Люди-Боги доберутся до Божественных Итогов!<br />Это будут в Космосе, уникальные достижения!</strong></p>\n<p class=\"noind\">Да будет Свет Истины!<br />Отец Абсолют или Высший Космический Разум!</p>","Files":null,"Date":"2024-09-28T11:53:38.699+03:00","DateChange":"2024-09-28T19:19:14.253+03:00","Link":"poems/28.09.24","Id":"66f7c42a3b08aa4b114a2fb5","Srv":"otk","Deleted":false,"Titles":["Прошли тысячелетия безбожия на Планете!"]}
{"Data":{"Next":"poems/28.09.24","NoFooter":false,"PoemOutDict":false,"Titles":null,"Number":"№271 (3054)"},"Active":true,"Catalog":"570ef2fcd07cda3e16f93ef7","Description":"<p class=\"poem\">ООН не понимает Суть, для Мира сего, Великой России!<br />ООН, сегодня, пошла на поводу у Тёмных сил!<br />Россия выводит на сцену Истории от Бога Мессию!<br />Создатель своё решение, для человечества, уже огласил!</p>\n<p class=\"poem\">Вопрос о Завтра Планеты дошёл до ООН, впервые!<br />Решение о войне принимали Америка и Россия!<br />Теперь Сессия ООН пытается решить проблемы вековые,<br />Но, решение вопроса о Завтра Планеты - это Бога Миссия!</p>\n<p class=\"poem\">ООН &ndash; это организация для людей и стран!<br />Решать будущее Планеты для ООН не дано!<br />ООН &ndash; это пример договорённости всех сторон!<br />Изменять этот Мир &ndash; это только Создателя Право!</p>\n<p class=\"poem\">Осуждать страны или народы ООН &ndash; не вправе!<br />Не получается у людей, даже в ООН, видеть Завтра!<br />Только Создатель всё решает Правильно,<br />Только Создатель может говорить людям Правду!</p>\n<p class=\"poem\">ООН &ndash; это, прежде всего, круглый стол,<br />Где можно, по текущим вопросам, договориться!<br />ООН пытаются договориться, чтобы не звучало слово &laquo;ствол&raquo;,<br />Но слово &laquo;ствол&raquo; &ndash; это уже Историческая страница!</p>\n<p class=\"poem\">ООН не смогла вмешаться в эту войну, раньше!<br />Всё в этом Мире определяет Америка!<br />ООН не понимает, что может произойти дальше,<br />В Мире зазвучала Новая, совершенно, патетика!</p>\n<p class=\"poem\">В этих условиях, людям придётся по-Новому жить!<br />Человечество не успеет к этому подготовиться,<br />Поменяется скоро, кардинально, жизни быт,<br />Сознание людей должно будет перестроиться!</p>\n<p class=\"poem\">Эта война меняет, Мира сего, ход Истории!<br />Вопросы территорий приковали людей внимание!<br />Важнее вопрос, о людях-Богах, другой категории,<br />К людям должно прийти Важности Момента понимание!</p>\n<p class=\"poem\">То, что обсуждает ООН, не достойно внимания!<br />Накануне Новой Эпохи, стоит вопрос о спасении людей!<br />Люди, вместо этого, уделили войне, Суть этого понимание!<br />То, что это неправильно, стало всем людям видней!</p>\n<p class=\"poem\">Из всех стран ООН, правильная позиция лишь у России!<br />Создатель за 20 лет до этой войны, предложил Мессию!<br />Создатель, через Него, открыл передачи Знаний, Сессию,<br />Создатель определил для России Спасателя Миссию!</p>\n<p class=\"poem\">Советский Союз должен был начать Преображение!<br />Но, Тьма подкупила страны руководство,<br />Остановилось людей к Великой Истине движение!<br />В стране, силового давления, проявилось уродство!</p>\n<p class=\"poem\"><strong>Страну предали те, кто всё это начинал!<br />Богатую Россию хотели захватить иудеи!<br />Равенством и Любовью назвали Капкан!<br />Красный террор &ndash; это то, что они хотели!</strong></p>\n<p class=\"poem\">Сталин, изменил Историю страны, как надо!<br />Страна начала в Духе подъём!<br />Война с Германией оказалась первой преградой,<br />Страна, после войны, свернула в другой проём!</p>\n<p class=\"poem\">Страна не смогла удержаться на позиции Первой!<br />Война разрушила Духовность страны!<br />Недолго страна была, Идеологии Равенства, верной!<br />Слишком глубокими, после войны, были раны!</p>\n<p class=\"poem\">Страна без Идеологии Равенства &ndash; это, совсем, не страна!<br />Это, как везде в Мире, разноплановый есть Народ!<br />Это, просто, люди, даже если есть у них Прана!<br />Страна, вдруг, приняла направление наоборот!</p>\n<p class=\"poem\">Россия попала под гнёт Мировой Тьмы!<br />Развал Союза был для Планеты трагедией!<br />Если нет Идеологии, стране не уйти от кутерьмы,<br />Сегодня, Великой страны, началась агония!</p>\n<p class=\"poem\">Создатель открыл для России очередного Мессию!<br />Мессия &ndash; это проповедник Божественной Идеологии!<br />Этому Мессии &ndash; быть Спасителем для России,<br />Он должен будет устранить всякую патологию!</p>\n<p class=\"poem\">20 лет Мессия стоит у руля Идеологии страны,<br />Люди, постепенно, приходят в себя!<br />Мессия должен будет залечить в Духе раны,<br />От него зависит Новая, для страны стезя!</p>\n<p class=\"poem\">Очередная война &ndash; это происки Мировой Тьмы!<br />Но, против этого встал Создатель!<br />Создатель закроет ООН, как признак кутерьмы,<br />Россия будет, Нового Мира людей-Богов, Основатель!</p>\n<p class=\"poem\">Россия подписала Договор с Создателем на движение!<br />Теперь Планы Планеты на Завтра определены!<br />Повторяю, через Мессию будет Планеты управление!<br />Все структуры Мировой Тьмы будут уничтожены!</p>\n<p class=\"noind\">Да будет Свет Истины!<br />Отец Абсолют или Высший Космический Разум!</p>","Files":null,"Date":"2024-09-27T10:22:43.72+03:00","DateChange":"2024-09-28T11:10:35.37+03:00","Link":"poems/27.09.24","Id":"66f65d6d3b08aa4b114a2fb4","Srv":"otk","Deleted":false,"Titles":["Очередная война – это происки Мировой Тьмы!"]}
{"Data":{"Next":"poems/27.09.24","NoFooter":false,"PoemOutDict":false,"Titles":null,"Number":"№270 (3053)"},"Active":true,"Catalog":"570ef2fcd07cda3e16f93ef7","Description":"<p class=\"poem\">Военные события в Мире, меняются очень медленно!<br>\r\nЛюди не понимают, что война стала заканчиваться!<br>\r\nЛюди должны понимать, что жизнь человека нетленна,<br>\r\nКонец войны, Сознанием человека будет определяться!</p>\r\n\r\n<p class=\"poem\">Повторяю, что каждый человек, как часть, Богу важен!<br>\r\nТот, кто у власти от этих условий, совсем, отключён!<br>\r\nЛюди, против войны должны действовать слаженно,<br>\r\nЧеловек, на Планете, ко всем обстоятельствам подключён!</p>\r\n\r\n<p class=\"poem\">Два Пространства: Война и Мир, на Планете, одновременно!<br>\r\nРаспоряжаются люди власти, но, воюют простые люди!<br>\r\nУспех на этой войне, сегодня, попеременный!<br>\r\nВойна &ndash; это всегда, перемирия прелюдия!</p>\r\n\r\n<p class=\"poem\">Только, для этой войны перемирие затянулось!<br>\r\nСо стороны не видно, когда же наступит конец?<br>\r\nВойна, как ни парадоксально, не остановилась,<br>\r\nЛюди хотят понять, каким будет этой войны, Венец?</p>\r\n\r\n<p class=\"poem\">В этом Хоре неверия, нет ни у кого, ключевой позиции!<br>\r\nИдёт на уровне ООН Планетарное обсуждение!<br>\r\nМировой капитал требует для России инквизиции,<br>\r\nООН не может принять окончательного решения!</p>\r\n\r\n<p class=\"poem\">Капитал боится начала Ядерной уже войны!<br>\r\nИбо Россия готова, на этой войне пойти, Ва-Банк!<br>\r\nСитуация может до Мирового кризиса быстро дойти,<br>\r\nСоздатель предвидит, тогда всей Планеты, Закат!</p>\r\n\r\n<p class=\"poem\"><b>Накануне Шестой Эпохи &ndash; это Мировая катастрофа!<br>\r\nПравильного решения для ООН не видно уже никакого,<br>\r\nНужна спасительная, для Мира сего метафора,<br>\r\nСоздатель должен прислать Спасителя, для положения такого!</b></p>\r\n\r\n<p class=\"poem\">Создатель уже 20 лет передаёт людям Знания!<br>\r\nСоздатель отрядил для человечества Своего Мессию!<br>\r\nНет, у людей Мировой опасности, понимания!<br>\r\nВ ООН для Преображения Планеты началась Сессия!</p>\r\n\r\n<p class=\"poem\">Люди, ссылаясь на Историю, судорожно, ищут Мессию!<br>\r\nВатикан вдруг сказал, что Бог, для Мира сего &ndash; Един!<br>\r\nВатикан &ndash; это Мировой религии &ndash; Основатель,<br>\r\nВатикан считает, что Мессия от Бога, есть и тоже &ndash; Один!</p>\r\n\r\n<p class=\"poem\">Но, сегодня, от людей предложений очень много!<br>\r\nНачались выборы Спасителя из живущих людей!<br>\r\nТолько Создатель может подвести такие Итоги,<br>\r\nСоздатель, очень давно, выбрал Мессию, среди Родовых ветвей!</p>\r\n\r\n<p class=\"poem\">Доказательством, являются передаваемые Знания за 20 лет!<br>\r\nЗнания собраны в виде 30 томов!<br>\r\nЭтот человек имеет от Создателя, Родовой в Космос Билет!<br>\r\nСоздатель готовит Его для Планетарных Итогов!</p>\r\n\r\n<p class=\"poem\">Есть Глубокие Правила Неба, для Мессии выбора!<br>\r\nСоздатель, давно, выбрал Род из России,<br>\r\nРод, является от Сергия в Небо створом,<br>\r\nЭтот человек &ndash; это второе пришествие Мессии!</p>\r\n\r\n<p class=\"poem\">Имя этого человека, Создатель называть не хочет!<br>\r\nЛюди должны узнать Мессию по Его делам!<br>\r\nУже 20 лет Мессия тексты Посланий Бога строчит,<br>\r\nМессия &ndash; это представитель Нового Мира Вам!</p>\r\n\r\n<p class=\"poem\">Сегодня, есть информации о Его делах!<br>\r\nРоссия начала в Духе перестроение!<br>\r\nУ людей, глубоко в Сознании прошёл страх!<br>\r\nНа Вече люди приняли самостоятельное решение!</p>\r\n\r\n<p class=\"poem\"><b>На Вече, Сам Народ у Создателя попросил поддержки!<br>\r\nСоздатель откликнулся на этот Посыл!<br>\r\nКонечно, на Вече были, разнообразия издержки,<br>\r\nГлавное, в Просьбе Народа был заложен, Великий Смысл!</b></p>\r\n\r\n<p class=\"poem\">Удары по Тьме происходят, исключительно, в Духе!<br>\r\nЭто гораздо важнее, чем любое оружие!<br>\r\nНачалось проявление на Планете уже Шестой Эпохи!<br>\r\nРазорвано вокруг России капиталистическое окружение!</p>\r\n\r\n<p class=\"poem\">Интенсивность воздействия от России на НАТО намного выше!<br>\r\nТонкий план, всегда, сильнее Материи!<br>\r\nГолос Создателя, теперь, людьми был услышан!<br>\r\nУменьшаются, на этой войне, потери!</p>\r\n\r\n<p class=\"poem\"><b>Теперь Создатель, определил ход Новой Истории!<br>\r\nВпереди, людей ждёт, Монархия Создателя!<br>\r\nФормируются, люди-Боги другой категории,<br>\r\nМессия от Бога управляющий, а не наблюдатель!</b></p>\r\n\r\n<p class=\"poem\">Людям осталось продержаться немного!<br>\r\nООН не сможет ничего предложить!<br>\r\nТеперь решение для всех людей, будет от Бога!<br>\r\nСоздатель принял решение: этот Мир изменить!</p>\r\n\r\n<p class=\"noind\">Да будет Свет Истины!<br>\r\nОтец Абсолют или Высший Космический Разум!</p>\r\n","Files":null,"Date":"2024-09-26T12:23:33.668+03:00","DateChange":"2024-09-26T12:24:03.791+03:00","Link":"poems/26.09.24","Id":"66f528333b08aa4b114a2fb3","Srv":"otk","Deleted":false,"Titles":["Теперь Создатель определил ход Новой Истории!"]}
{"Data":{"Next":"poems/25.09.24","NoFooter":false,"PoemOutDict":false,"Titles":null,"Number":"№268 (3051)"},"Active":true,"Catalog":"570ef2fcd07cda3e16f93ef7","Description":"<p class=\"poem\">Осталось сделать ещё 2 Посыла, потом посмотрим результат!<br />Посылы &ndash; это тоже своеобразное людей испытание!<br />Нужно, чтобы отступил от России капиталистический Супостат!<br />Чтобы прекратились у людей России напрасные скитания!</p>\n<p class=\"poem\">Россия была, и есть, самостоятельной, определяя свой Путь!<br />Советский Союз был для людей Историческим испытанием,<br />Но среди правильных слов таилась, неправды и лжи Суть!<br />После развала Союза жизнь людей, превратилась в страдание!</p>\n<p class=\"poem\">Россия всегда имела свой грех, излишнее к власти доверие!<br />Если есть Правда и Идеология, то в это можно верить!<br />Для России &ndash; это почти Национальное в Духе поверье,<br />Но, человек должен, прежде всего, себе самому верить!</p>\n<p class=\"poem\">Долгая История России &ndash; это Монархия и, значит, один Путь!<br />Перемена Идеологии, для Сознания человека, требует времени!<br />Равенство и Любовь &ndash; это Главная для России Идеология или Суть!<br />Люди не должны нести эту Идеологию, как бремя!</p>\n<p class=\"poem\">Сегодня, как ни странно, вновь поднята Тема проблемы Веры!<br />Нельзя верить только словам, нужно верить делам!<br />Надо в Душе человека иметь, и нести, твёрдую Веру!<br />Нужно понимать, что изменения от власти, не всегда, на пользу Вам!</p>\n<p class=\"poem\">Нельзя долго оставаться, для власти, просто сторонником!<br />Задача людей доказать самим себе, и людям, в чём Правда!<br />Вы должны быть Веры Создателю поборниками,<br />Люди, и сама страна, должны знать и понимать своё Завтра!</p>\n<p class=\"poem\">Случившаяся война &ndash; это доказательство несправедливости!<br />Народ, о войне, должен был принять окончательное решение!<br />Люди привыкли, за века, подчиняться властной милости,<br />Поэтому, нет у Народа России своего, собственного, мнения!</p>\n<p class=\"poem\">Тем не менее, Россия &ndash; это счастливая страна, ибо к Ней обратился Бог!<br />Создатель предложил Ей пересмотреть существующую позицию!<br />Создатель, прислав Мессию, в этом вопросе России помог,<br />Создатель решил на Планете изменить кардинально ситуацию!</p>\n<p class=\"poem\">Прежде всего, Россия должна будет восстановить Идею Союза!<br />Надо, на уровне страны, объявить Любовь и Равенство!<br />Тогда, это остановит в стране, затянувшийся в Идеологии, юз,<br />Для Тонкой Души России, надо Справедливости, ввести Главенство!</p>\n<p class=\"poem\">Ваша Победа, в этой войне, изменит в Мире соотношение сил!<br />Самое главное, не только, внешних, но и внутри страны!<br />Русь никогда не побеждала противников вилами,<br />Россия была и есть, сторонником Божественной чистоты!</p>\n<p class=\"poem\">Религии прошлого не приносили стране никогда Победы!<br />Более того, связь религии с властью &ndash; это, всегда, грех!<br />Современная власть довела страну до Мировой войны,<br />У людей, теперь из-за этой системы власти, очень много помех!</p>\n<p class=\"poem\">Надо направить Вашу Энергию на очистку страны!<br />Надо убрать, зарвавшихся от власти, богачей!<br />Россия, сегодня, это, словно, в Духе незаживающая рана!<br />Народ стал уходить из страны, оставляя обывателей!</p>\n<p class=\"poem\">Повторял, много раз, что всё дело в людях!<br />Многим, всё равно, куда, сегодня, идёт Родина!<br />Вам не усидеть в неправильных санях,<br />Власть, ради себя сотворила для людей Годину!</p>\n<p class=\"poem\">Пресса поёт гимн Славы, этой власти, напрасно!<br />Человек, всегда, выполняет, от Бога функцию,<br />Люди от прессы подпевают власти очень страстно,<br />Но, каждый человек отвечает в жизни за свою акцию!</p>\n<p class=\"poem\">Кто за власть, получит при Переходе, лично, своё!<br />Кому, всё безразлично, получит своё, тоже!<br />Против России, сегодня, капиталистическое зверьё,<br />Разбор &laquo;полётов&raquo;, для человечества будет сложен!</p>\n<p class=\"poem\">Вам лгали Мировые религии тысячи лет,<br />Что человек из жизни совсем уходит,<br />Создатель, даёт каждому человеку в Вечность Билет,<br />Человек &ndash; Вечен, он только этапы проходит!</p>\n<p class=\"poem\">Есть этапы Вечной жизни и это очень важно!<br />Короткая жизнь в Материи &ndash; это, только, Начало!<br />Кому-то, из людей, понять это, очень, сложно!<br />После окончания этого Этапа, вас ждут печали!</p>\n<p class=\"poem\">Сегодня, повторяю, война очень большой грех!<br />Поднявший руку на Создателя ответит!<br />Тьма существует, как Экзамен на помехи,<br />Создатель, для начавшего войну, Прощение отменит!</p>\n<p class=\"poem\"><strong>Создатель просит опомниться Россию!<br />Все проблемы России от неё самой!<br />Поддержкой Создателя есть для Вас Мессия!<br />Теперь, Ваша очередь, стоять за Создателя горой!</strong></p>\n<p class=\"noind\">Да будет Свет Истины!<br />Отец Абсолют или Высший Космический Разум!</p>","Files":null,"Date":"2024-09-24T11:18:24.621+03:00","DateChange":"2024-09-26T09:48:34.754+03:00","Link":"poems/24.09.24","Id":"66f275e97f658fcac88a5200","Srv":"otk","Deleted":false,"Titles":["Повторял много раз, что всё дело в людях!"]}
