{"Id":"62195b9e5d5a11c6eb22ae89","Deleted":false,"Active":false,"DateChange":"2024-12-26T12:51:14.099+03:00"}
{"Data":{"Next":null,"NoFooter":false,"PoemOutDict":false,"Titles":null,"Number":"№362 (3145)"},"Active":true,"Catalog":"570ef2fcd07cda3e16f93ef7","Description":"<p class=\"poem\">Накануне Новой Эпохи, цивилизация пришла к упадку!<br>\r\nДля людей остаются два пути: смириться, или против идти!<br>\r\nНет на Планете среди людей и стран, никакого порядка!<br>\r\nСоздатель предлагает всем людям, идти с Ним по одному Пути!</p>\r\n\r\n<p class=\"poem\">Сами люди, без Помощи Бога, не смогут сделать ход!<br>\r\nВысокие вибрации и Цунами, могут уничтожить людей!<br>\r\nС Создателем, вместе, можно для людей найти выход!<br>\r\nЧем ближе время Квантового перехода, тем вопрос этот острей!</p>\r\n\r\n<p class=\"poem\">Мировая Тьма совсем распоясалась против России!<br>\r\nГлавная Надежда цивилизации, или Русь, сегодня, в опасности!<br>\r\nСоздатель, зная это, 20 лет назад прислал для России, Мессию!<br>\r\nСегодня это важно, ибо война Славян &ndash; это точка напряжённости!</p>\r\n\r\n<p class=\"poem\">Создатель много раз напоминал, о Новом Президенте Америки!<br>\r\nЧеловек дела понимает, что всё дело только, в политике!<br>\r\nТакой человек, не может быть Центром Мировой Тьмы полемики,<br>\r\nОн, просто, привык делать деньги и в этом вся Его этика!</p>\r\n\r\n<p class=\"poem\">Сегодня, Мировые власти, плетут многоуровневые интриги!<br>\r\nИгра в демократию, любимая игра властных структур!<br>\r\nГлавное, что в этом Мире, религии крепко держат людей в веригах!<br>\r\nВ этом отношении, между Мировыми властями &ndash; есть полный гламур!</p>\r\n\r\n<p class=\"poem\">Пока, власти держат свой уровень давления на людей, повсюду!<br>\r\nПо структуре власти, государства не отличаются друг от друга, ничем!<br>\r\nВо всём Мире, одна и та же, политическая процедура!<br>\r\nСоветский Союз отличался от всех, только Идеологией и Кумачом!</p>\r\n\r\n<p class=\"poem\">Теперь, в этом Пространстве, нет противоположной Идеологии!<br>\r\nУ человечества в Духе нет никакой альтернативы!<br>\r\nПятая Эпоха заканчивается, политической и физической патологией!<br>\r\nЛюди помнят, что Пути Бога или Создателя, неисповедимы!</p>\r\n\r\n<p class=\"poem\">Поэтому, при таком, жёстком к Богу сопротивлении, нет решения!<br>\r\nЛюдям, придётся дождаться, наступления Цунами или волны!<br>\r\nПосле этого, надолго остановится на Планете всякое движение!<br>\r\nПреображение Пространства будет иметь вид, как продолжение войны!</p>\r\n\r\n<p class=\"poem\">Пятой Эпохи власть, не даёт возможности пробиться ничему Новому!<br>\r\nВласти во всех странах стоят, за продолжение, режима старого!<br>\r\nОни считают, что не должно быть сомнений у людей, по этому поводу!<br>\r\nИбо, каждому овощу, надо жить по-своему или по-старому!</p>\r\n\r\n<p class=\"poem\">Властям, кажется, что все пути людей должны сойтись в Одно!<br>\r\nНе должно быть никаких, отличных между собой, Идеологий!<br>\r\nНо, тогда, по мнению Создателя, цивилизация пойдёт на дно!<br>\r\nЕсли нет разнообразия в Идеологиях, остаётся общая патология!</p>\r\n\r\n<p class=\"poem\">Но, так продолжаться долго не может, ибо это не подходит Творцу!<br>\r\nЛюди не понимают Задачи Создателя или Суверена,<br>\r\nЛюдей ожидает, тогда, самый бесславный в Мире, конец!<br>\r\nПри таком отношении людей к жизни, Создатель не готовит смену!</p>\r\n\r\n<p class=\"poem\">Создатель, через Мессию, готовит к Переходу только Россию!<br>\r\nПоэтому, Россия будет проходить Преображение в одиночестве!<br>\r\nУправление страной примет, от Творца, на себя Мессия!<br>\r\nОстанется на Планете, Монархия Бога, в виде Отечества!</p>\r\n\r\n<p class=\"poem\">Создатель напоминает про Трампа, только в этих условиях!<br>\r\nВсе, другие страны Запада, теряют свои позиции!<br>\r\nПрезидент США может очистить страну от сословий,<br>\r\nПрименяя политическую инквизицию!</p>\r\n\r\n<p class=\"poem\">Россия, по условиям Сценария, начинает Квантовый переход!<br>\r\nБеззубая общественность остаётся, уже в стороне!<br>\r\nСоздатель подготовил для России секретный ход!<br>\r\nЧтобы во время Перехода, Русь не понесла большого урона!</p>\r\n\r\n<p class=\"poem\">Очищение людей в Духе, пройдёт по Руси, как Цунами!<br>\r\nСлишком много, накопилось на Руси серой нечисти!<br>\r\nСоздатель, хочет, в Новой Эпохе, гордиться Вами!<br>\r\nВласть в России забыла, что такое, есть Божья месть!</p>\r\n\r\n<p class=\"poem\">Нельзя, так долго тиранить свою Родину &ndash; Святую Россию!<br>\r\nСоздатель уже 20 лет, как ведёт, Свой Промысел!<br>\r\nСпециально, от Начала Начал, был взят Мессия!<br>\r\nСегодня, в Мире Мессия, реальность, а не вымысел!</p>\r\n\r\n<p class=\"poem\">Эта Новость покорит Планету уже в Январе!<br>\r\nДля большинства людей &ndash; это будет сенсацией!<br>\r\nЧеловечеству, накануне Перехода, придётся в это поверить!<br>\r\nИбо, это Создателя или Суверена, Мира сего, есть акция!</p>\r\n\r\n<p class=\"poem\">Повторяю, Новый год будет годом Возмездия!<br>\r\nЛюди не оправдали Надежд Создателя!<br>\r\nЛюди заплатят жизнью, за своё бездействие!<br>\r\nМессия выступит перед людьми в качестве законодателя!</p>\r\n\r\n<p class=\"poem\">Цивилизации придётся с этим смириться!<br>\r\nПройдут испытания, только ученики Школы Творца!<br>\r\nПравда, есть ещё немного времени определиться!<br>\r\nВ противном случае, придётся ожидать своего конца!</p>\r\n\r\n<p class=\"noind\">Да будет Свет Истины!<br>\r\nОтец Абсолют или Высший Космический Разум!</p>\r\n","Files":null,"Date":"2024-12-26T12:49:33.277+03:00","DateChange":"2024-12-26T12:50:06.719+03:00","Link":"poems/26.12.24","Id":"676d26ce117721c790962faa","Srv":"otk","Deleted":false,"Titles":["Новый год, будет годом Возмездия!"]}
{"Data":{"Next":"poems/26.12.24","NoFooter":false,"PoemOutDict":false,"Titles":null,"Number":"№361 (3144)"},"Active":true,"Catalog":"570ef2fcd07cda3e16f93ef7","Description":"<p class=\"poem\">Такого Исторического события, в памяти людей, ещё не было!<br>\r\nВсе прошлые тысячелетия происходил, только людей, выбор!<br>\r\nХотелось, чтобы человек внешне, Моим образом был!<br>\r\nДолго проходил, самый тщательный, по тем временам, отбор!</p>\r\n\r\n<p class=\"poem\">Пятая Эпоха, можно сказать, была Эпохой людских подобий!<br>\r\nЧеловек в Плотном плане, получился идеальный, как Бог!<br>\r\nСоздавать в Материи и вдохнуть в человека Дух, было удобнее!<br>\r\nНебеса утвердили, человека, как полученный Богом Итог!</p>\r\n\r\n<p class=\"poem\">Сегодня, начинается последняя стадия, перед Шестой Эпохой!<br>\r\nНадо Сознание людей поднять до уровня Моего Сознания!<br>\r\nМне в Новой Эпохе, нужны, совершенных людей-Богов, потоки!<br>\r\nПоднявшиеся сами, в Духе, до уровня Моего понимания!</p>\r\n\r\n<p class=\"poem\">Но, понимание Творца, для людей, не приходит в Материи!<br>\r\nСоздатель &ndash; Энергия Тонких полей или энергетическое состояние!<br>\r\nЧтобы стать человеком-Богом нужны Знания, при потерях!<br>\r\nДолжно к людям прийти в Духе, Судьбы своей понимание!</p>\r\n\r\n<p class=\"poem\">Люди, только ещё подходят, к Историческому состоянию перехода!<br>\r\nКогда, человек сознательно меняет смысл жизни, и жизни быт!<br>\r\nЧеловек, самостоятельно, должен встать у Исторического Порога!<br>\r\nОн должен решить, что Он в Духе Материей, уже, навечно сыт!</p>\r\n\r\n<p class=\"poem\">Решение об изменении Судьбы, принадлежит принять самому человеку!<br>\r\nНикто, не в Праве, изменить, самого человека, решение!<br>\r\nОбычно было, что человек уходит из жизни, в конце своего века!<br>\r\nВ Новой Эпохе, человек должен сам определить Начало и Конец движения!</p>\r\n\r\n<p class=\"poem\">Теперь, это трудное решение придётся человеку, делать самому!<br>\r\nЧеловек сам должен выбрать Сегодня и Завтра!<br>\r\nЧеловек должен понимать, что Я его в любом случае приму!<br>\r\nЖизнь человека Вечна, в этом и есть, самая Главная Правда!</p>\r\n\r\n<p class=\"poem\">Трудности выбора человека, Создателю очень понятны!<br>\r\nЧеловек не хочет вмешиваться в ход Исторических событий!<br>\r\nВ 30 томах Знаний, всё для человека описано внятно!<br>\r\nПо существу, от человека требуется, только, поменять бытие!</p>\r\n\r\n<p class=\"poem\">Никто не говорил людям, как будет, всё в Новой Эпохе продолжаться!<br>\r\nЕсть только отрывочные с того Света, известия!<br>\r\nНо, никто не подтвердил, что есть Вечное продолжение!<br>\r\nРелигии, очень боятся, открыть людям эту Весть!</p>\r\n\r\n<p class=\"poem\">Ибо, если это есть Правда, а это так и есть, то не нужны религии!<br>\r\nЕсть принятая на Небе схема, перемещения человека в конце,<br>\r\nВласть хочет видеть людей-Богов, только, в веригах!<br>\r\nЧтобы не было в людях, Свободы Духа Венца!</p>\r\n\r\n<p class=\"poem\">Сегодня, у людей, самое сложное время, их выбора!<br>\r\nПричём, выбора самих людей, без какого-либо насилия!<br>\r\nШкола Творца &ndash; это возможность Естественного отбора!<br>\r\nЧтобы не нужно было при Переходе, от человека никаких усилий!</p>\r\n\r\n<p class=\"poem\">Создатель предложил людям, Исторический переход в Боги!<br>\r\nКак принципиальное событие: Мир сразу после Войны!<br>\r\nКак первое, в Материи, подведение Итогов!<br>\r\nКак очищение, после океанического Цунами или волны!</p>\r\n\r\n<p class=\"poem\">По Сценарию, впереди должна быть Россия!<br>\r\nНо, Россия после войны, в плачевном состоянии!<br>\r\n20 лет, назад, Создатель выделил Ей Мессию!<br>\r\nКак, Небесное России достояние!</p>\r\n\r\n<p class=\"poem\">Время передачи Знаний Создателя, прошло очень успешно!<br>\r\nРоссия, по сравнению со всем Миром, в Духе выросла!<br>\r\nДо четвёртого уровня в Духе, поднялась Русь и это важно!<br>\r\nРоссия за эти годы, в Сознании значительно, повзрослела!</p>\r\n\r\n<p class=\"poem\">Теперь, Россия, как Народ &ndash; это в Духе сила!<br>\r\nТеперь власть России отстаёт от Народа в развитии!<br>\r\nРоссия Смысл Квантового перехода в Духе осилила,<br>\r\nРоссия, наконец, готова к изменению, своего бытия!</p>\r\n\r\n<p class=\"poem\">Школа Творца показала, что смена уже есть!<br>\r\nКонечно, их мало, но они готовы!<br>\r\nВы, Идеологию Равенства и Любви в Мире можете несть,<br>\r\nДля счастья, людям-Богам не нужна подкова!</p>\r\n\r\n<p class=\"poem\">Знания в Школе Творца, остановить нельзя!<br>\r\nИбо Знания Создателя формируют людей Сознание!<br>\r\nДля России, пока Первой, уже Новая определена стезя!<br>\r\nК России пришло, своей Судьбы, осознание!</p>\r\n\r\n<p class=\"poem\">Россия начинает перестраивать этот Мир по-Новому!<br>\r\nАмерика для России, не есть альтернатива!<br>\r\nРоссия может, теперь, сформировать свою волну!<br>\r\nЕй помощь Америки будет необходима!</p>\r\n\r\n<p class=\"poem\">Россия поможет Америке, а она в ответ!<br>\r\nСША нужен Президент без догм!<br>\r\nТрамп получит от Создателя, через Мессию, Завет!<br>\r\nОн поймёт, что такое от Творца есть норма!</p>\r\n\r\n<p class=\"poem\">Мир будет изменён давлением с обеих сторон!<br>\r\nИдеологию Равенства принесёт Россия!<br>\r\nТолько Россия с Америкой не понесут урона!<br>\r\nУправление в Духе странами примет Мессия!</p>\r\n\r\n<p class=\"noind\">Да будет Свет Истины!<br>\r\nОтец Абсолют или Высший Космический Разум!</p>\r\n","Files":null,"Date":"2024-12-25T11:54:41.569+03:00","DateChange":"2024-12-25T11:55:15.811+03:00","Link":"poems/25.12.24","Id":"676bc873e178a3d44a722663","Srv":"otk","Deleted":false,"Titles":["По Сценарию, впереди должна быть Россия!"]}
{"Data":{"Next":"poems/25.12.24","NoFooter":false,"PoemOutDict":false,"Titles":null,"Number":"№360 (3143)"},"Active":true,"Catalog":"570ef2fcd07cda3e16f93ef7","Description":"<p class=\"poem\">Мир состоит из Мгновений прозрения!<br>\r\nНе все люди могут понять, что происходит!<br>\r\nЭто называется в Мире, Моментом везения!<br>\r\nКогда сомнение человека, из Сознания уходит!</p>\r\n\r\n<p class=\"poem\">Создатель даёт всем людям Миг удачи!<br>\r\nОт человека зависит реализация Мига Истины!<br>\r\nЧеловек, чаще всего, считает это удачей,<br>\r\nНо, это написанная Создателем, для него, картина!</p>\r\n\r\n<p class=\"poem\">Нельзя сомневаться в том, что говорит Бог!<br>\r\nЕсть у Бога, для человека, Сценарий будущего!<br>\r\nЕсть и для каждого Мгновения, свой Итог!<br>\r\nЭтим Итогом, Бог открывает человеку грядущее!</p>\r\n\r\n<p class=\"poem\">Удача человека в том, что он это услышал!<br>\r\nИбо, не каждый человек имеет в Духе слух!<br>\r\nЭто называется, что человек в себе Бога познал!<br>\r\nВ таком человеке, Дух Святой не потух!</p>\r\n\r\n<p class=\"poem\">Создатель говорит об этом открыто!<br>\r\nЧеловек должен познать Бога &ndash; это намёк!<br>\r\nДля человека, другие Пути все закрыты,<br>\r\nЧеловек не должен, Богу идти, поперёк!</p>\r\n\r\n<p class=\"poem\">Творец выбирает, лучший Путь человеку, на сегодня!<br>\r\nОн видит происки Мировой Тьмы!<br>\r\nДля каждого человека есть лучшее сочетания дня!<br>\r\nКогда нет препятствий на его Пути!</p>\r\n\r\n<p class=\"poem\">Если сказано Богом, надо делать без спешки!<br>\r\nКаждое предложение Бога, имеет время!<br>\r\nНужно творить каждый промысел неспешно,<br>\r\nНо, опоздание может стать бременем!</p>\r\n\r\n<p class=\"poem\">Спектакль рассчитан на тех, кто указан!<br>\r\nЛишних людей нет у Создателя!<br>\r\nЕсли сроки Спектакля указаны,<br>\r\nЗначит, исполнение роли, уже обязательно!</p>\r\n\r\n<p class=\"poem\">Все события Спектакля, всегда, согласованы,<br>\r\nНельзя, человеку, погружаться в сомнения!<br>\r\nВсе события, для нужного Мига, Богом упакованы!<br>\r\nЭтим определяется успех Моего предложения!</p>\r\n\r\n<p class=\"poem\">Творец выводит на Сцену тех, кто нужен!<br>\r\nСпектакль имеет сроки исполнения!<br>\r\nОтклонение от этих сроков, невозможно!<br>\r\nИбо, это Историческое предназначение!</p>\r\n\r\n<p class=\"poem\">Сегодня, стоит вопрос уже о Планетарном Завтра!<br>\r\nГоворил, что на Горизонте, есть двое Русских!<br>\r\nМир изменится кардинально, и это &ndash; Правда!<br>\r\nПреображение Мира, не может быть, обсуждением узким!</p>\r\n\r\n<p class=\"poem\">Два Полюса, никогда, не должны воевать в Мире!<br>\r\nКаждая война &ndash; это ошибка властей!<br>\r\nСегодня, надо добиться, обязательно, перемирия!<br>\r\nЕщё до инаугурации, об этом, закипели страсти!</p>\r\n\r\n<p class=\"poem\">Можно, конечно, обсуждать, что будет в Январе?<br>\r\nНикто не знает, что задумал Создатель!<br>\r\nСегодня, всех людей, только Инаугурация волнует,<br>\r\nОсобенно, среди, Мира всего, обывателей!</p>\r\n\r\n<p class=\"poem\">Люди знают, что Новый Президент &ndash; это сила!<br>\r\nЧеловек доказал своё Право управлять!<br>\r\nЕму политические интриги не милы!<br>\r\nОн привык, одним решением, всё принимать!</p>\r\n\r\n<p class=\"poem\">Пока Трамп не обращает внимания, что в России!<br>\r\nОн не имеет никакой информации!<br>\r\nТрамп не знает, что Бог прислал России, Мессию!<br>\r\nЧто Мессия &ndash; это Создателя, прямая, акция!</p>\r\n\r\n<p class=\"poem\">Для Мира обозначены, Богом все внешние силы!<br>\r\nПонятно, на ком лежит вся ответственность!<br>\r\nВойна, сегодня, как в прошлом веке, вилы!<br>\r\nНо, этот Мир прошлому, уже не соответствует!</p>\r\n\r\n<p class=\"poem\">Сегодня, Мир стоит на пороге Новой Эпохи!<br>\r\nЭпоха Водолея &ndash; это Эпоха Святой России!<br>\r\nПриближаются высоких вибраций потоки,<br>\r\nОб этом хорошо знает, только от Бога Мессия!</p>\r\n\r\n<p class=\"poem\">Мир, сегодня, в предсказаниях людей, а не Неба!<br>\r\nСоздатель предлагает Равенства Идеологию!<br>\r\nПланете грозит Историческая Небыль,<br>\r\nЛюди без Создателя &ndash; это в Духе патология!</p>\r\n\r\n<p class=\"poem\">Людей уже ожидает Век Преображения!<br>\r\nЭто повторение Эпохи Начала Начал!<br>\r\nОт двух стран надо ожидать изменения,<br>\r\nРоссия &ndash; это для Неба Новый Причал!</p>\r\n\r\n<p class=\"noind\">Да будет Свет Истины!<br>\r\nОтец Абсолют или Высший Космический Разум!</p>\r\n","Files":null,"Date":"2024-12-24T14:02:31.939+03:00","DateChange":"2024-12-24T14:03:05.359+03:00","Link":"poems/24.12.24","Id":"676a94e9e178a3d44a722662","Srv":"otk","Deleted":false,"Titles":["Людей ожидает век Преображения!"]}
{"Data":{"Next":"poems/24.12.24","NoFooter":false,"PoemOutDict":false,"Titles":null,"Number":"№359 (3142)"},"Active":true,"Catalog":"570ef2fcd07cda3e16f93ef7","Description":"<p class=\"poem\">Человек, так устроен, что должен вечно идти!<br>\r\nЧеловек не может оставаться в бездействии!<br>\r\nЧеловек должен иметь направление Пути!<br>\r\nСоздатель, такому человеку, окажет содействие!</p>\r\n\r\n<p class=\"poem\">Это Главное представление, от Бога, о человеке!<br>\r\nКаждый человек в Духе &ndash; это Личность!<br>\r\nЧеловек должен понимать, что Он &ndash; Личность навеки!<br>\r\nДолжна быть у человека на это, внутри заточенность!</p>\r\n\r\n<p class=\"poem\">У человека в Душе, должна быть, прежде всего, Цель!<br>\r\nЦель, ради которой, человек должен жить!<br>\r\nЧеловек, не должен обращать внимания, на бытовую мель!<br>\r\nОн должен, главное направление жизни, иметь!</p>\r\n\r\n<p class=\"poem\">Ничто не может сравниться, с жизненной Целью!<br>\r\nИбо, человек от Рождения, привязан к Материи!<br>\r\nЧеловек-Личность, идущий Первым, остаётся моделью:<br>\r\nКак надо пройти Путь, честно, и без в Духе, потери!</p>\r\n\r\n<p class=\"poem\">Создатель среди людей, ищет Личности!<br>\r\nСерая тень человека, Создателю не нужна!<br>\r\nПоверьте, что Личности остаются в Вечности,<br>\r\nУ Создателя на Личности людей, пришла нужда!</p>\r\n\r\n<p class=\"poem\">Сегодня, когда накануне перемена Эпох,<br>\r\nЛичности могут ускорить Преображение!<br>\r\nОт богатых людей, Создатель не дождётся, Итога!<br>\r\nБогатство в Материи &ndash; это тормоз движения!</p>\r\n\r\n<p class=\"poem\">Сегодня, идёт отбор, сначала, среди Личностей!<br>\r\nИз тех людей, которые видят свою жизнь в развитии!<br>\r\nНо, в жизни для Личностей, очень много сложностей,<br>\r\nЛежащих, не в Вечности, а в прямом бытии!</p>\r\n\r\n<p class=\"poem\"><b>Человек-Личность, прежде всего, Высокий Дух!<br>\r\nЭто жизнь человека, отданная Создателю!<br>\r\nЛичность, выделяет для себя, прежде всего, Итог!<br>\r\nЛичность в жизни &ndash; никогда обыватель!</b></p>\r\n\r\n<p class=\"poem\">Тот, кто пришёл к Богу &ndash; это уже Личность!<br>\r\nВопрос один к человеку: он пришёл честно?<br>\r\nУчастие в Движении Бога &ndash; это необходимость?<br>\r\nИли участие в Движении, это не для него место?</p>\r\n\r\n<p class=\"poem\">Человек-Личность должен определить свою жизнь!<br>\r\nЖизнь ради Идеи Создателя, в Новой Эпохе!<br>\r\nТакой человек должен понимать, как надо жить,<br>\r\nДля Него, выбранный Путь, должен сложиться в Итоге!</p>\r\n\r\n<p class=\"poem\"><b>Человек, в жизни, должен корректировать свой Путь!<br>\r\nПуть для него один и этот Путь, только, в Небо!<br>\r\nДля такого человека есть только Бог и в этом Суть!<br>\r\nОн должен подняться Туда, откуда Он прибыл!</b></p>\r\n\r\n<p class=\"poem\">Человек, ещё есть Род или Семья!<br>\r\nНельзя допускать в Роду разложения!<br>\r\nПуть в Небо &ndash; это Единственная стезя!<br>\r\nГде Бог ожидает от человека-Личности продолжения!</p>\r\n\r\n<p class=\"poem\">Сегодня, повторяю, идёт отбор на личности!<br>\r\nИбо, это в некотором смысле, от людей долг!<br>\r\nЛичности Творцу нужны для Вечности!<br>\r\nСоздатель указал для людей Свой порог!</p>\r\n\r\n<p class=\"poem\">Личностей, не бывает людей, миллионов!<br>\r\nЛичность принимает на себя Святой Крест!<br>\r\nСоздатель дарует силы только оным,<br>\r\nЛичности &ndash; это Свободы Духа Манифест!</p>\r\n\r\n<p class=\"poem\">Сегодня, накануне, Новая эпоха и продолжается война!<br>\r\nЭто условия отбора для всего человечества!<br>\r\nЛюдей, после этого, ожидает морская волна,<br>\r\nТолько из Личностей, можно создать Отечество!</p>\r\n\r\n<p class=\"poem\">Создателю от Личностей необходимо продолжение!<br>\r\nНо, от настоящего человечества, этого пока нет!<br>\r\nСоздатель, вынужден начать Новое уже движение!<br>\r\nТолько Личность получит в Космос Билет!</p>\r\n\r\n<p class=\"poem\">20 лет идти, очень трудно, в Боги!<br>\r\nЖизнь показала, что мало Личностей!<br>\r\nНе все люди, правильные подведут Итоги!<br>\r\nНо, впереди ожидает людей, переход в Вечность!</p>\r\n\r\n<p class=\"poem\">Нужно настроиться на дорогу к Богу!<br>\r\nЦель жизни человека &ndash; важнее всего!<br>\r\nШкола Творца &ndash; это эквивалент в жизни Итогу!<br>\r\nГде Совесть Личности, получает признание Моё!</p>\r\n\r\n<p class=\"poem\">Помните, что Личность &ndash; это штучный товар!<br>\r\nРоссия доказала, что Она не рынок!<br>\r\nОт Личности не бывает на Небе никакого навара!<br>\r\nЛичность &ndash; это в Небо Исторический рывок!</p>\r\n\r\n<p class=\"noind\">Да будет Свет Истины!<br>\r\nОтец Абсолют или Высший Космический Разум!</p>\r\n","Files":null,"Date":"2024-12-23T17:00:37.343+03:00","DateChange":"2024-12-23T17:01:02.233+03:00","Link":"poems/23.12.24","Id":"67696d1e193feff596701172","Srv":"otk","Deleted":false,"Titles":["Создателю от Личности необходимо продолжение!"]}
{"Data":{"Next":"poems/23.12.24","NoFooter":false,"PoemOutDict":false,"Titles":null,"Number":"№358 (3141)"},"Active":true,"Catalog":"570ef2fcd07cda3e16f93ef7","Description":"<p class=\"poem\">Люди привыкли за века, что есть Лидер и есть Его Армия!<br>\r\nТак было во все века и есть, сейчас!<br>\r\nПришло время, когда люди начинают менять Мир сами!<br>\r\nПришёл, изменения человечества, час!</p>\r\n\r\n<p class=\"poem\">Люди обсуждают, сегодня и Завтра, по старой схеме!<br>\r\nВ которой, Главная роль, принадлежит США!<br>\r\nНо, сегодняшний Мир &ndash; это уже Мир Мельпомены!<br>\r\nСегодня, ожидается над человечеством, уже гроза!</p>\r\n\r\n<p class=\"poem\">В каждой стране есть Лидер и он всё решает!<br>\r\nЛидеры, сообща, решают Судьбы стран и Мира!<br>\r\nЛюди, ради которых собираются Лидеры, не понимают!<br>\r\nЧто же всех людей ожидает, в качестве ориентира!</p>\r\n\r\n<p class=\"poem\">Создатель уже говорил, что подходит Новая Эпоха,<br>\r\nПродолжительность, которой, есть 26000 лет!<br>\r\nЛюди обсуждают, уходящей Эпохи, Итоги!<br>\r\nВсем понятно, что прошлого уже никогда не будет!</p>\r\n\r\n<p class=\"poem\">Обсуждать прошлое глупо, если не ясно, что будет Завтра!<br>\r\nЧем кончится текущая война, уже не так важно!<br>\r\nСегодня, Создатель, собирается всем людям, сказать Правду!<br>\r\nОн предупредил, что надо всем людям готовиться, слаженно!</p>\r\n\r\n<p class=\"poem\">Но, сначала надо спросить Создателя, что будет?<br>\r\nНадо спросить Творца, каким Он видит этот Мир?<br>\r\nЧеловек, как всегда всё, постепенно, забудет!<br>\r\nСоздатель, предложил людям Себя, в качестве, ориентира!</p>\r\n\r\n<p class=\"poem\">Прошлое показало, что люди не могут управлять Миром!<br>\r\nЧеловек у власти, чаще всего, есть тиран!<br>\r\nУ человека-раба нет в будущее, никакого ориентира!<br>\r\nВ прошлой Эпохе человек, изнывал от Духовных ран!</p>\r\n\r\n<p class=\"poem\">Последняя война Славян подтвердила это!<br>\r\nМожно вспомнить все Эпохальные революции!<br>\r\nРеволюции &ndash; это очень плохой преображения, метод!<br>\r\nВ прошлой Эпохе, за долгий срок не было эволюции!</p>\r\n\r\n<p class=\"poem\">В прошлые века не было в развитии никакой удачи!<br>\r\nБыли лишь Империи, во главе с Сувереном!<br>\r\nНо, Судьба, за отсутствие эволюции, давала сдачи,<br>\r\nЛюдям предлагались решения, в качестве обмана!</p>\r\n\r\n<p class=\"poem\">Люди приняли Мировые религии, как равновесие!<br>\r\nСогласно которому, все люди подчиняются Богу!<br>\r\nНо, всё это было превращено людьми в мракобесие!<br>\r\nРелигии привели людей к плохому Итогу!</p>\r\n\r\n<p class=\"poem\">Последняя война &ndash; это и есть Итог, такой власти!<br>\r\nНет на Планете критерия Небесного перемирия!<br>\r\nВ Народе, до сих пор, кипят в Душе страсти,<br>\r\nЛюди, с такой рабской долей, уже смирились!</p>\r\n\r\n<p class=\"poem\"><b>Но, в конце Пятой Эпохи Создатель принял решение:<br>\r\nРоссия имеет в Духе высокий потенциал!<br>\r\nСоздатель прислал России, своего Мессию для движения,<br>\r\nБог наметил в Духе сотворить Интернационал!</b></p>\r\n\r\n<p class=\"poem\">Создатель решил реализовать на Планете, Равенство!<br>\r\nДля этого, Создатель решил изменить человека!<br>\r\nНадо было убрать привычное законодательство!<br>\r\nГлавная Роль в Новой Эпохе будет у человека!</p>\r\n\r\n<p class=\"poem\">Люди во власти &ndash; это, прошлое, уже звено!<br>\r\nИбо, нет в таком человеке, никакого развития!<br>\r\nСоветский Союз, как Новое звено, пошёл на дно!<br>\r\nИбо, оставалась, в Нём старая схема людей бытия!</p>\r\n\r\n<p class=\"poem\">Создатель меняет, теперь, условия проживания!<br>\r\nНе будет больше Первых и Последних!<br>\r\nВ Духе не может быть никакого отставания!<br>\r\nИбо, не должно быть материальных последствий!</p>\r\n\r\n<p class=\"poem\">Есть опыт Советского Союза для России!<br>\r\nИдеология Равенства и Любви не живёт в Материи!<br>\r\nСоздатель, для коррекции отрядил Мессию!<br>\r\nЧто, при Преображении, уменьшает людей потери!</p>\r\n\r\n<p class=\"poem\">Уже готовится Квантовый переход в Шестую Эпоху!<br>\r\nПрежде всего, Создатель увеличивает вибрации!<br>\r\nОни приучат людей идти, строго, в ногу!<br>\r\nНе будет, для человека никакой материализации!</p>\r\n\r\n<p class=\"poem\">В условиях Любви и Равенства не будет лишних!<br>\r\nГлавная задача, людей-Богов, творить Новых людей!<br>\r\nНе будет в Мире, никаких Проблем внешних!<br>\r\nЧеловек-Бог понимает свою Задачу, острей!</p>\r\n\r\n<p class=\"poem\">Не будет никаких сословий, ибо все равны!<br>\r\nУправление перейдёт в руки Мессии!<br>\r\nВсё будет в Духе и у одной черты!<br>\r\nСегодня, началась в Школе Творца, Сессия!</p>\r\n\r\n<p class=\"poem\">Конечно, необходим промежуточный Этап!<br>\r\nКогда начнётся, постепенное, Преображение!<br>\r\nСоздатель, уже приготовил, для людей штамп!<br>\r\nЭто будет Разрешение на Воскресение!</p>\r\n\r\n<p class=\"noind\">Да будет Свет Истины!<br>\r\nОтец Абсолют или Высший Космический Разум!</p>\r\n","Files":null,"Date":"2024-12-22T12:55:21.59+03:00","DateChange":"2024-12-22T12:56:11.87+03:00","Link":"poems/22.12.24","Id":"6767e212193feff596701171","Srv":"otk","Deleted":false,"Titles":["Создатель меняет условия проживания!"]}
{"Data":{"Next":"poems/22.12.24","NoFooter":false,"PoemOutDict":false,"Titles":null,"Number":"№357 (3140)"},"Active":true,"Catalog":"570ef2fcd07cda3e16f93ef7","Description":"<p class=\"poem\">Каждый Экзамен &ndash; это маленькая Победа!<br>\r\nИз маленьких Побед формируется, Победа на всех!<br>\r\nНо, бывает на всех, тоже, одна, общая, беда!<br>\r\nЕдиное в Духе Пространство &ndash; это, Главный Успех!</p>\r\n\r\n<p class=\"poem\">Каждая страна в Мире развивается по-своему!<br>\r\nТолько Россия получила направление от Бога!<br>\r\nПоэтому, каждая страна свой опыт усваивает,<br>\r\nКаждая страна ожидает, только для себя Итог!</p>\r\n\r\n<p class=\"poem\">Россия, в этом году, подписала с Богом условия!<br>\r\nУсловия существования страны в этом Мире!<br>\r\nВ стране, уже нет никаких сословий,<br>\r\nДля России, необходимо, сейчас, перемирие!</p>\r\n\r\n<p class=\"poem\">Америка ожидает Победы над этим Миром!<br>\r\nВсе события должны быть, только, в этом!<br>\r\nТрамп по характеру, отвечает этому Миру:<br>\r\nГлавное, этот Мир, а всё, остальное, потом!</p>\r\n\r\n<p class=\"poem\">Америка любит, Глобальные в Мире, дела!<br>\r\nЭто, повторяю, в характере Трампа!<br>\r\nАмерика, все неровности Мира, в кучу смела!<br>\r\nС другой стороны, это похоже на атаку танков!</p>\r\n\r\n<p class=\"poem\">Россия &ndash; это, совсем, другая в Мире страна!<br>\r\nОна продвигается, всегда, постепенно!<br>\r\nДля России важно, чтобы в делах, Она была Права!<br>\r\nДействия России, всегда, в этом Мире, степенны!</p>\r\n\r\n<p class=\"poem\">Советский Союз получился у России, серьёзно!<br>\r\nНо, люди не готовы были это принять!<br>\r\nСоюз, не должен был, уйти на дно,<br>\r\nСоюз, Сознание людей, смог бы переделать!</p>\r\n\r\n<p class=\"poem\">Сегодня, всё, вновь, упирается в кадры!<br>\r\nНельзя надеяться, только на одно, поколение!<br>\r\nУ руля Союза подобрались варвары,<br>\r\nНе проросло, тогда и теперь, Новое пополнение!</p>\r\n\r\n<p class=\"poem\">И даже, сейчас, в самом Начале Начал!<br>\r\nХорошо видно, что нет совсем Новой смены!<br>\r\nНовое поколение вызывает у Бога, печали,<br>\r\nМолодежь, не волнуют грядущие в Мире, перемены!</p>\r\n\r\n<p class=\"poem\">Не приживается в стране, Идеология Равенства!<br>\r\nПока, идёт, отрицательного знака, отбор!<br>\r\nБогатства людей &ndash; есть, пока, Главенство!<br>\r\nСегодня, бизнес в России, имеет название «вор»!</p>\r\n\r\n<p class=\"poem\"><b>Оказывается, что нужно продолжать сражение!<br>\r\nЧтобы открылись корни грядущего!<br>\r\nНужно направить к Богу, людей, движение!<br>\r\nБог, всегда поможет, вперёд идущему!</b></p>\r\n\r\n<p class=\"poem\"><b>У людей, сегодня, как крайний случай!<br>\r\nСпасение в Духе &ndash; это шаг в Завтра!<br>\r\nСегодня, власть в стране Народ мучает!<br>\r\nТолько, Создатель говорит людям Правду!</b></p>\r\n\r\n<p class=\"poem\">Победа будет на стороне России!<br>\r\nРоссия достигнет Победный Миг!<br>\r\nНужно время, для утверждения роли Мессии!<br>\r\nНужен пример, как Исторический, подвиг!</p>\r\n\r\n<p class=\"poem\">От Америки ждать ничего не приходится!<br>\r\nТрамп, повторяю, совсем не политик!<br>\r\nРоссия, как страна в Духе, для примера, годится!<br>\r\nНе скоро, случится этот вожделенный Миг!</p>\r\n\r\n<p class=\"poem\"><b>По Сценарию Создателя, этот Мир будет Русским!<br>\r\nАмерика объединится с Россией!<br>\r\nБудет, дуэт управления, тоже, Русским!<br>\r\nДва Русских, вместе &ndash; это Спасения Мира Миссия!</b></p>\r\n\r\n<p class=\"poem\">Вопреки проискам Тьмы, Свобода восстанет!<br>\r\nБудет Союз России с Америкой!<br>\r\nРоссия, этот Мир, подумать заставит!<br>\r\nДля кого-то такое объединение, обернётся истерикой!</p>\r\n\r\n<p class=\"poem\">Но, такое Объединение обернётся Победой!<br>\r\nНе случайно, впереди, будут Русские!<br>\r\nНе коснётся Планеты, больше никогда, беда!<br>\r\nУ русских в Душе Проекты, совсем, не узкие!</p>\r\n\r\n<p class=\"poem\"><b>Создатель собирает людей по масштабу!<br>\r\nУ Русских, промысел от океана до океана!<br>\r\nБудет на Территории Руси, Мировой Штаб!<br>\r\nБудет Новый Мир, на Планете, в виде Нирваны!</b></p>\r\n\r\n<p class=\"noind\">Да будет Свет Истины!<br>\r\nОтец Абсолют или Высший Космический Разум!</p>\r\n","Files":null,"Date":"2024-12-21T12:17:49.202+03:00","DateChange":"2024-12-21T12:18:48.007+03:00","Link":"poems/21.12.24","Id":"676687f8193feff596701169","Srv":"otk","Deleted":false,"Titles":["По Сценарию Создателя, будет Мир Русским!"]}
{"Data":{"Next":"poems/21.12.24","NoFooter":false,"PoemOutDict":false,"Titles":null,"Number":"№356 (3139)"},"Active":true,"Catalog":"570ef2fcd07cda3e16f93ef7","Description":"<p class=\"poem\"><b>Повторяю, ожидание, совсем, не пустая трата времени!<br>\r\nОжидание &ndash; это философия очищения себя в Духе!<br>\r\nТрудная Жизнь в очищении, совсем, не бремя!<br>\r\nЭто человеческое напряжение или в Духе потуги!</b></p>\r\n\r\n<p class=\"poem\"><b>Существует обстановка внутреннего Преображения!<br>\r\nЭто чистота Мыслей за прошлое и за Завтра!<br>\r\nЭто, в некотором смысле, есть одностороннее движение!<br>\r\nКогда, и в Мыслях, и делах, есть только Правда!</b></p>\r\n\r\n<p class=\"poem\"><b>Сегодня, самый трудный Путь человека к Истине!<br>\r\nИбо, сегодня в жизни есть Ложь и Обман!<br>\r\nВокруг человека, сегодня, только, Тина!<br>\r\nКаждый встречный, сегодня, есть враг или шарлатан!</b></p>\r\n\r\n<p class=\"poem\">История говорит, что во власть прорвались жулики!<br>\r\nТакого не было никогда в веках!<br>\r\nЧеловек во власти не боится никак улик!<br>\r\nВыбранное направление, позволяет ему жить в облаках!</p>\r\n\r\n<p class=\"poem\"><b>Жить в облаках неправды и мракобесия!<br>\r\nГде поруганы Совести представления!<br>\r\nВ Пространстве только искажённые известия!<br>\r\nГлавное, это Тьмы Мировой проявления!</b></p>\r\n\r\n<p class=\"poem\">Тьма спешит изменить Мир до Инаугурации!<br>\r\nЧтобы Новый Президент не смог ничего исправить!<br>\r\nЭто, последняя в этой Эпохе, Тьмы акция!<br>\r\nТьма хочет Трампа заставить, как она видеть!</p>\r\n\r\n<p class=\"poem\"><b>Это касается и России в этот период!<br>\r\nНет в стране никакого активного сопротивления!<br>\r\nВластная система парализовала совсем Народ!<br>\r\nОстановлено в России к Богу движение!</b></p>\r\n\r\n<p class=\"poem\">Ещё месяц надо всем продержаться!<br>\r\nМир, сегодня, как растянутая пружина!<br>\r\nВпереди нет никакого Конца, как может показаться!<br>\r\nСомнения внутри человека – это Тьмы нажим!</p>\r\n\r\n<p class=\"poem\">Каждый человек идёт, только своей, дорогой!<br>\r\nАмерика считает, что Трамп не сорвётся!<br>\r\nРоссия, наоборот, сама стоит у Порога!<br>\r\nРоссия в Советский Союз вернётся!</p>\r\n\r\n<p class=\"poem\"><b>Сегодня, на Руси уже есть Идеология от Бога!<br>\r\nКоммунизм &ndash; это теоретическая демагогия!<br>\r\nРавенство и Любовь должны быть в Итоге!<br>\r\nВ России открылась Божественная Идеология!</b></p>\r\n\r\n<p class=\"poem\">Главная, Ваша задача, быть готовыми!<br>\r\nБыть готовыми перейти в людей-Богов!<br>\r\nЗначит, надо в Духе стать Новыми!<br>\r\nДобиваясь Исторических Итогов!</p>\r\n\r\n<p class=\"poem\"><b>Внутренний Промысел &ndash; это тяжёлый труд!<br>\r\nТруд над своим несовершенным Сознанием!<br>\r\nЧеловек, ещё не человек-Бог, а только, почти плод!<br>\r\nК Весне должно быть закончено, Плода формирование!</b></p>\r\n\r\n<p class=\"poem\">Америка требует понятного Ей Президента!<br>\r\nРоссия ожидает, только, человека-Бога!<br>\r\nРоссия рассматривает это, сквозь, иноагента,<br>\r\nОбе страны ожидают одного Итога!</p>\r\n\r\n<p class=\"poem\">Каждая страна рассчитывает на своё Лидерство!<br>\r\nКто в мамоне, а кто в Святом Духе!<br>\r\nКаждая страна проявляет упорство,<br>\r\nПотрачено, уже очень много, потуги!</p>\r\n\r\n<p class=\"poem\">Путь России согласован с Создателем!<br>\r\nРоссия подписала с Богом Договор!<br>\r\nВ Америке большинство людей &ndash; есть обыватели!<br>\r\nПо закону запрещён, у них во власти, вор!</p>\r\n\r\n<p class=\"poem\">В России нет разрешения на воровство!<br>\r\nНо, есть системы общей поруки!<br>\r\nЕсть, ещё, системное мародёрство,<br>\r\nНарод, уже много лет, терпит муки!</p>\r\n\r\n<p class=\"poem\">Зреет, Исторический выпуск, в Школе!<br>\r\nЭто выпускники не в Материи, а, в Духе!<br>\r\nНе перейти никому Русское поле!<br>\r\nЕсли вместе, то не нужны потуги!</p>\r\n\r\n<p class=\"poem\"><b>Сегодня, кто-то бьётся, как рыба об лёд!<br>\r\nКто-то формирует Платформу Нового!<br>\r\nОбе страны по-разному идут вперёд!<br>\r\nДля определения Завтра есть Бога Доводы!</b></p>\r\n\r\n<p class=\"poem\">Разговор состоится в конце Января!<br>\r\nКогда Создатель начнёт реализацию,<br>\r\nНадо будет убрать от Тьмы главарей!<br>\r\nНачнётся Создателя Прямая Акция!</p>\r\n\r\n<p class=\"noind\">Да будет Свет Истины!<br>\r\nОтец Абсолют или Высший Космический Разум!</p>\r\n","Files":null,"Date":"2024-12-20T12:16:18.128+03:00","DateChange":"2024-12-20T12:17:00.087+03:00","Link":"poems/20.12.24","Id":"6765360c193feff596701162","Srv":"otk","Deleted":false,"Titles":["Путь России согласован с Создателем!"]}
{"Data":{"Next":"poems/20.12.24","NoFooter":false,"PoemOutDict":false,"Titles":null,"Number":"№355 (3138)"},"Active":true,"Catalog":"570ef2fcd07cda3e16f93ef7","Description":"<p class=\"poem\">На вопрос, что надо делать, отвечаю: надо ждать!<br>\r\nНо, ждать &ndash; это не значит сидеть без дела!<br>\r\nНадо, при этом, Цель своей жизни знать!<br>\r\nДолжно быть хорошо, и в Духе, и в теле!</p>\r\n\r\n<p class=\"poem\">Нужно Вам правильно понимать события!<br>\r\nИбо вокруг человека, непроходимая, Мгла!<br>\r\nЧеловек, живёт, только, условиями бытия,<br>\r\nПри отсутствии информации, жизнь &ndash; это игра!</p>\r\n\r\n<p class=\"poem\">Ситуация, сегодня, в Мире, как далёкое эхо:<br>\r\nРаспространение искажённой информации!<br>\r\nДля Тьмы, жизнь человека, это потеха!<br>\r\nМожно сказать, что эта жизнь, есть Тьмы акция!</p>\r\n\r\n<p class=\"poem\"><b>В этой Мгле прав тот, кто не прав!<br>\r\nОбижен тот, кто сам обижает!<br>\r\nНикто не знает, что говорит неправду!<br>\r\nГлавное, никто и ничего, уже не ожидает!</b></p>\r\n\r\n<p class=\"poem\"><b>Люди живут, словно, в несчастье!<br>\r\nНичто, не предвещает, ничего хорошего!<br>\r\nУ людей, как раз, потребность в счастье!<br>\r\nЛюдям, кажется, что они Богом брошены!</b></p>\r\n\r\n<p class=\"poem\"><b>Люди получают реальность, как есть!<br>\r\nИбо они подчинились Тьме, сами!<br>\r\nВ некотором смысле &ndash; это Тьмы месть,<br>\r\nЗа то, что люди к Свету, повернули сани!</b></p>\r\n\r\n<p class=\"poem\">Россия, первая, создала Советский Союз!<br>\r\nСоюз &ndash; это Любовь и Равенство!<br>\r\nНо, Тьма экономику пустила юзом!<br>\r\nТьма вернула, Мамоны главенство!</p>\r\n\r\n<p class=\"poem\">После развала Союза, Тьма начала, снова!<br>\r\nТьма решила разрушить, теперь, Россию!<br>\r\nОставался Славянский Мир, как Основа!<br>\r\nНадо было остановить России Миссию!</p>\r\n\r\n<p class=\"poem\">Тьма не могла успокоиться без войны!<br>\r\nВойна &ndash; это удар по Славянскому Миру!<br>\r\nУ руководства России есть доля своей вины!<br>\r\nНебо предложило Творца, в качестве, ориентира!</p>\r\n\r\n<p class=\"poem\"><b>За 20 лет Создатель передал Знания!<br>\r\nРоссия начала подниматься с колен!<br>\r\nК людям, пришло, наконец, понимание,<br>\r\nЧто для России Создатель &ndash; это Суверен!</b></p>\r\n\r\n<p class=\"poem\">Теперь Мессия ведёт Руси население!<br>\r\nПоставлена задача, привести в Небо, людей!<br>\r\nНачнётся в Новую Эпоху переселение!<br>\r\nТьма старается сделать жизнь людей, всё сложней!</p>\r\n\r\n<p class=\"poem\">Сегодня, силы Тьмы объединились!<br>\r\nНо, к власти в США, пришёл Русский!<br>\r\nРусский, не по стране, определяется,<br>\r\nУ Русского отношение к Тьме есть жёсткое!</p>\r\n\r\n<p class=\"poem\">Россия подросла и сдаёт Экзамены!<br>\r\nВсе грани сдают рефераты, вместе!<br>\r\nВ стране ожидаются Большие перемены!<br>\r\nРоссия &ndash; это Начало Начал, место!</p>\r\n\r\n<p class=\"poem\"><b>Теперь, время, на стороне России!<br>\r\nПока Тьма уже воюет с Трампом!<br>\r\nСобираются люди вокруг Мессии,<br>\r\nСоздатель создал для них на Сцене Рампу!</b></p>\r\n\r\n<p class=\"poem\">Надо до Инаугурации сдать рефераты!<br>\r\nИбо, это Ваша в Духе аттестация!<br>\r\nНе обязательно ставить Вам даты!<br>\r\nРефераты &ndash; это Вашей подготовки, акция!</p>\r\n\r\n<p class=\"poem\">Вы должны до Инаугурации закрыть дела!<br>\r\nСоздатель утвердил Вашу позицию,<br>\r\nНачинается изменение Вашего тела,<br>\r\nЭто, уже, Квантового Перехода акция!</p>\r\n\r\n<p class=\"poem\"><b>Закончив дела, вы поможете Трампу!<br>\r\nВы, есть невидимая в Материи, Его поддержка!<br>\r\nЗапомните, Творец приготовил Вам Рампу!<br>\r\nЗа Вами Спектакля пауза или выдержка!</b></p>\r\n\r\n<p class=\"poem\">Тьма не понимает, пока, Ваши роли!<br>\r\nВы для Тьмы есть не Главные игроки!<br>\r\nНо, за Вами, Право проявления Воли!<br>\r\nУ Тьмы, из-за Вас, очень много будет мороки!</p>\r\n\r\n<p class=\"poem\">Тьма поймёт, что взошло Новое Завтра!<br>\r\nВы, сами, есть рулевые у Создателя!<br>\r\nВы несёте, собой, людям Правду!<br>\r\nВы очищаете, этот Мир, от обывателей!</p>\r\n\r\n<p class=\"noind\">Да будет Свет Истины!<br>\r\nОтец Абсолют или Высший Космический Разум!</p>\r\n","Files":null,"Date":"2024-12-19T11:26:57.801+03:00","DateChange":"2024-12-19T11:27:26.519+03:00","Link":"poems/19.12.24","Id":"6763d8ee9018e58ae3066374","Srv":"otk","Deleted":false,"Titles":["Теперь, время, на стороне России!"]}
