{"Data":{"Next":null,"NoFooter":false,"PoemOutDict":false,"Titles":null,"Number":"№21 (3476)"},"Active":true,"Catalog":"570ef2fcd07cda3e16f93ef7","Description":"<p class=\"poem\">Люди должны понять, что Переход на подходе!<br>\nВсе понимают, что Переход будет вскоре!<br>\nПрошлый Мир, уже, постепенно уходит!<br>\nДля Новых людей, возможностей будет, море!</p>\n\n<p class=\"poem\">Люди, очень много натворили в прошлом!<br>\nСоздатель хочет подведения Итогов!<br>\nОткрываются, Новые в Духе возможности!<br>\nА для кого-то, как говорится, в руки ноги!</p>\n\n<p class=\"poem\">Настало, время проявить Вас, вовремя!<br>\nИбо, человечество ушло в религии!<br>\nВы, для Нового Мира неизвестное Племя,<br>\nСопротивляющееся, Мировым веригам!</p>\n\n<p class=\"poem\">Сегодня, люди поспешили собрать Центр религий!<br>\nСловно, этим они спасутся от вопросов Создателя!<br>\nХрам, сразу для всех религий, хуже вериг!<br>\nЭто, счастье, лишь для, самих, обывателей!</p>\n\n<p class=\"poem\">Мир, готовит для себя окончание!<br>\nИбо, Создатель, видит в других, продолжение!<br>\nИстория, прошлого Мира, попала под развенчание!<br>\nШестая Эпоха, не требует утверждения!</p>\n\n<p class=\"poem\">Создатель утвердил Белого Царя, и для Него, Эпоху!<br>\nТеперь, мнение людей, остаётся, при них!<br>\nОсталось, для России подвести Итоги!<br>\nПосле этого, Создатель объявит, Начала Миг!</p>\n\n<p class=\"poem\">Миг, Великого Преображения и Вознесения!<br>\nЭто, будет касаться, только Судьбы России!<br>\nРоссия должна понять, своё Новое положение!<br>\nРоссия, во главе с Белым Царём, начнёт миссию!</p>\n\n<p class=\"poem\">Россия, будет способна спасти, много Людей!<br>\nСоздатель, предложил Ей собрать Россию!<br>\nНо, в России, сегодня, очень много «гостей»!<br>\nСоздатель начнёт свою очистительную, Сессию!</p>\n\n<p class=\"poem\">Даже, в России, не всем и не всё, понятно!<br>\nЧто поменяется кардинально, сама Планета!<br>\nСегодня, Планета, на периферии, только, заметна!<br>\nЗавтра, Судьба всех людей, будет задета!</p>\n\n<p class=\"poem\">Три компонента, для Надежды, у Вас есть!<br>\nЕсть Создатель, Белый Царь и Народ!<br>\nНадо определить, кто есть кто, здесь?<br>\nДля наведения порядка, есть повод!</p>\n\n<p class=\"poem\">Повод для России &ndash; это в Мире Её положение!<br>\nМожно поговорить, а можно, и не спрашивать!<br>\nИзвестно, сегодня, только направление движения!<br>\nКоторое, кроме Создателя, не кому изменять!</p>\n\n<p class=\"poem\">Мир, сам по себе и Святая Русь, тоже!<br>\nНет, между ними ничего общего!<br>\nОстановить Новую Россию, никто не может!<br>\nИбо, Россия для Создателя, теперь, Зодчий!</p>\n\n<p class=\"poem\">Создатель, спрашивать никого не будет!<br>\nПогрязших, в войне и в мамоне, нельзя!<br>\nПланетарный взрыв, конечно, будет!<br>\nУ Мира, и у России, не совместимая стезя!</p>\n\n<p class=\"poem\">Последнее предупреждение, будет вскоре!<br>\nРоссия, должна обратиться к Диаспорам!<br>\nПо Миру, это Обращение, пройдёт, как море!<br>\nТолько, русские поверят, Родине словам!</p>\n\n<p class=\"poem\">Все страны, которые играли в свою игру!<br>\nВечно мешали, Мира сего, Создателю!<br>\nСоздатель, запрещал эту от Тьмы, молву!<br>\nНельзя, вечно мешать, Отцу Основателю!</p>\n\n<p class=\"poem\">Тот, кто придумал религии, получат своё!<br>\nОт них останутся, как раньше, скалы!<br>\nРодившийся, на скалах, превратился в жульё!<br>\nЭто, урон для Планеты, немалый!</p>\n\n<p class=\"poem\">Вы, увидите, как ответит Природа!<br>\nПланета, откроет свои кладовые!<br>\nНад этими людьми поиздевается Погода,<br>\nЛюди поймут, что они &ndash; не Боги, а рядовые!</p>\n\n<p class=\"poem\">Два процесса, захватят, целиком, этот Мир!<br>\nБудут, преображение и старого разрушение!<br>\nСпасутся, те, у которых Создатель ориентир!<br>\nА, значит, те, у которых в Боги движение!</p>\n\n<p class=\"noind\">Да будет Свет Истины!<br>\nОтец Абсолют или Высший Космический Разум!</p>","Files":null,"Date":"2025-11-21T11:50:07.927+03:00","DateChange":"2025-11-21T12:15:46.563+03:00","Link":"poems/21.11.25","Id":"692027e16b176949450d8089","Srv":"otk","Deleted":false,"Titles":["Последнее предупреждение, будет вскоре!"]}
{"Data":{"Next":"poems/17.01.17","NoFooter":true,"PoemOutDict":false,"Titles":[],"Number":null},"Active":true,"Catalog":"570ef2fcd07cda3e16f93ef7","Description":"<p class=\"poem\">Всегда есть прелюдия!<br>\nТак устроена жизнь!<br>\nЭто начало мелодии,<br>\nДолгой, как жизнь!</p>\n\n<p class=\"poem\">Очень важен аккорд!<br>\nНельзя фальшивить ни разу!<br>\nЭто исторический поворот,<br>\nОдин и на всё сразу!</p>\n\n<p class=\"poem\">Русь стоит у черты!<br>\nКак Я говорил, исторической!<br>\nНе разрушайте Мечты,<br>\nПусть немного мифической!</p>\n\n<p class=\"poem\">Сегодня можно творить!<br>\nВам разрешено Богом!<br>\nНе надо ничего говорить,<br>\nПеред вами &ndash; дорога!</p>\n\n<p class=\"poem\">Настоящая, наконец, дорога!<br>\nИ не в никуда, а в будущее!<br>\nОсталось перешагнуть порог,<br>\nИ увидеть грядущее!</p>\n\n<p class=\"poem\">Там Материя не в почёте!<br>\nТам управляет всем Дух!<br>\nДуховность будет зачётом,<br>\nДля избавившихся от мук!</p>\n\n<p class=\"poem\">И всё открывается просто!<br>\nБыло бы на то желание!<br>\nЕдиный на всех промысел,<br>\nЕдиное целеполагание!</p>\n\n<p class=\"poem\">Завтра последний промысел!<br>\nРешающее всё Единение!<br>\nГлавный на века ПОМЫСЕЛ!<br>\nКак единственное решение!</p>\n\n<p class=\"poem\">Вам будет завтра ясно,<br>\nЧто вами Мир управляемый!<br>\nРезультат будет прекрасным,<br>\nВсе вопросы решаемы!</p>\n\n<p class=\"poem\">Русь должна осознать!<br>\nИ осознать окончательно!<br>\nЕй доверено &laquo;КАК&raquo; знать,<br>\nМиром управлять СОЗНАТЕЛЬНО!</p>\n\n<p class=\"poem\">Сознавая меру ответственности!<br>\nЗа будущее Нового мира!<br>\nПонимая Божественность,<br>\nВыстраиваемой её Пальмиры!</p>\n\n<p class=\"noind\">Аминь.<br>\nОтец Абсолют.</p>\n<p class=\"noind\">16.01.17</p>","Files":null,"Date":"2017-01-16T00:00:00+03:00","DateChange":"2025-11-20T15:59:14.626+03:00","Link":"poems/16.01.17","Id":"6488a42d9231157cf9aaf76e","Srv":"otk","Deleted":false,"Titles":["Завтра"]}
{"Data":{"Next":"poems/18.11.25","NoFooter":false,"PoemOutDict":false,"Titles":null,"Number":"№17 (3472)"},"Active":true,"Catalog":"570ef2fcd07cda3e16f93ef7","Description":"<p class=\"poem\">Только разговор по Душам, это позволит!<br>\nЧтобы перейти, незаметно, в Тонкий план!<br>\nСознание человека, во сне, это переводит,<br>\nЧеловека, с Плотного в Тонкий План!</p>\n\n<p class=\"poem\">Никто не объясняет, как это будет?<br>\nЧеловек, при Переходе, не меняет Сознание!<br>\nПри Переходе, Он прошлое своё не забудет!<br>\nОпыт человека, остаётся, как напоминание!</p>\n\n<p class=\"poem\">Более того, Вам надо управлять Новой Россией!<br>\nЗначит, для Начала, опыт необходим, обязательно!<br>\nСоздатель, не говорит, как будет протекать Миссия!<br>\nВам, надо, выполнять все предписания, старательно!</p>\n\n<p class=\"poem\">Всё, что надо делать в Материи, Вам понятно!<br>\nНо, Тонкий план, закрыт для Вас, пеленой!<br>\nПридётся, попросить Создателя, объяснить, внятно!<br>\nПридётся, принять слова Создателя, Душой!</p>\n\n<p class=\"poem\">Непонятен, и сам Переход из людей, в Боги!<br>\nИбо, по виду &ndash; это, совсем, разные субстанции!<br>\nПолучается, что надо, сначала, подвести итоги,<br>\nИбо, Квантовый Переход &ndash; это, уже, в Духе акция!</p>\n\n<p class=\"poem\">Но, как это пройти, никто, из людей, не знает!<br>\nСоздатель, говорил, что это Переход, при жизни!<br>\nСоздатель, готовность человека, Сам определяет!<br>\nПри Переходе, никто из людей, не лишний!</p>\n\n<p class=\"poem\">Переход уже объявлен, не ясно, что людям, делать?<br>\nМолебен &ndash; это ещё не Переход в Эпоху!<br>\nНадо людям, совершенно, точно знать,<br>\nКак перейти в Новую Эпоху, сходу!</p>\n\n<p class=\"poem\">Объяснить Квантовый Переход, просто, нельзя!<br>\nИбо, Переход &ndash; это сугубо, личная, стадия!<br>\nЭто, Особая в Небо, для каждого человека, стезя!<br>\nНе должно быть, при Переходе, никаких оказий!</p>\n\n<p class=\"poem\">Надо выполнять Создателя, все Инструкции!<br>\nСоздатель, должен раскрыть, человеку, Путь!<br>\nШестая Эпоха &ndash; это, Особая в Небе, конструкция!<br>\nВысоких вибраций в Небе, особая Суть!</p>\n\n<p class=\"poem\">Предварительно, особый разговор, человека с Создателем!<br>\nНельзя, пугаться, Замысла Квантового перехода!<br>\nСтрах &ndash; это неверие людей к Создателю!<br>\nЛюди, без страха, собираться должны, у Входа!</p>\n\n<p class=\"poem\">Вибрации, незаметно, поделят людей на части!<br>\nТак, уже было, в самом Начале, с Богами!<br>\nТолько, так получались частицы, разной масти!<br>\nЧтобы, потом стать, Единым потоком!</p>\n\n<p class=\"poem\">Что будет в Итоге &ndash; это, другое дело!<br>\nВам поручено, сформировать Новый мир!<br>\nБог &ndash; это человек, без Материального тела,<br>\nБог &ndash; это на Создателя ориентир!</p>\n\n<p class=\"poem\">Боги, не имеют, с Материей, никакой связки!<br>\nОни, свободны на Просторах Неба!<br>\nВ реальности, будут подтверждены, все сказки!<br>\nБоги, повторяют за Создателем, Промысел, смело!</p>\n\n<p class=\"poem\">Новые возможности у Богов открываются!<br>\nБог, может выбрать любую Планету!<br>\nУ Богов, Новые способности намечаются!<br>\nБог, не будет, никогда, интересоваться монетой!</p>\n\n<p class=\"poem\">Теперь, Боги будут стремиться в Целое!<br>\nПовторяю, Им надо создать, из себя Создателя!<br>\nНачало положено, ибо определён, на Руси Царь Белый!<br>\nОн, точка Начала Начал или Отец-Основатель!</p>\n\n<p class=\"poem\">Создатель, планировал сотворить много Богов!<br>\nЧтобы Небо состояло из, Богов, множества!<br>\nПятая Эпоха, не дала, ожидаемых Итогов!<br>\nШестая Эпоха, уже столкнулась со сложностями!</p>\n\n<p class=\"poem\">Создатель выделил из людей, только, Россию!<br>\nФормирование, Святой России длилось 20 лет!<br>\nПророк из России, доказал свою Миссию!<br>\nОн достиг, Права России, на, в Небо, Билет!</p>\n\n<p class=\"poem\">Сегодня, важнее всего, перейти в Тонкий План!<br>\nНе меняясь ни в чём, принципиально!<br>\nФактически, Боги, это Совершенного Сознания, Клан!<br>\nЭто, Переход, человека в Боги, окончательный!</p>\n\n<p class=\"poem\">Повторяю, творить на Небесах, проще!<br>\nИбо, всё будет на Тонком плане!<br>\nТворение, будет, как стихов строчки!<br>\nБоги, будут творить, как, в Весеннем тумане!</p>\n\n<p class=\"noind\">Да будет Свет Истины!<br>\nОтец Абсолют или Высший Космический Разум!</p>","Files":null,"Date":"2025-11-17T01:47:48.605+03:00","DateChange":"2025-11-20T14:34:31.409+03:00","Link":"poems/17.11.25","Id":"6919a21d6b176949450d8078","Srv":"otk","Deleted":false,"Titles":["Надо исполнять, Создателя, все Инструкции!"]}
{"Data":{"Next":"poems/21.11.25","NoFooter":false,"PoemOutDict":false,"Titles":null,"Number":"№20 (3475)"},"Active":true,"Catalog":"570ef2fcd07cda3e16f93ef7","Description":"<p class=\"poem\">Эта История, на уровне, уже, Планеты!<br>\nРоссия, всегда отвечала за Цивилизацию!<br>\nКритерием Пятой Эпохи, была монета!<br>\nПротив монеты, сегодня, Создателя акция!</p>\n\n<p class=\"poem\">Создатель, теперь, определил Россию, в Эпоху!<br>\nВ Эпоху, созвездия Водолея!<br>\nБог, надеется, что Россия перейдёт сходу!<br>\nРоссия, против Тьмы будет упрямее!</p>\n\n<p class=\"poem\">Сегодня, надо поменять соотношение сил!<br>\nНа Руси, сегодня, приоритет Тьмы!<br>\nСовременный Лидер, для Создателя, не мил!<br>\nВласти, по отношению к Тьме, терпимы!</p>\n\n<p class=\"poem\">Создатель готовит, уже, Новую Россию!<br>\nГотовится, для Мира сего, и Рок-Опера!<br>\nПриведён, к управлению, Царь &ndash; Мессия!<br>\nПриближается Квантового перехода, пора!</p>\n\n<p class=\"poem\">Россия, разбросана, давно, по странам!<br>\nБольшинство, прижилось во Франции!<br>\nПора, залечить все прошлые раны!<br>\nПредполагается Единения России, акция!</p>\n\n<p class=\"poem\">Заграничная диаспора, должна, понять!<br>\nЧто Новая, под Богом, Россия, зовёт!<br>\nСвятая Русь, через 100 лет, должна встать!<br>\nОна, за Создателем, в Небо пойдёт!</p>\n\n<p class=\"poem\">Для Единой России, уже подготовлен Крест!<br>\nКак, для Единого на Руси сословия!<br>\nПо Миру должна пройти, эта Весть!<br>\nКак, на Сен-Женевьев-Де-Буа, Руси достояние!</p>\n\n<p class=\"poem\">Все Русские должны вернуться Домой!<br>\nЭто, самое Главное, Народа решение!<br>\nПрошлая Россия, должна встать в строй!<br>\nТогда и начнётся, Планетарное Преображение!</p>\n\n<p class=\"poem\">Сойдётся, Главная Идеология, Великой страны!<br>\nШестая Эпоха, станет для Руси в Духе просветлением!<br>\nЕдиная страна, залечит все прошлые, свои раны!<br>\nСоздатель отметит &ndash; это Историческое достижение!</p>\n\n<p class=\"poem\">Надо, будет провести Вече, уже Единой России:<br>\nНа всех полушариях, от Океана до Океана!<br>\nЭто будет, Великая для человечества Миссия!<br>\nПод флагом Создателя и Белого Царя, надо!</p>\n\n<p class=\"poem\">На Вече, надо вспомнить Планеты, Историю!<br>\nРоссию, мотало от Мировых претендентов!<br>\nВ стране, много разных людских категорий!<br>\nВ стране, по-прежнему, много ещё оппонентов!</p>\n\n<p class=\"poem\">Россия, на Вече, при всех, должна почистить ряды!<br>\nРеволюцию на Руси, поднимали не Русские!<br>\nНе ради, Равенства, были карательные отряды!<br>\nИнтересы, революционеров были, очень узкие!</p>\n\n<p class=\"poem\">Равенство людей, декларировалось везде!<br>\nТолько, Создатель не хотел, никакого насилия!<br>\nОчень много людей, насильно, оказалось на дне!<br>\nБелая Русь, против Тьмы, была бессильна!</p>\n\n<p class=\"poem\">Теперь, собирается Новая Русь от Создателя!<br>\nИбо, все религии несут людям рабство!<br>\nРоссия, приняла от Бога, Небесное Законодательство!<br>\nИ, соответствующее, от Бога устройство!</p>\n\n<p class=\"poem\">Настало, время объединить Россию, в Целое!<br>\nСоздатель, приглашает и Белую Русь!<br>\nНовая Русь, получила от Создателя, Царя Белого!<br>\nБолее, 100 лет Россия жила со своей грустью!</p>\n\n<p class=\"poem\">На Всеобщем Вече, надо Вам вспомнить всё!<br>\nОшибки, делали обе России стороны!<br>\nРоссия, за эти годы, перестрадала своё!<br>\nТеперь, настала пора, простить друг другу, уроны!</p>\n\n<p class=\"poem\">Две России должны обняться в Москве, на Сцене!<br>\nПочтите Память, всех на Руси, убиенных!<br>\nНаступает, Шестая Эпоха Великих перемен!<br>\nРоссия станет страной, уже Богов нетленных!</p>\n\n<p class=\"poem\">В Москве, на Сцене, вам надо пропеть Гимн!<br>\nГимн, возвращения Великой страны!<br>\nСоздатель, возведёт над Россией Нимб!<br>\nСвятой страны Богов без прошлых ран!</p>\n\n<p class=\"noind\">Да будет Свет Истины!<br>\nОтец Абсолют или Высший Космический Разум!</p>","Files":null,"Date":"2025-11-20T11:35:03.825+03:00","DateChange":"2025-11-20T11:36:12.983+03:00","Link":"poems/20.11.25","Id":"691ed2de6b176949450d8088","Srv":"otk","Deleted":false,"Titles":["Две России, должны обняться, в Москве, на Сцене!"]}
{"Data":{"Next":"poems/20.11.25","NoFooter":false,"PoemOutDict":false,"Titles":null,"Number":"№19 (3474)"},"Active":true,"Catalog":"570ef2fcd07cda3e16f93ef7","Description":"<p class=\"poem\">Не одинаковые силы, по разные стороны!<br>\nПротив Света, всегда в Мире, больше людей!<br>\nСвет, несёт в этом сражении, большие уроны!<br>\nЛюдям, добиться Правды всегда, было, сложней!</p>\n\n<p class=\"poem\">Создатель хочет, чтобы победила Россия!<br>\nСобравшая, вокруг себя, в Духе авангард!<br>\nБьётся, не уставая, против Тьмы и Мессия!<br>\nНикак, не сложится Квантового перехода, старт!</p>\n\n<p class=\"poem\">Не могут одни, и не помогают другие!<br>\nТруден бой, на Земле, за Справедливость!<br>\nЛюди, не хотят понять, что они, уже, не такие,<br>\nЧто им необходимо, проявить решимость!</p>\n\n<p class=\"poem\">Люди, привязаны к этому Миру, жизнью!<br>\nОни, боятся сделать, даже, шаг в сторону!<br>\nНо, все угрозы Тьмы поросли, былью!<br>\nТолько, неверие людей, порождает уроны!</p>\n\n<p class=\"poem\">Создатель, меняет для Вас, на Земле, условия!<br>\nИбо, люди должны подняться с колен!<br>\nРоссия, продолжает плодить сословия!<br>\nЛюди, примут на себя, ветер перемен!</p>\n\n<p class=\"poem\">Постепенно, меняется и само, человечество!<br>\nОбстоятельства, заставляют смотреть вперёд!<br>\nРоссия, формирует в Духе, уже, Отечество,<br>\nКоторое, начнёт, в любом случае, Переход!</p>\n\n<p class=\"poem\">Но, людьми, по-прежнему, владеет страх!<br>\nЛюди, боятся переходить в Небо!<br>\nСоздатель, пытается разогнать этот Мрак,<br>\nЧтобы, Сказку перевести в Быль!</p>\n\n<p class=\"poem\">Люди должны понять, что Эпоха рядом!<br>\nЧто, нельзя, так долго, перед Входом стоять!<br>\nНельзя, для защиты, прикрываться Образами,<br>\nЖизнь, заставит, вопреки страху, начать!</p>\n\n<p class=\"poem\"><b>Создатель, предлагает, собрать, Всю Россию!<br>\nДля этого, есть все в Мире, обстоятельства!<br>\nЕсть от Создателя, выбранный Им, Мессия!<br>\nУходит, в прошлое, Мир стяжательства!</b></p>\n\n<p class=\"poem\">Для всего Мира людей, приходит время знать!<br>\nЧто, такое была и есть, Святая Россия!<br>\nСегодня, Россия разделена на Народ и &laquo;Знать&raquo;!<br>\nСпособна ли, Святая Россия, стать, вновь, Мессией?</p>\n\n<p class=\"poem\">Россия, во все века удивляла людей!<br>\nОгромная, у России океанская акватория!<br>\nОна во все века, была всех сильней!<br>\nБыла, одной шестой частью, всей территории!</p>\n\n<p class=\"poem\">Теперь, пора пересмотреть Концепцию!<br>\nВедь, Шестая Эпоха &ndash; это Новый Мир!<br>\nСоздатель, указал в Договоре с Ней, Инструкцию!<br>\nОн, Себя, предложил в качестве ориентира!</p>\n\n<p class=\"poem\"><b>Россия, должна восстановить Державу!<br>\nНо, уже на Планетарном уровне!<br>\nПоверьте, это будет современное дежавю:<br>\nБудет, Белый Царь на Белом коне!</b></p>\n\n<p class=\"poem\"><b>Великое, должно вернуться Великим!<br>\nОно должно собраться, тоже, в Великом!<br>\nРазбросанные частицы, России станут Им!<br>\nЭто в Мире, не вызовет никаких Вопросов!</b></p>\n\n<p class=\"poem\">Россия должна будет, собрать Своих!<br>\nВам, надо простить, друг друга!<br>\nРоссия, будет под Флагом, сразу двоих!<br>\nРоссия, не должна, забыть столетние муки!</p>\n\n<p class=\"poem\"><b>Пора, возродить Империю, теперь в Духе!<br>\nИмперия Создателя, должна состояться!<br>\nПреображение, пройдёт с Создателем, без мук!<br>\nРоссия не будет больше распадаться!</b></p>\n\n<p class=\"poem\"><b>Две России соберутся, теперь, навечно!<br>\nТеперь, это есть Планетарное Пространство!<br>\nОбъединение, будет быстротечным!<br>\nЗакончатся, Святой России все странствия!</b></p>\n\n<p class=\"poem\"><b>Вернутся на Карту, Русь Святая и Тартария!<br>\nСоединятся Народы Мира в Духе!<br>\nНазовётся Россия, Великой Арией,<br>\nШестая Эпоха, станет Совершенством в Итоге!</b></p>\n\n<p class=\"poem\"><b>К удивлению всех Цивилизаций!<br>\nВы, начнёте творить, Мир, Мечтая!<br>\nЭто будет Создателя и России, акция!<br>\nНа Вашем Промысле будет не точка, а есть, запятая!</b></p>\n\n<p class=\"noind\">Да будет Свет Истины!<br>\nОтец Абсолют или Высший Космический Разум!</p>","Files":null,"Date":"2025-11-19T11:40:13.898+03:00","DateChange":"2025-11-19T11:41:20.726+03:00","Link":"poems/19.11.25","Id":"691d828d6b176949450d8087","Srv":"otk","Deleted":false,"Titles":["Вернутся, на карту Планеты, Русь Святая и Тартария!"]}
{"Data":{"Next":"poems/19.11.25","NoFooter":false,"PoemOutDict":false,"Titles":null,"Number":"№18 (3473)"},"Active":true,"Catalog":"570ef2fcd07cda3e16f93ef7","Description":"<p class=\"poem\">Настала пора, собирать Россию!<br>\nРоссия, возвращается вспять!<br>\nСоздатель, подарил Ей Мессию!<br>\nЧтобы, сама, смогла встать!</p>\n\n<p class=\"poem\">Великое, приходит с Великим!<br>\nСоздатель, предлагает условия!<br>\nДля России, в Небе намечается Миг!<br>\nСоздаётся, в Духе, Святое сословие!</p>\n\n<p class=\"poem\">Сословие в Духе &ndash; это событие!<br>\nПланетарного, уже уровня!<br>\nМеняется, уже, Богов бытие,<br>\nНаступает, Рассвет, Нового дня!</p>\n\n<p class=\"poem\">Россия, спешит к Началу!<br>\nК открытию, Нового дня!<br>\nРоссия, забыла печали,<br>\nВпереди, Её ожидает Заря!</p>\n\n<p class=\"poem\">Теперь, пора собирать, как было!<br>\nСколько лучших, ушло на Запад!<br>\nНадо успокоить, что в Душе, ныло!<br>\nНадо, вернуть Руси, Звездопад!</p>\n\n<p class=\"poem\">Шестая Эпоха &ndash; это Эпоха России!<br>\nЕй, надо спасти цивилизацию!<br>\nТеперь, у руля есть Царь-Мессия!<br>\nЭто, Белого Царя, в Мире, акция!</p>\n\n<p class=\"poem\">Россия, начинает собирать, Целое!<br>\nВ Духе, теперь, а не в Материи!<br>\nМонархия, на Руси, будет Белая!<br>\nРоссия, компенсирует, свои потери!</p>\n\n<p class=\"poem\">Красные, хотели Равенства, но с насилием!<br>\nБелые, не смогли в войне, устоять!<br>\nПротив Идеологии Равенства, они бессильны,<br>\nСегодня, уже, Создателя, поднялась Рать!</p>\n\n<p class=\"poem\">Теперь, Создатель поднимает Россию!<br>\nИдеология Равенства, пришла от Него!<br>\nСоздатель, собрал Россию, вокруг Мессии,<br>\nТеперь, Новая Россия в Духе &ndash; Его звено!</p>\n\n<p class=\"poem\">Время подошло, для Шестой Эпохи!<br>\nСоздатель, собирает лучшее, из всего!<br>\nИмперия Создателя, уже, подводит Итоги!<br>\nЭто будет, Красно-Белое Бога, звено!</p>\n\n<p class=\"poem\">Теперь, Создатель, сам, начал отбор!<br>\nМессия, назначен, Белым Царём!<br>\nСоздатель очистит человеческий сор,<br>\nБог и Царь, возглавят Россию, вдвоём!</p>\n\n<p class=\"poem\">Для Народа, очень важна Идеология!<br>\nНарод, без Идеологии, не может жить!<br>\nРавенство, перед Создателем, в этом логика,<br>\nКоторая, позволит России, в Вечности быть!</p>\n\n<p class=\"poem\">Сегодня, в Мире Ей, нет конкурентов!<br>\nВсе, страны Мира, опустились до рынка!<br>\nНет, для России, в Духе оппонентов!<br>\nДля Мира, теперь, только, монета &ndash; икона!</p>\n\n<p class=\"poem\">Россия, Новая, предложит иной Путь!<br>\nСоздатель, откроет для Неё, Шестую Эпоху!<br>\nДля России, теперь, совершенного Сознания, Суть!<br>\nВеликая Россия, перейдёт, Туда, сходу!</p>\n\n<p class=\"poem\"><b>Россия, приглашает потомков!<br>\nПотомков, Великого прошлого!<br>\nРоссия Новая, соберёт, в Духе, все осколки!<br>\nЧтобы, стать вновь Великой, будет возможно!</b></p>\n\n<p class=\"poem\">Сегодня, вместе, есть Создатель и Белый Царь!<br>\nЕсть и Новая Пирамида управления!<br>\nВеликая Россия, будет, как встарь!<br>\nНа Создателя, будет, наконец, равнение!</p>\n\n<p class=\"poem\"><b>Россия, попросит прощения у Крестов!<br>\nПоставленные, за, прошлые, все бои!<br>\nРоссия, несёт Память своих Отцов,<br>\nКрасные и Белые, всё равно были и есть Свои!</b></p>\n\n<p class=\"poem\">Вам, собирать по частям, Великую Россию!<br>\nПланета, Вами названа &laquo;Святая Русь&raquo;!<br>\nОт Создателя, управление принял, Белый Царь &ndash; Мессия!<br>\nРазвеется, наконец, Вечная, России, грусть!</p>\n\n<p class=\"noind\">Да будет Свет Истины!<br>\nОтец Абсолют или Высший Космический Разум!</p>","Files":null,"Date":"2025-11-18T11:06:20.861+03:00","DateChange":"2025-11-18T11:10:11.478+03:00","Link":"poems/18.11.25","Id":"691c295a6b176949450d8084","Srv":"otk","Deleted":false,"Titles":["Вам, по частям, собирать Великую Россию!"]}
{"Id":"62195b9e5d5a11c6eb22ae89","Deleted":false,"Active":false,"DateChange":"2025-11-17T13:04:17.427+03:00"}
{"Data":{"Next":"poems/17.11.25","NoFooter":false,"PoemOutDict":false,"Titles":null,"Number":"№16 (3471)"},"Active":true,"Catalog":"570ef2fcd07cda3e16f93ef7","Description":"<p class=\"poem\">Великие Мгновенья, не Мгновенья!<br>\nА, Вечность, заглянувшая с Небес!<br>\nВ том, Разума Пространства, проявленье!<br>\nИ Чудо в Мире, из семи Чудес!</p>\n\n<p class=\"poem\">Вы тоже, есть, как чудеса от Неба!<br>\nСоздатель, тоже, миллиард Огней!<br>\nВ том, есть огней Небесных схема!<br>\nСоздатель, словно, миллиард Свечей!</p>\n\n<p class=\"poem\">Вы, Свечи, ставите, не зная, в честь себя!<br>\nИбо, Свеча, есть, только, от Небес огонь!<br>\nВы, сотворены в огне, через Меня!<br>\nИскра, была на мостовой, от Белого коня!</p>\n\n<p class=\"poem\">Никто и никогда, не говорил Вам Правду!<br>\nА, Правда есть, как Чудеса Небес!<br>\nВы, скоро, очень, повернёте к Завтра!<br>\nВас встретит, Первое, из всех Чудес!</p>\n\n<p class=\"poem\">Никто не понимает, что будет скоро?<br>\nВы перейдёте в Мир, который вернёте себе!<br>\nВы, станете Нового Мира опорой!<br>\nВы с ним встречались и не раз, во сне!</p>\n\n<p class=\"poem\">Мгновения перейдут в реальность!<br>\nРеальность превратится в Вечность!<br>\nСегодня, это для Вас, актуальность!<br>\nРаскинувшаяся в Бесконечности!</p>\n\n<p class=\"poem\">Эти слова для Вас, сегодня, синонимы!<br>\nЭто, было характерно, для Создателя!<br>\nСкоро изменятся, всех людей Умы!<br>\nПрепятствиями были, всегда, обыватели!</p>\n\n<p class=\"poem\">Создатель уберёт от Вас все препятствия!<br>\nДля Вас подойдёт, слово &laquo;простор&raquo;!<br>\nВы, поймёте, наконец, что такое действие!<br>\nКоторое у Создателя, не вызывает укор!</p>\n\n<p class=\"poem\">Мгновения перейдут в Творения!<br>\nВ Творения, по Правилам, Бога!<br>\nПоверьте, это, будет Чудес достижение!<br>\nВы, построите свой, Новый Мир, в итоге!</p>\n\n<p class=\"poem\">Вы, соберёте все Свечи Мира, в Одну!<br>\nБудут тысячи Солнц в Небе!<br>\nТеперь, нечисть Мира пойдёт ко дну!<br>\nВаше Солнце, будет за всё в ответе!</p>\n\n<p class=\"poem\">Вы, уже стоите у Входа в Рай!<br>\nВы, вместе, это и есть предтеча!<br>\nСоздатель &ndash; это есть Совершенства Край!<br>\nВот, когда на равных, будет с Создателем, встреча!</p>\n\n<p class=\"poem\">Вы, прошли все тернии, за 20 лет!<br>\nВы, не знали, каким будет Конец!<br>\nВы, сегодня, получили от Бога в Космос Билет!<br>\nИ Великий от Создателя, для Неба, Венец!</p>\n\n<p class=\"poem\">Вы, только, сейчас, разобрали,<br>\nКто Вы и что Вас, в конце жизни, ждало?<br>\nВы от Создателя, Идеологию понимать, стали!<br>\nВы, сломали Мировой Тьмы, жало!</p>\n\n<p class=\"poem\">Вас, осталось в Духе, немного, но сильных!<br>\nЭто, когда один, стоит дюжины!<br>\nВы, достигли уровня жизни длинного!<br>\nВы, есть Основа, Создателя Дружины!</p>\n\n<p class=\"poem\">Теперь, постепенно все секреты откроются!<br>\nВсё, что мечталось станет реальностью!<br>\nВаши, возможности Богов, откроются!<br>\nВы поймёте, что для Бога, Вы &ndash; актуальность!</p>\n\n<p class=\"poem\">Вы, Мои Катрены решили спеть!<br>\nЭто, единственная к Сердцу дорога!<br>\nЧеловек, поющий будет Вечностью владеть!<br>\nИбо, в Вечности, Он будет стоять у Порога!</p>\n\n<p class=\"poem\">Мгновения замелькали, уже, как огни!<br>\nВеликие Мгновенья оставляют след!<br>\nТеперь, перед Вами, очень долгие дни!<br>\nЭто, Новая Эпоха, Ваших побед!</p>\n\n<p class=\"poem\">Характер Вселенных будет другим!<br>\nВы, заставили, Бога переписать Сценарий!<br>\nТеперь, Мир Разума, будет совсем Иным!<br>\nРоссия, напишет и Новый Глоссарий!</p>\n\n<p class=\"noind\">Да будет Свет Истины!<br>\nОтец Абсолют или Высший Космический Разум!</p>","Files":null,"Date":"2025-11-16T04:31:48.639+03:00","DateChange":"2025-11-16T04:31:48.648+03:00","Link":"poems/16.11.25","Id":"6918b8ac4b1849987ccbe1a0","Srv":"otk","Deleted":false,"Titles":["Вы, соберёте все Свечи Мира, в Одну!"]}
{"Data":{"Next":"poems/16.11.25","NoFooter":false,"PoemOutDict":false,"Titles":null,"Number":"№15 (3470)"},"Active":true,"Catalog":"570ef2fcd07cda3e16f93ef7","Description":"<p class=\"poem\">Ожидание, самая неудачная стадия Вашего пути!<br>\nОжидание, неплохо, если известен, Главный маршрут!<br>\nЕсли понятен, Главный маршрут, можно оправдание найти!<br>\nЕсли этого нет, то ожидание, словно, на ногах путы!</p>\n\n<p class=\"poem\">Есть, Планы Создателя, но нет исполнителей!<br>\nБолее того, исполнитель, должен обладать интуицией!<br>\nНужно, с Создателем иметь отношения доверительные!<br>\nЛюдям, нужно знать Идеологии Бога, конструкцию!</p>\n\n<p class=\"poem\">Создатель, рассказал людям, общий План Эволюции!<br>\nНо, человек живёт, сегодняшним днём и сейчас!<br>\nУ людей, в Сознании, нет таких долгих проекций!<br>\nЧеловек не может понять, что будет в Мире, через час!</p>\n\n<p class=\"poem\">Создатель, планирует, Мир на тысячелетия!<br>\nТочнее, Создатель видит, далеко в Вечности!<br>\nЖизнь, человека, в лучшем случае, столетие,<br>\nНет, у человека, впереди, никакой бесконечности!</p>\n\n<p class=\"poem\">Человек &ndash; это частица Целого, разделённая на миллиарды!<br>\nУ Него, и соответствующий, виденья, масштаб!<br>\nЕсть, конечно, у человека, от Бога внутри дары!<br>\nНо, у человека, из-за несовершенства, много подстав!</p>\n\n<p class=\"poem\">Великое не получается сразу, ибо не тот масштаб!<br>\nСоздатель, обещает Великое, только, при Единении!<br>\nЕсли, вместе, то у людей проявляется Единый Штаб!<br>\nШтаб &ndash; это как Единый Разум, для управления!</p>\n\n<p class=\"poem\">Мир не понимает, что должен быть для людей Штаб!<br>\nНужен, Центр, Единого для людей Мышления!<br>\nФактически такой Центр, как к Создателю, трап!<br>\nЧтобы в Боги, людей, началось преображение!</p>\n\n<p class=\"poem\">Люди, как частицы, имеют, много корней!<br>\nЧастицы, имеют разные, по сути, происхождения!<br>\nТолько, при Единении в Духе, им становится видней,<br>\nВ какую сторону им, необходимо, движение!</p>\n\n<p class=\"poem\">Сегодня, на Планете сложилось, именно, такое положение!<br>\nИбо, собранные люди, в кучу &ndash; это единение!<br>\nНепонятно, для людей общее направление движения,<br>\nИбо, в куче, не бывает нужного направления!</p>\n\n<p class=\"poem\">Всем понятно, что надо быть, только, вместе!<br>\nВместе &ndash; это, не направление движения!<br>\nЯсно, что Россия, исторически, в Духе место!<br>\nДающее Создателю, в Космосе, обозначение!</p>\n\n<p class=\"poem\">Пока, для России есть опыт, страны разделения!<br>\nОпыта объединения страны в Целое, пока нет!<br>\nЛучший опыт, ради Единой Цели, перераспределение!<br>\nЗначит, единый на всех, в Космос Билет!</p>\n\n<p class=\"poem\">Космос, рассматривается для всех, как Истина!<br>\nКак Истина, связанная, Общей Идеологией!<br>\nНовый Мир, Шестой Эпохи, самая важная, Тема!<br>\nИсключающая, всякую среди людей, патологию!</p>\n\n<p class=\"poem\">Нужен, опыт в Мире, борьбы за жизнь!<br>\nЧеловек, как частица, должен уметь бороться!<br>\nВечный вопрос людей: быть или не быть?<br>\nЛюди, должны знать, как в Духе строиться!</p>\n\n<p class=\"poem\">Главное слово, при этом, лишь, Вера!<br>\nЧеловек, не имеет опыта преображения!<br>\nУ человека нет опыта и выбора, меры,<br>\nОпыта нет, и, в Небо, перемещения!</p>\n\n<p class=\"poem\">Другие люди, не помогут Вам, ни в чём!<br>\nИбо, живут, по горизонтали, только!<br>\nВам, нужен Создатель, ибо помощь в Нём!<br>\nНо, Вы не знаете, что нужно Вам и сколько!</p>\n\n<p class=\"poem\">Вся Надежда на помощь Создателя!<br>\nИ, конечно, нужна интуиция, от самих себя!<br>\nСтране, очень вредят обыватели,<br>\nИбо, живут не ради страны, а лишь, для себя!</p>\n\n<p class=\"poem\">В этом Мире, просто необходимо, Равенство!<br>\nЭто условие достижения Победы!<br>\nПроблема Планеты в вечном, неравенстве!<br>\nНеравенство &ndash; это общая для всех, беда!</p>\n\n<p class=\"poem\">Ваше Спасение, быть в Создателе!<br>\nБыть самим, тоже, Богами!<br>\nТогда, не будет на Планете, обывателей!<br>\nВы, тогда, будете Целыми сами!</p>\n\n<p class=\"poem\">Других вариантов, нет для Вашего счастья!<br>\nТогда и откроет Вам Создатель, Ваш Путь!<br>\nВы, забудете, навсегда, про все ненастья,<br>\nВы, не будете Голограммами, а, будет Бога Суть!</p>\n\n<p class=\"noind\">Да будет Свет Истины!<br>\nОтец Абсолют или Высший Космический Разум!</p>","Files":null,"Date":"2025-11-15T00:33:47.559+03:00","DateChange":"2025-11-15T00:33:47.566+03:00","Link":"poems/15.11.25","Id":"691773f14b1849987ccbe19f","Srv":"otk","Deleted":false,"Titles":["Ваше спасение, быть в Создателе!"]}
{"Data":{"Next":"poems/15.11.25","NoFooter":false,"PoemOutDict":false,"Titles":null,"Number":"№14 (3469)"},"Active":true,"Catalog":"570ef2fcd07cda3e16f93ef7","Description":"<p class=\"poem\">Власть страны, решается на нападение!<br>\nВидимо, не понимает, кто на Планете хозяин!<br>\nСоздателя, не интересует, людей мнение!<br>\nСоздатель, может изменить и положение Светил!</p>\n\n<p class=\"poem\">Людям, кажется, что они в Мире власть!<br>\nНа уровне человечества, они могут поиграть!<br>\nНо, очень скоро прекратится всякая страсть,<br>\nЛюдям, не придётся, даже жизнь выбирать!</p>\n\n<p class=\"poem\">Весь Мир, преобразится вскоре!<br>\nСоздатель, изменит Планеты ход!<br>\nЛюди, растворятся в Космическом просторе!<br>\nТолько, малая часть людей, пройдёт переход!</p>\n\n<p class=\"poem\">Власть России, напрасно, пошла против Бога!<br>\nВ Шестой Эпохе останутся, только, Творцы!<br>\nМир, правильные, не подведёт Итоги!<br>\nБудет, уничтожен капитал и дворцы!</p>\n\n<p class=\"poem\">Создатель, планировал спасти Россию!<br>\nНо, власть опять решила воевать с Богом!<br>\nСоздатель, в ответ, перепишет миссию,<br>\nТолько, над Творцами останется Нимб!</p>\n\n<p class=\"poem\">По Плану Бога, Европа и США, должны пропасть!<br>\nВсё, случится в начале Нового года!<br>\nПриродные, будут на них, напасти!<br>\nНе спасёт эти страны, независимая Природа!</p>\n\n<p class=\"poem\">Люди не понимают, кто они, на Планете!<br>\nОни, только, самих себя, голограммы!<br>\nВсё, их существование, заключено в монете!<br>\nНа развитие людей, есть у Бога, Своя Программа!</p>\n\n<p class=\"poem\">У Создателя, есть конкретные Планы, и на Россию!<br>\nРоссия, должна будет стать Основой, Новой Эпохи!<br>\nЗа Россией, остаётся и Спасителя Мира, миссия!<br>\nВ этом отношении, дела России, совсем не плохи!</p>\n\n<p class=\"poem\">Мировым религиям, по Плану Создателя, достанется!<br>\nРелигии много лет назад, на Бога напали,<br>\nОт прошлых религий Мира, ничего не останется!<br>\nБелой религии, Создателя, времена настали!</p>\n\n<p class=\"poem\">Создатель, в этой обстановке, решил начать!<br>\nЕсть Договор Создателя, уже с Новой Россией!<br>\nСоздатель, на Новую Русь, поставил Свою печать!<br>\nПраво, управления Планетой, у Белого Царя – Мессии!</p>\n\n<p class=\"poem\">Странно, но люди Руси, не подумали, как жить?<br>\nГлавный суд, запретил на Руси, Бога Знания!<br>\nНастало время все решения Суда, отменить!<br>\nВ прошлом, это было Мировой Тьмы, задание!</p>\n\n<p class=\"poem\">Но, теперь в Конституции страны, есть слово Бог!<br>\nЛюди, не понимают, пока, кто есть Создатель?<br>\nСоздатель, в Шестую Эпоху, Мир переведёт в Итоге!<br>\nНе останется на Планете ни одного обывателя!</p>\n\n<p class=\"poem\">По Плану Создателя, начался Квантовый переход!<br>\nОстанутся на Планете, только, люди-Боги!<br>\nВесной, люди-Боги поймут, что такое в Рай вход!<br>\nСоздатель, Пятой Эпохе, Сам, подведёт Итоги!</p>\n\n<p class=\"poem\">Но, Новые вибрации уже запущены на Планету!<br>\nНе все люди, выдержат, высоких вибраций!<br>\nТормоза для Природы, Богом отпущены, в этот Момент!<br>\nНачинается предварительная, на Земле, акция!</p>\n\n<p class=\"poem\">В Марте, люди поймут, кто в этом Мире Суверен!<br>\nТолько Боги выдержат вибрации, Тонкого плана!<br>\nРоссия, имеет Право, спасительных для людей, мер!<br>\nНе останется на Планете, никаких властных кланов!</p>\n\n<p class=\"poem\">Началась выборка, тех людей, кто против Создателя!<br>\nЛюди забыли, что есть Высший на Небе Суд!<br>\nЧто написана, Там, Судьба всех обывателей!<br>\nОни забыли, что несовершенство &ndash; это жизнью, оплаченный труд!</p>\n\n<p class=\"poem\">Россия, начинает переход в Небо, без обременения!<br>\nРоссия прошла 20-летнее обучение!<br>\nНачинается людей-Богов в Шестую Эпоху, перемещение!<br>\nЭто Великое людей в Боги, преображение!</p>\n\n<p class=\"noind\">Да будет Свет Истины!<br>\nОтец Абсолют или Высший Космический Разум!</p>","Files":null,"Date":"2025-11-14T10:59:49.138+03:00","DateChange":"2025-11-14T11:16:23.073+03:00","Link":"poems/14.11.25","Id":"6916e19ff40148092acb99a4","Srv":"otk","Deleted":false,"Titles":["По Плану Создателя, начался Квантовый переход!"]}
