{"Data":{"Next":null,"NoFooter":false,"PoemOutDict":false,"Titles":null,"Number":"№04 (3459)"},"Active":true,"Catalog":"570ef2fcd07cda3e16f93ef7","Description":"<p class=\"poem\">Создатель, выбрал Царя из России, но имени, не назвал!<br>\nИмя Царя должна трижды, проговорить в Небо Россия!<br>\nРоссия, сегодня, в Мире, словно, Международный, Вокзал!<br>\nЧеловек, вышедший из него, есть, долгожданный, Мессия!</p>\n\n<p class=\"poem\">Рассуждать о будущем Планеты, уже нельзя!<br>\nНа пороге Планеты, уже стоит Шестая Эпоха!<br>\nБыла, уже определена, для людей в Небо, стезя!<br>\nМессии, вести за собой Россию и подводить Итоги!</p>\n\n<p class=\"poem\">Россия, долго к этому шла, нарушая, свои обязательства!<br>\nЭтот Путь, готовился Богом для России, не один век!<br>\nСоздатель, постоянно менял для Неё, обстоятельства!<br>\nЧтобы был готов, в нужный Исторический момент, Имярек!</p>\n\n<p class=\"poem\">Теперь, всё уже готово, пора начинать Преображение!<br>\nЭто, касается сразу всех стран, огромного человечества!<br>\nСлова Создателя, станут ситуации в Мире, отражением!<br>\nРоссия, будет заложницей, уже Нового в Духе, Отечества!</p>\n\n<p class=\"poem\">Разговоров на эту Тему, очень много, сегодня, в Мире!<br>\nБелый Царь, часто стал звучать для людей, как пугало!<br>\nНо, Белый Царь от Создателя, это Нового Мира мерило!<br>\nЭто, уровнем, Совершенства Сознания людей, стало!</p>\n\n<p class=\"poem\">Белый Царь, это, прежде всего, не человек, как обычно!<br>\nЭто человек-Бог, по понятиям, Создателя и Неба!<br>\nНазвание, Белый царь, в Истории звучит, уже привычно!<br>\nНо, сегодня, накануне Перехода &ndash; это серьёзная Тема!</p>\n\n<p class=\"poem\">Люди ожидают Белого Царя, но не знают, как будет?<br>\nПонятно, что Белый Царь, представляет Россию!<br>\nРоссия, с Ним, все промахи, свои, в Истории забудет!<br>\nБелый Царь, объяснит людям России, их Миссию!</p>\n\n<p class=\"poem\">Весь Мир в ожидании, ибо войне не видно конца!<br>\nЛюди поняли, что эту войну, может остановить, Бог!<br>\nПо просьбе человечества, Создатель прислал Гонца!<br>\nБелый Царь, должен будет подвести, Итог!</p>\n\n<p class=\"poem\">Белый Царь, по заданию Бога, может объявить Мир!<br>\nОн, может объявить на всей Планете, перемирие!<br>\nОн, предложит Единого Бога, как, для всех, ориентир!<br>\nЛюди поймут, что это Мира сего, преображение!</p>\n\n<p class=\"poem\">Мир людей, поймёт характер Новых перемен!<br>\nНе все согласятся с таким, предложением!<br>\nНаступает время, человечества Великих Имён!<br>\nИ начало в Шестую Эпоху, уже людей движения!</p>\n\n<p class=\"poem\">Человечество не готово, но, ему надо сказать!<br>\nНадо, дать время людям для осознания!<br>\nСоздатель, разрешит Мессии, это рассказать,<br>\nЧтобы всколыхнуть, обычных, людей Сознание!</p>\n\n<p class=\"poem\">Противники, этого будут, но, им, не хватит смелости!<br>\nПротив Суверена, люди не побоятся выступить!<br>\nЛюди, будут нести, всякие нелепости,<br>\nВ конце концов, люди будут вынуждены, уступить!</p>\n\n<p class=\"poem\">Но, времени будет потеряно, очень много!<br>\nЛюди поймут, что с их Планетой, что-то случилось!<br>\nНепростыми, будут для людей в Новой Эпохе, Итоги!<br>\nТогда, все поймут, что Преображение получилось!</p>\n\n<p class=\"poem\">Но, сначала надо принять решение, самим, людям!<br>\nИбо, сегодня, ради спасения, их последний шанс!<br>\nПовторяю, выбор Белого Царя &ndash; это прелюдия!<br>\nЭто, Исторический для Святой России, час!</p>\n\n<p class=\"poem\">Россия должна, обратиться к Богу, три раза!<br>\nЭто, называется, проявление Воли Народа!<br>\nНадо приготовиться и обозначить Имя Царя, не сразу!<br>\nСлова России, должны услышать Планета и Природа!</p>\n\n<p class=\"poem\">Для Планеты, очень важно, в Духе Единодушие!<br>\nПланета, это живая, во всех отношениях, Сущность!<br>\nПланету, Народ России будет слушать,<br>\nЭто и для Великого Космоса, будет Новость!</p>\n\n<p class=\"poem\">Даю, время на обсуждение и принятие решения!<br>\nДля Создателя всё готово, чтобы установить Мир!<br>\nПора начинать людей к Создателю движение!<br>\nПовторяю, для Планеты Единобожие, ориентир!</p>\n\n<p class=\"noind\">Да будет Свет Истины!<br>\nОтец Абсолют или Высший Космический Разум!</p>","Files":null,"Date":"2025-11-04T11:49:43.993+03:00","DateChange":"2025-11-04T12:11:09.723+03:00","Link":"poems/04.11.25","Id":"6909be667c0575f75c69f7b1","Srv":"otk","Deleted":false,"Titles":["Для Планеты, важно, в Духе Единодушие!"]}
{"Id":"62195b9e5d5a11c6eb22ae89","Deleted":false,"Active":false,"DateChange":"2025-11-04T12:10:02.535+03:00"}
{"Data":{"Next":"poems/04.11.25","NoFooter":false,"PoemOutDict":false,"Titles":null,"Number":"№03 (3458)"},"Active":true,"Catalog":"570ef2fcd07cda3e16f93ef7","Description":"<p class=\"poem\">Неужели, Вам непонятно, что Бог, Вас контролирует?<br>\nОн проверяет Вас, Ваших друзей и Ваших врагов!<br>\nОн, в Катренах, развитие Вашего Сознания, исправляет!<br>\nПеред Вами, в жизни, сегодня, восемь кругов!</p>\n\n<p class=\"poem\">Есть круги Ада и есть, противоположное направление!<br>\nВам, выбирать при Переходе, что Вам ближе всего?<br>\nЕсть, к Богу и есть от Бога людей, собственное движение!<br>\nВы несёте в себе, очень важное для Меня, чело!</p>\n\n<p class=\"poem\">Вам, придётся определить, своё направление жизни!<br>\nВам, сегодня, такое, Право, Создателем даровано!<br>\nНа Планете, условия жизни, определят, кто лишний!<br>\nНаправление жизни, для человека, Создателем определено!</p>\n\n<p class=\"poem\">Новая Эпоха, упрощает для Вас, это решение!<br>\nИбо, останется на Планете, тот, кто этого, очень хочет!<br>\nСегодня, для Вас выбор из двух движений:<br>\nПочти, как в Игре: &laquo;Чёт или нечет&raquo;?</p>\n\n<p class=\"poem\">Этот Выбор, для Вас ясен, но, только, Он, очень непрост!<br>\nВам надо выбрать, как и куда, Вам надо идти!<br>\nСамый легкий Путь, для Вас &ndash; назад, для него, невозможен Рост!<br>\nНо, Перекрёсток Эпох, людям придётся, всё же, пройти!</p>\n\n<p class=\"poem\">Трудно, сделать выбор, если ничего, не знаешь!<br>\nЗнания Истины, в Откровениях, даны были, только, России!<br>\nМогу сказать, что люди, живут, когда ими, управляешь!<br>\nОчень медленно, Россия меняется в Духе, даже, при Мессии!</p>\n\n<p class=\"poem\">Люди, представляют Катрены, как на людей, Бога реакцию!<br>\nПолные Знания, изложены у Создателя, в Откровениях!<br>\nКатрены, это, прежде всего, Цель подготовки, акция!<br>\nТолько, в Знаниях, можно, жизни своей, найти уравнение!</p>\n\n<p class=\"poem\">Власть, отобрала у людей Откровения, были запрещены!<br>\nПовторяю, Катрены &ndash; это только, контроль Сознания!<br>\nКатрены, обсуждениями испещрены!<br>\nЕсли нет Знаний, Катрен не принесёт понимания!</p>\n\n<p class=\"poem\">Знаний Бога, не может, быть 30 томов!<br>\n20, томов из них &ndash; это обсуждение!<br>\n10, Заповедей Создателя &ndash; это Основа Основ!<br>\nВ этом, и есть, Создателя Мира сего, Миссия!</p>\n\n<p class=\"poem\">Времени у людей мало, пожалуйста, перелистайте!<br>\nВласть, убрав Откровения Бога, переступила черту!<br>\nЧерту отторжения, для власти, считайте!<br>\nСкоро, от власти не останется ничего, за версту!</p>\n\n<p class=\"poem\">Вам, надо понять, что всё в Ваших руках!<br>\nОпределено, что Ваша жизнь, уже есть в Вечности!<br>\nНепонимающий этого, останется в дураках!<br>\nЭто есть цена, человеческой беспечности!</p>\n\n<p class=\"poem\">Россия &ndash; это Пространство, от Океана до Океана!<br>\nЛюди, очень любят повторять эти слова!<br>\nНе думая, что в этом есть Создателя, План!<br>\nУже, на Вечные, в Космосе, времена!</p>\n\n<p class=\"poem\"><b>В Шестой Эпохе, Создатель хочет вернуть!<br>\nЛюдям, Судьбы своей, понимание!<br>\nДля каждого человека, на Планете, записан Путь!<br>\nПерейдут в Завтра, только те, у кого есть Знания!</b></p>\n\n<p class=\"poem\"><b>Были, 20 лет назад, тысячи, а теперь сотни!<br>\nРоссия, подписала себе приговор!<br>\nПогасли в стране Равенства, Великие огни!<br>\nРоссия, продолжает терпеть, когда у руля вор!</b></p>\n\n<p class=\"poem\"><b>Ничего не изменилось, даже, за тысячелетия!<br>\nПравит не Лидер, а, толпа вокруг него!<br>\nДля России – это привычные междометия!<br>\nЭто в России, есть, самое, гнилое звено!</b></p>\n\n<p class=\"poem\">Создатель, уже, принял решение для себя!<br>\n20 лет, общения России с Богом, не дали ничего!<br>\nСоздателем, была определена в Небо, стезя!<br>\nСоздатель, Сам выбирает, необходимое Ему, чело!</p>\n\n<p class=\"poem\">Теперь, странно, предлагать, что-то людям!<br>\nБольшинство, людей живут, как обыватели!<br>\nСегодня, Бог, объявил, Преображения людей Прелюдию!<br>\nБог, уже начал отбирать, из людей Испытателей!</p>\n\n<p class=\"poem\"><b>Люди должны жить Идеологией, как Бог!<br>\nДля Бога Идеология &ndash; это Совершенствование!<br>\nУ Пятой Эпохи, печальным будет Итог!<br>\nИбо, цель жизни людей, только, существование!</b></p>\n\n<p class=\"poem\"><b>Искры есть, но от таких Искр, не бывает Пламя!<br>\nСоздатель, хочет разжечь на Планете, костёр!<br>\nДля людей, необходимо Идеологии Знамя!<br>\nСоздатель, над Планетой, это Знамя простёр!</b></p>\n\n<p class=\"noind\">Да будет Свет Истины!<br>\nОтец Абсолют или Высший Космический Разум!</p>","Files":null,"Date":"2025-11-03T01:46:01.065+03:00","DateChange":"2025-11-03T01:46:01.068+03:00","Link":"poems/03.11.25","Id":"69079d637c0575f75c69f7a9","Srv":"otk","Deleted":false,"Titles":["Люди должны жить Идеологией, как Бог!"]}
{"Data":{"Next":"poems/03.11.25","NoFooter":false,"PoemOutDict":false,"Titles":null,"Number":"№02 (3457)"},"Active":true,"Catalog":"570ef2fcd07cda3e16f93ef7","Description":"<p class=\"poem\">Растут в Мире, слухи об изменениях!<br>\nМир, встревожен, от таких ожиданий!<br>\nРазбежались, по Миру, разные мнения!<br>\nЧто, отражается, на людских страданиях!</p>\n\n<p class=\"poem\">Никто, не знает, что ждёт людей, впереди!<br>\nИ, не ясно, кто из людей, примет ношу?<br>\nНикто, добровольно, не хочет впереди, идти!<br>\nВсем, понятно, что этот Путь, сложен!</p>\n\n<p class=\"poem\">Капитал затеял войну и ему, не до Мира!<br>\nРоссия, в этой войне, на другой стороне!<br>\nНикто, не желает, никакого перемирия!<br>\nПротив России, сегодня, все Мировые страны!</p>\n\n<p class=\"poem\">Создатель, наоборот, выбрал из всех, Россию!<br>\nБог, подписал с Ней, Вечный Договор!<br>\nБог, обозначил для Неё, Спасителя Мира, миссию!<br>\nХотя, управляет Россией, пока, системный вор!</p>\n\n<p class=\"poem\">Война обострилась, и нет слов, никаких, о Мире!<br>\nЛюди позабыли, что Новая будет Эпоха!<br>\nПланета, из-за людей находится, словно, в тире!<br>\nНо, не стоит ожидать от Бога, подвоха!</p>\n\n<p class=\"poem\">Шестая Эпоха, этой Весной, поменяет Мир!<br>\nЛюди, будут выбирать Путь, вверх или вниз!<br>\nСоздатель, предложил себя, в качестве ориентира!<br>\nНо, для человечества &ndash; это, совсем, не тезис!</p>\n\n<p class=\"poem\">Создатель, предупредил, что Переход будет Весной!<br>\nПо прогнозам людей, в Феврале надо ожидать!<br>\nТолько, России известно одной,<br>\nЧто, Создатель, будет этой Весной, стартовать!</p>\n\n<p class=\"poem\">Люди не спешат с решением, ибо нет Веры!<br>\nЛюди, ещё не встречались с Преображением!<br>\nОни, не хотят, даже, рассуждать о защитной, мере,<br>\nИх волнует, сегодня, этой войны разрушения!</p>\n\n<p class=\"poem\">Энергии, Высоких вибраций, есть Главная Суть!<br>\nЛюди воспринимают, пока, другие условия!<br>\nПоверьте, это будет для людей, настоящая жуть,<br>\nБогатство, не спасёт никого, из высоких сословий!</p>\n\n<p class=\"poem\">Люди, должны, перейти из Материи в Энергию!<br>\nМатерия уходит, вместе, с Пятой Эпохой!<br>\nЭто будет переход в Боги, а, не потери!<br>\nНа другую Планету, перейдут людей потоки!</p>\n\n<p class=\"poem\">Создателю, нужен Исток или Основа!<br>\nБог, остановился в выборе, на России!<br>\nЕй, переданы Знания Бога, на словах!<br>\nЕй, подготовлен, Белый Царь, пока, Мессия!</p>\n\n<p class=\"poem\">Россия выбрана, и, Ей надо готовиться!<br>\nНадо, принять на себя Ответственность!<br>\nРоссии, надо было, давно определиться!<br>\nКаждое слово, или дело, требуют Взвешенности!</p>\n\n<p class=\"poem\"><b>Принцип Создателя: лучше меньше, да, лучше!<br>\nЭто, Главное условие Создателя!<br>\nГлавное, чтобы всё было, слаженно в Душе!<br>\nИ никаких, в Ваших рядах, обывателей!</b></p>\n\n<p class=\"poem\"><b>Люди не понимают, что будет контроль!<br>\nЧеловек-Бог предстанет, в Духе, нагим!<br>\nСознание, человека-Бога есть Пароль!<br>\nСоздатель, после этого, пропоёт Гимн!</b></p>\n\n<p class=\"poem\"><b>Вам надо спешить, ибо, мало времени!<br>\nСегодня, Главное для Вас, Решимость!<br>\nПоверьте, переход в Небо &ndash; это не бремя!<br>\nЭто, должна быть, с Создателем Совместимость!</b></p>\n\n<p class=\"poem\"><b>Каждый, кто согласен, пусть встанет у зеркала!<br>\nНа Вас, будет смотреть, Бога Подобие!<br>\nВы, для Шестой Эпохи, от Бога лекало!<br>\nДля Преображения Планеты &ndash; так удобнее!</b></p>\n\n<p class=\"poem\"><b>Для Вас, выбора нет и нет возраста!<br>\nДля Вас, включён, уже, другой, циферблат!<br>\nУ Вас, есть все основания для Духовного роста!<br>\nВы, никогда не вернётесь, назад!</b></p>\n\n<p class=\"poem\"><b>Создатель, выделил из людей лучших!<br>\nПростой, человек не станет, никогда, Богом!<br>\nВы, помощь Богу, а не медаль на шее!<br>\nВы, будете лучшим, на Планете Итогом!</b></p>\n\n<p class=\"noind\">Да будет Свет Истины!<br>\nОтец Абсолют или Высший Космический Разум!</p>","Files":null,"Date":"2025-11-02T02:50:38.227+03:00","DateChange":"2025-11-02T02:50:38.23+03:00","Link":"poems/02.11.25","Id":"690656f57c0575f75c69f7a7","Srv":"otk","Deleted":false,"Titles":["Создатель, выделил из людей, Лучшее!"]}
{"Data":{"Next":"poems/02.11.25","NoFooter":false,"PoemOutDict":false,"Titles":null,"Number":"№01 (3456)"},"Active":true,"Catalog":"570ef2fcd07cda3e16f93ef7","Description":"<p class=\"poem\">20 лет продолжаются предупреждения!<br>\nНеужели, недостаточно для страны!<br>\nРоссия &ndash; это удивительное проявление!<br>\nОна, так и не залечила в Душе, раны!</p>\n\n<p class=\"poem\">Сегодня, Её дорога уже в Небо!<br>\nНаперекор преградам Тьмы!<br>\nРоссия, сегодня, словно Небыль!<br>\nОна, меняет правила этой игры!</p>\n\n<p class=\"poem\">Россия, спешит, ибо времени мало!<br>\nДля Неё, уже, открыто в Небо, окно!<br>\nВечность, будет для Неё каскадом!<br>\nИ Мир, опустившийся, неожиданно, на дно!</p>\n\n<p class=\"poem\">России, надо выбрать дорогу!<br>\nЧтобы не было, на ней помех!<br>\nСоздатель, ожидает Русь на Пороге!<br>\nТех, кто будет открывать век!</p>\n\n<p class=\"poem\">Вас, ожидает Создатель, очень долго!<br>\nРусь медленно запрягает!<br>\nЕсть, у России в Духе полка,<br>\nРоссия, долго Судьбу, решает!</p>\n\n<p class=\"poem\">Решать можно быстро, если знает!<br>\nЗдесь, Вечная проблема для Руси!<br>\nРоссия, постоянно себя ругает,<br>\nИбо, врагов принимает, от Души!</p>\n\n<p class=\"poem\"><b>Россия, исполнитель чужой Воли!<br>\nЕй нужен чистый в Духе Царь!<br>\nСоздатель, хочет поменять Её Долю,<br>\nЧтобы было на Руси, как встарь!</b></p>\n\n<p class=\"poem\">Россия ожидает Союз или подобие!<br>\nРавенство, ожидает для всех людей!<br>\nБыть под Царём, Руси удобнее!<br>\nЕй необходимо видеть впереди, ясней!</p>\n\n<p class=\"poem\">За 20 лет Знаний, прошли все бури!<br>\nСтрана потеряла, былой Астрал!<br>\nНе смогла Русь, проявить свою Волю!<br>\nСвой, не смогла открыть Портал!</p>\n\n<p class=\"poem\">Теперь, Ей в Духе помогать опасно!<br>\nОна, все Вече превратила в Фарс!<br>\nЛишь, единицы стоят на своём, страстно,<br>\nЗа Завтра, в профиль, или в анфас!</p>\n\n<p class=\"poem\">России, надо проявить старание!<br>\nПусть будут рядом, только 500!<br>\nИ пусть, заметно, в Духе отставание!<br>\nРоссию, спасёт от Создателя, плот!</p>\n\n<p class=\"poem\">Сроки, обозначены, до предела!<br>\nСоздатель, не позволит вспять!<br>\nВ Духе, Россию ждут перемены!<br>\nИ слово ждёт: &laquo;пора начинать&raquo;!</p>\n\n<p class=\"poem\">Нет, вокруг генералов, есть рядовые!<br>\nПророк-Мессия, среди всех Вас!<br>\nГлавное, что в Духе Вы, как, Родные!<br>\nБелый Царь объявит, Ваш час!</p>\n\n<p class=\"poem\">Времени нет, на переподготовку!<br>\nПросто, рядовых, тоже нет!<br>\nНе успеть сделать корректировку,<br>\nВ билете, сословий же нет!</p>\n\n<p class=\"poem\">Все, кто прошли &ndash; есть уже команда!<br>\nКоманда в Духе &ndash; есть сила!<br>\nНикто, не мыслит опуститься до дна!<br>\nРоссия, свою жизнь, уже, определила!</p>\n\n<p class=\"poem\">Теперь, к Промыслу приступает Создатель!<br>\nЗанятия, продолжаются в бою!<br>\nЧеловек &ndash; это Воли или желания, обладатель!<br>\nРоссия, отвечает за Планету свою!</p>\n\n<p class=\"poem\">Тем, кому не всё равно, придут!<br>\nЗадача России, набрать ряды!<br>\nЛюди в Мамоне, обычным путём, уйдут!<br>\nСоздатель, изменит на Планете, погоды!</p>\n\n<p class=\"poem\">Планета принадлежит Богу!<br>\nЛюди, это исполнители Его Воли!<br>\nВам, во время Перехода, подводить Итоги!<br>\nГлавное, объясните людям-Богам, Их долю!</p>\n\n<p class=\"poem\">Весной Создатель, объявит Переход!<br>\nБудет, и, промежуточный Этап!<br>\nЛюди поймут, что у них нет выхода!<br>\nПридётся, пройти Первый Start-Up!</p>\n\n<p class=\"poem\">Учредителями выступит Россия!<br>\nРуси от этого не уйти никуда!<br>\nОгромную роль, сыграет Царь-Мессия!<br>\nОн не позволит людям с Пути сойти!</p>\n\n<p class=\"noind\">Да будет Свет Истины!<br>\nОтец Абсолют или Высший Космический Разум!</p>","Files":null,"Date":"2025-11-01T11:04:11.823+03:00","DateChange":"2025-11-01T11:18:39.422+03:00","Link":"poems/01.11.25","Id":"6905bf2c7c0575f75c69f7a5","Srv":"otk","Deleted":false,"Titles":["Теперь, к промыслу, приступает Создатель!"]}
{"Data":{"Next":"poems/27.10.25","NoFooter":false,"PoemOutDict":false,"Titles":null,"Number":"№26 (3450)"},"Active":true,"Catalog":"570ef2fcd07cda3e16f93ef7","Description":"<p class=\"poem\">Жизнь, человека, всегда, волнения!<br>\nЧеловек, постоянно борется за жизнь!<br>\nЧеловеку, не хватает в жизни определения!<br>\nЧеловека, волнует вопрос, как быть?</p>\n\n<p class=\"poem\">Человек живёт, словно, в неведении!<br>\nНикто, не ставит перед ним, Цель!<br>\nЧеловеку, не определено поведение!<br>\nСоздатель, открывает ему дверь!</p>\n\n<p class=\"poem\">Человек, к осознанию, приходит поздно!<br>\nПотратив, на поиск Смысла, всю жизнь!<br>\nНе понимая себя, человек, уходит на дно!<br>\nТак, и не поняв, как в этой жизни, быть?</p>\n\n<p class=\"poem\">Так продолжается, во все века!<br>\nВечно, стоит вопрос: быть или не быть?<br>\nЧеловек, не мог ответить на этот вопрос, никогда!<br>\nОн, задавал вопрос, зачем жизнь?</p>\n\n<p class=\"poem\">Создатель, всегда предлагал быть вместе!<br>\nТолько, вместе можно решить, этот вопрос!<br>\nИбо, только Россия была, тем местом!<br>\nГде, можно найти ответ, на любой вопрос!</p>\n\n<p class=\"poem\">Россия, решалась сама на Союз!<br>\nИдеология Равенства потребовала усилия!<br>\nНо, без Создателя, она пошла юзом!<br>\nНе было Равенства, без силового давления!</p>\n\n<p class=\"poem\">Теперь, Равенство, Русь строит, вместе с Богом!<br>\nЭто, совпало с Эволюцией Всего Пространства!<br>\nРоссия, скоро, этого, будет подводить Итоги!<br>\nНужно, в Духе, прекратить все странствия!</p>\n\n<p class=\"poem\">Россия, подошла к Эволюции, самостоятельно!<br>\nНесмотря на все, прежние, разрушения!<br>\nВ Сознании людей, сложились все обстоятельства!<br>\nРоссия, начала, Историческое Преображение!</p>\n\n<p class=\"poem\">Люди, поняли, что в Духе, они &ndash; Целое!<br>\nЧто, Знания Создателя, сплотили людей!<br>\nТеперь, они знают, что будет Царь Белый!<br>\nЧто, они в Духе, будут, вместе, ещё сильней!</p>\n\n<p class=\"poem\"><b>Они, поняли, что без Создателя, они &ndash; никто!<br>\nНо, вместе с Создателем, они &ndash; Боги!<br>\nВместе с Создателем, они есть Великое Оно!<br>\nРоссии, разрешено, на Планете подводить Итоги!</b></p>\n\n<p class=\"poem\">Россия, знает, как Ей быть, Вечно!<br>\nРоссия с Создателем есть одно Целое!<br>\nРоссии, Основой Мира быть, завещано!<br>\nНовое человечество &ndash; это Царство Белое!</p>\n\n<p class=\"poem\"><b>Вам, надо объяснить людям, что без Бога нельзя!<br>\nНадо помнить, всегда, свою Родословную!<br>\nЧто цель жизни человека &ndash; это в Небо стезя!<br>\nНичего, в этом Мире, нет условного!</b></p>\n\n<p class=\"poem\"><b>Надо доказать, что есть Равенство, среди людей!<br>\nТем более, Равенство, среди Богов!<br>\nВ Шестой Эпохе, Вам это станет, намного, видней!<br>\nЛюди Пятой Эпохи, освободили Богов от оков!</b></p>\n\n<p class=\"poem\"><b>Теперь, Равенство и Любовь есть Истина!<br>\nВы, заслужили Счастье, Вашего бытия!<br>\nУ Богов, нет и не может быть, в Духе Тины!<br>\nРождение &ndash; это Равенства Богов, событие!</b></p>\n\n<p class=\"poem\"><b>Вы, смогли перевести слова в Музыку!<br>\nВы, подтвердили, своё Совершенство!<br>\nЦифры и Музыка, теперь равны языку,<br>\nЭто открыло России, в Мире, первенство!</b></p>\n\n<p class=\"poem\"><b>Без Создателя, люди, это просто, никто!<br>\nС Создателем, люди есть Великое Целое!<br>\nШестая Эпоха, откроется, как Новое звено!<br>\nКоторое окрасит Мир, Светом Белым!</b></p>\n\n<p class=\"poem\"><b>Вы, поймёте, что Совершенство придёт!<br>\nПридёт, на эту Планету, через Вас!<br>\nБелый Царь, на Планете, взойдёт,<br>\nВы, поймёте, что наступил, Счастья час!</b></p>\n\n<p class=\"poem\"><b>Люди с Богом &ndash; это Великое Целое!<br>\nЭто &ndash; Высшая ступень Совершенства!<br>\nПобедит на Планете Свет Белый!<br>\nКак реакция Вашего Ума и Мужества!</b></p>\n\n<p class=\"noind\">Да будет Свет Истины!<br>\nОтец Абсолют или Высший Космический Разум!</p>","Files":null,"Date":"2025-10-26T13:09:41.204+03:00","DateChange":"2025-11-01T04:48:26.724+03:00","Link":"poems/26.10.25","Id":"68fdf38a101136fd339720ff","Srv":"otk","Deleted":false,"Titles":["Люди с Богом – это Великое Целое!"]}
{"Data":{"Next":"poems/01.11.25","NoFooter":false,"PoemOutDict":false,"Titles":null,"Number":"№31 (3455)"},"Active":true,"Catalog":"570ef2fcd07cda3e16f93ef7","Description":"<p class=\"poem\">Надо, отвечать на предложения Создателя!<br>\nЕсть Мнение Создателя, и есть Мнение людей!<br>\nЕсли, смотреть, на всё, глазами наблюдателя,<br>\nТо, мнение Создателя, для людей, конечно, важней!</p>\n\n<p class=\"poem\">Создатель, сегодня, предложил Переход России!<br>\nБог никому, не предлагал этого, из Мира сего!<br>\nСоздатель, выделил для этого, из России Мессию!<br>\nВзамен, Создатель, у России,  не просил ничего!</p>\n\n<p class=\"poem\">Этот вопрос, сегодня, поставлен очень строго!<br>\nМиру, уже, пора начинать, Квантовый Переход!<br>\nСегодня, в Мире продолжается военная оргия!<br>\nРоссия, должна быть готова, начать в Небо Поход!</p>\n\n<p class=\"poem\">У людей, включая Россию, живёт чувство страха!<br>\nЛюди, боятся потерять, раньше времени, свою жизнь!<br>\nЛюди, считают, что смерть &ndash; это жизни крах!<br>\nЛюди, не знают, как поступить, если на карте жизнь?</p>\n\n<p class=\"poem\">Вечный вопрос: &laquo;быть или не быть&raquo;, обострился!<br>\nУсловия жизни и война, не оставляют Надежд!<br>\nКаждый человек, в этих условиях, насторожился!<br>\nОн, считает, что, очень много, уже накопилось бед!</p>\n\n<p class=\"poem\">Люди, неожиданно, начинают молиться Создателю!<br>\nВспомнили, что спасти от смерти, может лишь Бог!<br>\nБольшинство, людей сегодня, без Веры, обыватели!<br>\nОбывателей, в Небе, ожидает, только, печальный Итог!</p>\n\n<p class=\"poem\">Россия должна решиться, ибо выбрала Путь в Боги!<br>\nНадо, срочно, принять &ndash; это Историческое решение!<br>\nНадо, людям, внутри себя, подвести Итоги!<br>\nИ начать в Боги, собственное движение!</p>\n\n<p class=\"poem\">Но, люди боятся, перешагнуть, границу Миров!<br>\nИзвестно, что смерть &ndash; это естественное изменение!<br>\nВнутри человека, остаётся, к Вечной жизни, Зов!<br>\nТрудно, принять к Переходу, добровольное решение!</p>\n\n<p class=\"poem\">Квантовый Переход &ndash; это, конечно, Преображение!<br>\nДля людей – это, словно, в бездну прыжок!<br>\nЛюдям, надо принять, внутреннее решение!<br>\nНо, принятие такого решения, у людей, вызывает шок!</p>\n\n<p class=\"poem\">Бытовая смерть, а затем, Переход &ndash; это обыденно!<br>\nПереход при жизни, словно на войне, самострел!<br>\nЛюди, должны понять, что это не прыжок на Дно!<br>\nЧто &ndash; это Переход в Вечность, а, не жизни предел!</p>\n\n<p class=\"poem\">Россия, должна принять решение, только, сама!<br>\nМожно сделать это, на последнем в Материи Вече!<br>\nРоссии, придётся выпить чашу Грааля до дна!<br>\nИ за Своё Здравие, на этом Вече, зажечь свечи!</p>\n\n<p class=\"poem\">Люди, привыкли жить в Материи!<br>\nЭто для людей, стало, привычным!!<br>\nПоверьте, Квантовый Переход &ndash; это не людские потери,<br>\nА, Переход в Новый Мир, Личностей!</p>\n\n<p class=\"poem\">У Вас есть до Весны, на раздумье, время!<br>\nСоздатель обеспечит для Вас, этот, Исход!<br>\nЛюди, поймут, что жизнь в Материи &ndash; бремя!<br>\nКвантовый Переход &ndash; это в Рай Переход!</p>\n\n<p class=\"poem\">Повторяю, этот Мир опустился в войну!<br>\nДля людей, критерием, войны есть Мамона!<br>\nЧеловечество, постепенно, идёт ко Дну!<br>\nЛюдей укроет от жизни религий попона!</p>\n\n<p class=\"poem\">Люди, Материи, совсем, не нужны Богу!<br>\nГрядёт Эволюция Мира и это реальность!<br>\nВ Новую Эпоху, перейдут, только, Боги!<br>\nПереход в Новые Энергии &ndash; это актуальность!</p>\n\n<p class=\"poem\">Вам страшно переходить или уходить?<br>\nОбычно, люди из жизни уходят!<br>\nСоздатель, на Переход, пытается Вас уговорить!<br>\nПовторяю, в Новую Эпоху, только, люди-Боги входят!</p>\n\n<p class=\"poem\">Вам, в этом сомневаться, уже, не стоит!<br>\nСоздатель, заинтересован в Вашем продолжении!<br>\nВам, теперь, Вечная жизнь, предстоит!<br>\nИ, Вечное, Вас ждёт в Небе движение!</p>\n\n<p class=\"poem\">Повторяю, не смотрите на Мир, он отстал!<br>\nЛюдей и обывателей, ожидает повторение!<br>\nДля России, уже подготовлен Пьедестал!<br>\nНа Россию, других Народов, будет равнение!</p>\n\n<p class=\"poem\">Сомневаться, не стоит, ибо Вы впереди!<br>\nБелый Царь, фактически у руля!<br>\nОн, уже в Рай, открыл Вам двери!<br>\nПоверьте, Квантовый переход, не зря!</p>\n\n<p class=\"noind\">Да будет Свет Истины!<br>\nОтец Абсолют или Высший Космический Разум!</p>","Files":null,"Date":"2025-10-31T11:19:48.939+03:00","DateChange":"2025-10-31T11:21:22.123+03:00","Link":"poems/31.10.25","Id":"6904715a7c0575f75c69f7a2","Srv":"otk","Deleted":false,"Titles":["Сомневаться, уже, не стоит, ибо Вы, впереди!"]}
{"Data":{"Next":"poems/31.10.25","NoFooter":false,"PoemOutDict":false,"Titles":null,"Number":"№30 (3454)"},"Active":true,"Catalog":"570ef2fcd07cda3e16f93ef7","Description":"<p class=\"poem\">Люди, забыли, что они на чужой Планете!<br>\nЧто, Они проживают, здесь временно!<br>\nСоздатель, предложил жить по Завету!<br>\nПо Завету, Создателя этой Планеты, именно!</p>\n\n<p class=\"poem\">Люди, пытаются доказать Планете, что они &ndash; власть!<br>\nПытаются установить в Мире, свои порядки!<br>\nУ каждой Нации, по-своему, кипит страсть!<br>\nЛюди строят свой Мир, на Создателя, без оглядки!</p>\n\n<p class=\"poem\">Так, продолжалось, много Эпох и столетий!<br>\nСоздатель, решил остановить такой беспорядок!<br>\nНаступает Эпоха, Нового тысячелетия!<br>\nНужен, Новый, совершенно, порядок!</p>\n\n<p class=\"poem\">Люди, пытаются доказать, что они могут!<br>\nМогут управлять людьми и Природой!<br>\nНо, в Сознании людей, очень много пут!<br>\nНа, пороге стоит Эпоха, которая станет бедой!</p>\n\n<p class=\"poem\">Люди, остановились, сегодня, на границе Эпох!<br>\nСоздатель поднимает на Планете, другие вибрации!<br>\nНе понимающие, этого, последний издадут, вздох!<br>\nЭто будет Неба, очистительная для людей, акция!</p>\n\n<p class=\"poem\">Люди живут на Планете недолго, но есть История!<br>\nДва последних столетия &ndash; одни войны!<br>\nНакануне Новой Эпохи, опять, очередная оказия!<br>\nБог, уже не один раз, направлял против войн, волны!</p>\n\n<p class=\"poem\">Сегодня, на границе Эпох, Бог задал вопрос:<br>\nЧто должно быть с людьми, если нет изменений?<br>\nЭто, для человечества, последний, раз, допрос!<br>\nИбо, пора, наконец, начать людей Преображение!</p>\n\n<p class=\"poem\">Запад, этих слов, не слышит, а, Ватикан лжёт!<br>\nВсе религии Мира &ndash; это полное заблуждение!<br>\nВатикан, в бездну уничтожения, людей ведёт!<br>\nТьма, планирует уменьшить перенаселение!</p>\n\n<p class=\"poem\">Только, одна страна, пытается объяснить Правду!<br>\nЕщё, в прошлом веке, была, ради Свободы, революция!<br>\nНет, у человечества, без Идеи Равенства, никакого Завтра!<br>\nНо, люди, скоро встретятся с Планетарной Эволюцией!</p>\n\n<p class=\"poem\">Россия, пытается остановить людей, уничтожение!<br>\nНо, люди, сами, не желают изменить этот Мир!<br>\nРоссия, предлагает, по Создателю в Духе, Преображение!<br>\nЭто, значит, что на Создателя, ориентир!</p>\n\n<p class=\"poem\">Люди, не хотят ничего слышать!<br>\nВ самой России, идёт плановое людей, уничтожение!<br>\nОт власти, Народу России, не стоит ничего ждать!<br>\nПротив, Народа России, организовано движение!</p>\n\n<p class=\"poem\">Создатель, много раз, предлагал решение!<br>\nСоздатель, выбрал из Народа Пророка-Мессию!<br>\nБог предложил Народу России в Небо движение!<br>\nБог, организовал для Народа, Учебную Сессию!</p>\n\n<p class=\"poem\">Человечество, осталось безучастным, как всегда!<br>\nНет, и в Народе России, никакой реакции!<br>\nУ человечества отсутствует в Завтра Мечта!<br>\nЛюди считают, что жизнь &ndash; это Небес оказия!</p>\n\n<p class=\"poem\">Люди, существуют, на Планете Создателя!<br>\nУ Бога, есть Планы на совершенствование людей!<br>\nОднако, люди опустились до уровня обывателей!<br>\nЛюди в Небо, так и не нашли, никаких путей!</p>\n\n<p class=\"poem\">Наступает, Шестая Эпоха, но, уже не для людей!<br>\nУсловия жизни готовятся, лишь, для Богов!<br>\nЧастота вибрации, будет во много раз сильней,<br>\nДля существования человека, условия будут, как оковы!</p>\n\n<p class=\"poem\">Создатель, предложил изменить людей, Сознание!<br>\nЕщё, не поздно переделать этот Мир!<br>\nНет, у людей опасности для жизни, понимания!<br>\nОни, не понимают, что жизнь на войне, как тир!</p>\n\n<p class=\"poem\">Создатель, подготовил для Планеты, Белого Царя!<br>\nБог готовит и Новые для жизни, условия!<br>\nЗнания, 20 лет Мессия передавал не зря!<br>\nНе будет на Планете, больше, никогда сословий!</p>\n\n<p class=\"poem\">Мир, уже отстал, остался выбор России!<br>\nЕсли, Россия останется в Эпохе Пятой,<br>\nОстановится, поддержка Создателем Мессии!<br>\nРоссия, как и этот Мир, будет накрыта волной!</p>\n\n<p class=\"poem\">Условие от Бога: Россию спасёт Белый Царь!<br>\nРоссия должна объединиться в Духе!<br>\nТогда, всё будет на Планете, как встарь!<br>\nБудут положительными для людей Итоги!</p>\n\n<p class=\"noind\">Да будет Свет Истины!<br>\nОтец Абсолют или Высший Космический Разум!</p>","Files":null,"Date":"2025-10-30T12:05:32.862+03:00","DateChange":"2025-10-30T13:04:08.778+03:00","Link":"poems/30.10.25","Id":"69032a917c0575f75c69f7a0","Srv":"otk","Deleted":false,"Titles":["Мир, уже отстал, остался выбор России!"]}
{"Data":{"Next":"poems/30.10.25","NoFooter":false,"PoemOutDict":false,"Titles":null,"Number":"№29 (3453)"},"Active":true,"Catalog":"570ef2fcd07cda3e16f93ef7","Description":"<p class=\"poem\">Выборы Белого Царя &ndash; это не игра!<br>\nЭто решение, на уровне Вселенной!<br>\nВ этом выборе, должна быть Красота!<br>\nПодтверждая, что это нетленно!</p>\n\n<p class=\"poem\">Желание людей &ndash; это, ещё, не дело!<br>\nНужен, Спаситель, на уровне Бога!<br>\nВыбор, Белого Царя &ndash; это Планеты передел!<br>\nПодведение, Исторического, Итога!</p>\n\n<p class=\"poem\">Повторяю, желание людей &ndash; это предтеча!<br>\nНадо, подготовить людей в Духе!<br>\nДолжна быть, всех сторон встреча!<br>\nЛюди, должны услышать Создателя стук!</p>\n\n<p class=\"poem\">Стук, Создателя из-под Небесной!<br>\nЧто решение, принято на Небесах!<br>\nОно, должно звучать ответственно,<br>\nКак Равенство на Мировых весах!</p>\n\n<p class=\"poem\">Люди, конечно, ждут, этого давно!<br>\nОни, давно хотят этого решения!<br>\nНо, такое решение, совсем, не кино!<br>\nЭто, в Новый Мир, передвижение!</p>\n\n<p class=\"poem\">Есть желание, но нет решения!<br>\nБелый Царь, должен изменить Мир!<br>\nСегодня, ещё не началось движение!<br>\nСегодня, готов, только, ориентир!</p>\n\n<p class=\"poem\">Главный вопрос: готова ли Россия?<br>\nБелый Царь &ndash; это лишь управление!<br>\nУ России в Шестой Эпохе, особая Миссия:<br>\nСпасти людей, начав в Небо движение!</p>\n\n<p class=\"poem\">Конечно, выбор в Духе уже состоялся!<br>\nИбо, 20 лет Знаний &ndash; это, большой, труд!<br>\nПророк-Мессия, долго, сомневался,<br>\nПришлось, перебрать Ему, много руд!</p>\n\n<p class=\"poem\">Люди, это удивительная Бога, руда!<br>\nВ которой есть все драгоценности!<br>\nВ человеке отразилась Природа!<br>\nИ, самого, Создателя, ценности!</p>\n\n<p class=\"poem\">Сегодня, Планета и Мир на пределе!<br>\nНе, все люди, готовы шагнуть в Небо!<br>\nБелый Царь &ndash; это Начало Нового Передела!<br>\nНадо, сделать этот Мир, Белым!</p>\n\n<p class=\"poem\">Самый, сложный, Переход людей в Боги!<br>\nБог &ndash; это Дух, но без Материи!<br>\nЭто жизнь человека, в другом Итоге!<br>\nЭто жизнь, совсем, другой категории!</p>\n\n<p class=\"poem\">Поэтому, Белый Царь &ndash; это Вершина!<br>\nСчитайте, что это уровень Создателя!<br>\n20 лет Знаний, &ndash; это, ещё не Вершина,<br>\nЭто, можно, сказать путь Основателя!</p>\n\n<p class=\"poem\">Теперь, начат, уже другой этап!<br>\nПора, подниматься над Миром!<br>\nПовторяю, что это, только, Start Up,<br>\nНадо, становиться для людей примером!</p>\n\n<p class=\"poem\">Да, выбор Белого Царя, уже, принят!<br>\nНебеса, за Ним наблюдают!<br>\nОн, уже, предварительно, взят!<br>\nЕго, к этой Судьбе, примеряют!</p>\n\n<p class=\"poem\">Поймите, Один над Всеми &ndash; это Судьба!<br>\nВсе, Пророки, раньше, мелькали!<br>\nСегодня, впервые зажглась в Небе Звезда,<br>\nНе, все Пророки, Богами стали!</p>\n\n<p class=\"poem\">Выбор и Экзамены продолжаются!<br>\nПроверка, Белого Царя не имеет конца!<br>\nВопросы, только, заостряются!<br>\nЦарь &ndash; это уровень Бога Гонца!</p>\n\n<p class=\"poem\">Сегодня, для всех людей &ndash; Экзамены!<br>\nДля Белого Царя &ndash; больше всех!<br>\nШестая Эпоха &ndash; это Исторические перемены!<br>\nПеред, Коронацией не должно быть помех!</p>\n\n<p class=\"poem\">Для Коронации готовятся, сразу, двое!<br>\nЭто, Белый Царь и, сама, Россия!<br>\nСоздатель, выбирает, время золотое!<br>\nИбо, даже, для Создателя &ndash; это Особая Сессия!</p>\n\n<p class=\"noind\">Да будет Свет Истины!<br>\nОтец Абсолют или Высший Космический Разум!</p>","Files":null,"Date":"2025-10-29T11:12:17.017+03:00","DateChange":"2025-10-29T17:31:45.01+03:00","Link":"poems/29.10.25","Id":"6901cc840d18cb0b0898a13a","Srv":"otk","Deleted":false,"Titles":["Для Коронации готовятся сразу двое: Белый Царь и, сама, Россия!"]}
{"Data":{"Next":"poems/29.10.25","NoFooter":false,"PoemOutDict":false,"Titles":null,"Number":"№28 (3452)"},"Active":true,"Catalog":"570ef2fcd07cda3e16f93ef7","Description":"<p class=\"poem\">Планета &ndash; это, тоже, Существо живое!<br>\nОна терпит всё, если, заранее, согласовано!<br>\nСегодня на Планете, всё уже, не такое!<br>\nСпокойствие на Планете, Тьмой, взорвано!</p>\n\n<p class=\"poem\">Взорвано теми, кто должен быть в Боге!<br>\nУ каждой цивилизации, есть свой срок!<br>\nПланета, внимательно, наблюдает за Итогами!<br>\nОпределяя, какой у людей, накопился долг!</p>\n\n<p class=\"poem\">Сегодня, приближается Эпоха высоких сил!<br>\nСоздатель, определяет, кто из людей, остаётся?<br>\nСоздатель, перевод Пророка в Цари, огласил!<br>\nСоздатель рассчитывает, что Пророк постарается!</p>\n\n<p class=\"poem\">Пророк-Мессия передаёт Знания на Планету!<br>\nУточняя, характер Знания, по обстоятельствам!<br>\nЕго задача, отвести Сознание людей, от монеты!<br>\nНадо, ликвидировать к богатству стяжательство!</p>\n\n<p class=\"poem\">Знания уже есть, но, люди больны мамоной!<br>\nЛюди, остановились, на перекрёстке дорог!<br>\nОни не знают, какой им в Завтра идти дорогой!<br>\nЛюди, не понимают, что срок жизни очень дорог!</p>\n\n<p class=\"poem\">Россия, сегодня, пытается изменить жизнь!<br>\nОна, Равенство приняла за Идеологию!<br>\nНо, не меняется этой Идеологии, как быть?<br>\nСтрана, из Союза, сама, шагнула в патологию!</p>\n\n<p class=\"poem\">Создатель, решил, повторить попытку!<br>\nПовторяю, Бог через Пророка, передал Знания!<br>\nДля людей, Знания через Создателя, тоже стали пыткой!<br>\nНо, люди смогли, найти этому обоснование!</p>\n\n<p class=\"poem\">Россия, вернулась к Знаниям и к Идее!<br>\nНо, большинство, осталось в стяжательстве!<br>\nНет стабильного у людей, мнения,<br>\nНе все хотят, Новой страны, строительства!</p>\n\n<p class=\"poem\">Но, наступающая Эпоха, толкает к делу!<br>\nСпасти Планету от смерти, может Россия!<br>\nПророк-Мессия встал впереди, смело!<br>\nСпасение Мира сего &ndash; это Его миссия!</p>\n\n<p class=\"poem\">Сроки определены Богом, надо в поход!<br>\nРоссия, усиленно, сегодня, готовится!<br>\nОна, первая, начинает Квантовый переход!<br>\nПланета, тогда Новой, становится!</p>\n\n<p class=\"poem\">Позиции, определены, Создатель толкает!<br>\nПланета, должна будет, разбудить Россию!<br>\nСоздатель, уже Новых людей привлекает!<br>\nУ Них, тоже, Спасителя Планеты, миссия!</p>\n\n<p class=\"poem\">Создатель, поставил перед Россией Задачу!<br>\nНадо, развернуть Планету на Восток!<br>\nСоздатель, начинает Высоких Энергий передачу!<br>\nОпределился в России и людей поток!</p>\n\n<p class=\"poem\">Проявление Воли &ndash; это людей решение!<br>\nПланета согласилась принять Россию!<br>\nРоссия, начала, в ответ, упорядоченное движение!<br>\nБелым Царём, на Планете, будет Пророк-Мессия!</p>\n\n<p class=\"poem\">Создатель, назвал Планету: &laquo;Святая Русь&raquo;!<br>\nТак, называлась Земля в Ведах!<br>\nРоссия, поднимается и пропадает грусть!<br>\nРоссию, ожидает над Тьмой, Победа!</p>\n\n<p class=\"poem\">Тьма &ndash; это люди, власти и богатства!<br>\nБольше, не будет на Планете неравенства!<br>\nБожественная Монархия &ndash; это Создателя Царство!<br>\nЦарство, Любви и Всеобщего Равенства!</p>\n\n<p class=\"poem\">Теперь сроки и Путь России расписаны!<br>\nПовторяю, 26 числа на 26000 лет!<br>\nЛюди, не Боги, с Планеты уже списаны!<br>\nЗа свою жизнь, они не нашли ответ!</p>\n\n<p class=\"poem\">Теперь, понятно, что Россия на Планете с Богом!<br>\nШестая Эпоха &ndash; это России, есть Новый Путь!<br>\nБожественная Монархия будет в Итоге!<br>\nЛюди станут Богами &ndash; это Победы над Тьмой, Суть!</p>\n\n<p class=\"noind\">Да будет Свет Истины!<br>\nОтец Абсолют или Высший Космический Разум!</p>","Files":null,"Date":"2025-10-28T10:54:46.726+03:00","DateChange":"2025-10-28T10:55:58.402+03:00","Link":"poems/28.10.25","Id":"690076ea0d18cb0b0898a139","Srv":"otk","Deleted":false,"Titles":["Теперь, сроки и Путь, для России расписаны!"]}
