{"Data":{"Next":null,"NoFooter":false,"PoemOutDict":false,"Titles":null,"Number":"№15 (3378)"},"Active":true,"Catalog":"570ef2fcd07cda3e16f93ef7","Description":"<p class=\"poem\">Мир должен знать, что с Ним будет!<br>\nЭволюцию Цивилизации, не остановить!<br>\nСкоро этот Мир, уже, другим будет!<br>\nЛюди, будут по-Новому жить!</p>\n\n<p class=\"poem\">Никто не знает, что с ними будет!<br>\nИстория Планеты менялась, уже, не раз!<br>\nПонятно, что прошлое, все забудут!<br>\nЛюди, встречаются, в последний раз!</p>\n\n<p class=\"poem\">Эволюция, есть Преображение Пространства!<br>\nНе только, Пространства, но и людей!<br>\nПланета, поменяет условия, людей странствия,<br>\nИ характеристики самих, людей!</p>\n\n<p class=\"poem\">Приходит Новая, уже, Эпоха!<br>\nЭто, значит, другая частота вибрации!<br>\nНикто, не сможет, перешагнуть сходу,<br>\nПредполагается, Преображения, людей акция!</p>\n\n<p class=\"poem\">Люди, будут другие, и, другая, Цивилизация!<br>\nТело человека, должно приспособиться,<br>\nНужно будет проявить, активную акцию,<br>\nПрисутствие, Нового человека, так и просится!</p>\n\n<p class=\"poem\">Создатель, ждёт Совершенного Сознания,<br>\nЭто, Главное, отделяющее людей от Богов!<br>\nДолжно быть, другим, Богов, Созерцание!<br>\nЧеловек, должен изменить жизни своей, Итог!</p>\n\n<p class=\"poem\">Вибрации Планеты, изменят вид человека!<br>\nДолжно будет, пройти разуплотнение!<br>\nЗакончатся, тогда, Материальные века,<br>\nНачнётся в Духе, людей, перемещение!</p>\n\n<p class=\"poem\">От Материи не останется и следа,<br>\nОстанутся, в Природе, только очертания!<br>\nБудет, над Материей, Духа, Победа,<br>\nПрекратятся людей, пустые, скитания!</p>\n\n<p class=\"poem\">Мир изменится, для Боголюдей!<br>\nВам откроются Новые Горизонты,<br>\nБудет Образ, человека в Духе, без людей!<br>\nОстанутся от людей, повторяю, контуры!</p>\n\n<p class=\"poem\">Природа останется на Планете, но, Вас нет!<br>\nВы – это Образ Духа в Природе!<br>\nВам, не нужен будет в Космос, билет,<br>\nВы, не будете, толпой, как в Народе!</p>\n\n<p class=\"poem\">Вы, в реальности Частица, как Дух!<br>\nВы, будете формировать Миры!<br>\nВам необходима, только, Мысль, как замах,<br>\nВы начнёте, как, вместе, творили Мы!</p>\n\n<p class=\"poem\">Вы, превратитесь в живые Иконы!<br>\nВы, люди, ушедшие в Небо!<br>\nВы, есть Энергетические коконы,<br>\nВы, будете, как Небесная Быль!</p>\n\n<p class=\"poem\">Для Вас, уже, неважно, что будет в Мире!<br>\nВаш Мир &ndash; это в Небе, Пространство,<br>\nВас не будут волновать разговоры о перемирии,<br>\nВы, начнёте, этот Мир перестраивать!</p>\n\n<p class=\"poem\">Вы подниметесь, почти, до уровня Света!<br>\nВы займёте, достойный уровень!<br>\nВы будете за Шестую Эпоху, в ответе!<br>\nЕсть в Пирамиде Мира, и Ваш уровень!</p>\n\n<p class=\"poem\">Пока, Вам надо проявить себя!<br>\nВы, уже творите, Мир для Меня,<br>\nСоздателем, открыта для Вас, стезя,<br>\nЧтобы поднялась, вверх, Планета Земля!</p>\n\n<p class=\"poem\">Планета &ndash; это основа Новой Пирамиды!<br>\nВы начали Шестое перестроение!<br>\nВы подняли вверх и свои параметры,<br>\nВы &ndash; это Небесное, уже, проявление!</p>\n\n<p class=\"poem\">Теперь, Вы стали Лидерами, в Духе!<br>\nВы, в состоянии, перестроить Мир!<br>\nВы, управляете людскими потоками,<br>\nВы, для Планеты уже, сами, ориентир!</p>\n\n<p class=\"poem\"><b>Вы, изменили, собой, орбиту Планеты!<br>\nЛюди остаются, пока, в основании!<br>\nВы, сегодня, Мира Нового, адепты!<br>\nНачинаете, Нового Мира, повествование!</b></p>\n\n<p class=\"poem\"><b>Ещё немного терпения, и, Вы есть Боги!<br>\nВы уже Новая, Богов, Цивилизация!<br>\nУспешными будут Ваши Итоги!<br>\nНачинается, Создателя Переходная акция!</b></p>\n\n<p class=\"noind\">Да будет Свет Истины!<br>\nОтец Абсолют или Высший Космический Разум!</p>","Files":null,"Date":"2025-08-15T13:16:50.296+03:00","DateChange":"2025-08-15T13:17:30.135+03:00","Link":"poems/15.08.25","Id":"689f093a192ba6aa272cb8ed","Srv":"otk","Deleted":false,"Titles":["Вы, изменили, собой, орбиту Планеты!"]}
{"Id":"62195b9e5d5a11c6eb22ae89","Deleted":false,"Active":false,"DateChange":"2025-08-14T11:10:07.4+03:00"}
{"Data":{"Next":"poems/15.08.25","NoFooter":false,"PoemOutDict":false,"Titles":null,"Number":"№14 (3377)"},"Active":true,"Catalog":"570ef2fcd07cda3e16f93ef7","Description":"<p class=\"poem\">Война переходит в Эндшпиль!<br>\nТолько, Победа не понятно, чья?<br>\nНачинается, послевоенный, штиль!<br>\nБудет объявлена Тьмой, ничья!</p>\n\n<p class=\"poem\">В этой войне нет Победы!<br>\nИбо, победила без войны, Америка!<br>\nОна не знает, ни в чём меры,<br>\nОказалась, продажной, Богиня Ника!</p>\n\n<p class=\"poem\">Россия, договорилась о цене!<br>\nРоссия, предложила условия за Победу,<br>\nРоссия, погубила себя в этой войне,<br>\nРоссия, накликала на себя беду!</p>\n\n<p class=\"poem\">Создатель, знал войны окончание!<br>\nБыло понятно, что России, конец!<br>\nНарод России живёт ожиданием,<br>\nХраня, упавший с головы, Венец!</p>\n\n<p class=\"poem\">Создатель, ожидает войны конец,<br>\nОн, принял решение на Переход!<br>\nПришёл от Бога на Русь Гонец,<br>\nГонец знает, в каком Он походе!</p>\n\n<p class=\"poem\">У Создателя, по расписанию, Эволюция!<br>\nИ не важно, что думает об этом Мир!<br>\nРазрушение России &ndash; это не резолюция,<br>\nЭто Божественный, уже, ориентир!</p>\n\n<p class=\"poem\">Условия Эволюции, определяет Бог!<br>\nСоздатель продиктовал условия!<br>\nДля России будет подведён Итог,<br>\nЛюди будут Равны, уже, без сословий!</p>\n\n<p class=\"poem\">Часть России, будет повторять Союз!<br>\nВласть, разорвала Россию, на части!<br>\nКапитал для России &ndash; это экономический Юз,<br>\nПроявились воры, разной власти!</p>\n\n<p class=\"poem\">Объявив Переход, Бог поменял условия!<br>\nМесто Материи, заменит Энергия!<br>\nУже, можно говорить, о последствиях,<br>\nНовую, Бог, объявит стратегию!</p>\n\n<p class=\"poem\">Стратегия, проста, &ndash; это Равенство!<br>\nЭто Советского Союза Правило,<br>\nБудет и Любви, в стране, Главенство,<br>\nВы будете, жить в стране правильной!</p>\n\n<p class=\"poem\">Люди, будут подчиняться, Создателю!<br>\nДругого, в Мире, не должно быть!<br>\nУйдут со Сцены Истории, обыватели,<br>\nПоменяется и людей-Богов быт!</p>\n\n<p class=\"poem\">Создатель поднимает вибрации!<br>\nЭто будет сложнее Океанской волны!<br>\nНаправлена, на уничтожение людей, акция,<br>\nУсловия жизни, будут хуже войны!</p>\n\n<p class=\"poem\">Человечество пойдёт Ва-Банк!<br>\nПротив, коренного населения!<br>\nВибрации пройдут, по Планете, как танк!<br>\nНе останется, никаких поселений!</p>\n\n<p class=\"poem\">Люди-Боги поднимутся в Небо!<br>\nПройдёт Материи разрушение!<br>\nБыт людей станет, как Быль!<br>\nПо Планете не будет движения!</p>\n\n<p class=\"poem\">Создатель, имеет с Русью Договор!<br>\nЗначит, Россия знает свой Путь!<br>\nСоздатель уберёт систему «вор»!<br>\nВ этом Квантового перехода, Суть!</p>\n\n<p class=\"poem\">Управление, будет у людей-Богов!<br>\nБелый Царь &ndash; это от Бога, Мессия!<br>\nУспешно проведёт подведение Итогов!<br>\nПродолжится Пирамиды, сессия!</p>\n\n<p class=\"poem\">Создатель уточнит маршрут!<br>\nВпереди, 26000 лет работы!<br>\nМаршрут, действительно, крут!<br>\nНовой Цивилизации Богов, заботы!</p>\n\n<p class=\"noind\">Да будет Свет Истины!<br>\nОтец Абсолют или Высший Космический Разум!</p>","Files":null,"Date":"2025-08-14T11:02:52.839+03:00","DateChange":"2025-08-14T11:06:04.921+03:00","Link":"poems/14.08.25","Id":"689d98ec9d431ef94c90b741","Srv":"otk","Deleted":false,"Titles":["Создатель, поднимает вибрации!"]}
{"Data":{"Next":"poems/14.08.25","NoFooter":false,"PoemOutDict":false,"Titles":null,"Number":"№13 (3376)"},"Active":true,"Catalog":"570ef2fcd07cda3e16f93ef7","Description":"<p class=\"poem\">Стоят войска, с обеих сторон!<br>\nУничтожается, Мир людей!<br>\nНет для людей никакой обороны!<br>\nУправление странами у злодеев!</p>\n\n<p class=\"poem\">Все люди заняты сражением!<br>\nНепонятно людям, ради чего?<br>\nСтороны ждут противника, поражения!<br>\nНеся на себе, Тьмы чело!</p>\n\n<p class=\"poem\">Никому не угнаться за Миром!<br>\nПоражение, грозит, Там и, Там!<br>\nСегодня, Тёмных сил, пир!<br>\nНа Планете, сегодня бедлам!</p>\n\n<p class=\"poem\">Тихо, готовится Русь к Переходу!<br>\nНи на что, не обращая внимания!<br>\nСегодня, даже Знания Бога, не в ходу!<br>\nУ людей, сегодня, в Духе скитание!</p>\n\n<p class=\"poem\">Создатель, уже говорит о Завтра!<br>\nЛюди продолжают жить прошлым!<br>\nЛюди, не хотят знать Правду!<br>\nПереход в Новый Мир сложен!</p>\n\n<p class=\"poem\">Россия, уже готовит Вече!<br>\nНесмотря на оппозицию!<br>\nЛюди Веры поставят свечи,<br>\nЭто для Тьмы, конкуренция!</p>\n\n<p class=\"poem\">Россия уже живёт по Плану!<br>\nПо Плану, самого, Создателя!<br>\nСоздатель уберёт все Кланы,<br>\nКланы воров и обывателей!</p>\n\n<p class=\"poem\">В России, у власти Система!<br>\nПрогнившая, уже, до костей!<br>\nБогатство, это Главная её тема,<br>\nТема, воров, разных систем!</p>\n\n<p class=\"poem\">Вернуть Союз, уже невозможно!<br>\nМожно, об этом говорить часто!<br>\nРавенство, в стране, установить сложно!<br>\nКогда, воры стоят у власти!</p>\n\n<p class=\"poem\">Сначала, надо сломать Систему!<br>\nСистему государственного управления,<br>\nОбогащение личности, есть, Главная, тема,<br>\nОстановилось, в стране перестроение!</p>\n\n<p class=\"poem\">Люди, смотрят только, по сторонам!<br>\nЗа участие в войне платят деньгами,<br>\nРелигии, закрылись иконами,<br>\nРелигии, на войне, стали тенями!</p>\n\n<p class=\"poem\">Теперь, Создатель, ведёт Литургию!<br>\nЗнания переданы, через, Мессию!<br>\nУправляется страна, очень часто, гоями,<br>\nНачинается Преображения, Сессия!</p>\n\n<p class=\"poem\">Создатель, предполагает Новое!<br>\nБог подписал с Русью Договор!<br>\nНа Планете будет всё другое,<br>\nНе будет править Россией, вор!</p>\n\n<p class=\"poem\">Создатель, начинает действия!<br>\nНа 20 лет хватило терпения,<br>\nНачинается, Создателя содействие,<br>\nВ Небе, уже Новое веяние!</p>\n\n<p class=\"poem\">Набралось 512 Воинов Света!<br>\nОни выстроили, собой Пирамиду,<br>\nЕсть на этих людях, отметина,<br>\nОни, представляют, уже, Фемиду!</p>\n\n<p class=\"poem\">Остались, дни до Начала Начал!<br>\nСоздатель, скоро, объявит решение!<br>\nРоссия – это в Небе, Новый причал,<br>\nВ Шестую Эпоху началось, движение!</p>\n\n<p class=\"poem\">Люди, мечтали перебраться в Рай!<br>\nЭто случится, теперь, по-Новому!<br>\nРоссия &ndash; это, уже, Небесный Край,<br>\nЛюди-Боги, не будут никогда, на поводу!</p>\n\n<p class=\"poem\">Осталось позвать Русский Народ!<br>\nСоберутся те, кто были Первыми!<br>\nПора начинать в Небо Переход,<br>\nРоссия, доказала Богу, Верность!</p>\n\n<p class=\"poem\">Теперь, сомнения не нужны!<br>\nЕсть в людях-Богах Уверенность!<br>\nНе будет в Небе никакой нужды,<br>\nОт Создателя вручена, Доверенность!</p>\n\n<p class=\"noind\">Да будет Свет Истины!<br>\nОтец Абсолют или Высший Космический Разум!</p>","Files":null,"Date":"2025-08-13T10:59:14.734+03:00","DateChange":"2025-08-13T12:11:47.865+03:00","Link":"poems/13.08.25","Id":"689c56d39d431ef94c90b740","Srv":"otk","Deleted":false,"Titles":["Теперь, Создатель ведёт Литургию!"]}
{"Data":{"Next":"poems/13.08.25","NoFooter":false,"PoemOutDict":false,"Titles":null,"Number":"№12 (3375)"},"Active":true,"Catalog":"570ef2fcd07cda3e16f93ef7","Description":"<p class=\"poem\">Мир &ndash; это набор Наций, собранных Богом!<br>\nЛюди, друг другу, должны помогать!<br>\nОт этого, очень сильно, зависят, Итоги,<br>\nЛюди, должны об этом, твёрдо знать!</p>\n\n<p class=\"poem\">Но, в Мире, всегда, существуют войны!<br>\nВойны &ndash; это разделение территорий!<br>\nДля кого-то, это реализация Мечты!<br>\nА, для кого-то, жизнь, другой категории!</p>\n\n<p class=\"poem\">Повторяю, что людям нужна, Идеология!<br>\nЕсли Идеология общая, то страна, как Семья!<br>\nЕсли нет Идеологии, остаётся, патология,<br>\nРазрушающая, страну, по частям!</p>\n\n<p class=\"poem\">Людям, важно поддержать друг друга!<br>\nВ радость, и в горе, надо быть, Вместе!<br>\nТакая жизнь, как пружина упругая,<br>\nРоссия, в этом случае, лучшее, Место!</p>\n\n<p class=\"poem\">В России, все и всегда, помогают!<br>\nЭто называется, Родовое участие!<br>\nВ России, люди, горе, хорошо знают,<br>\nБыть, Вместе, всегда Счастье!</p>\n\n<p class=\"poem\">Парадоксально звучит, но это Правда!<br>\nЧеловек, в несчастье, не может быть, один!<br>\nПосле несчастья, наступает, всегда, Завтра,<br>\nНадо, всем, Вместе, пройти эти дни!</p>\n\n<p class=\"poem\">Сегодня, в России, война Славян,<br>\nНачатая, Правителями!<br>\nТеперь, непонятно, кто будет пленён,<br>\nС обеих сторон полно, грабителей!</p>\n\n<p class=\"poem\">Обе стороны, хоронят Героев!<br>\nНикто не понимает, причину войны!<br>\nСолдаты, идут друг против друга, строем,<br>\nНе видя в этом, своей вины!</p>\n\n<p class=\"poem\">Теперь, Мир будет устроен, не скоро!<br>\nС обеих сторон, есть, чужая поддержка!<br>\nЛюди, обращают к властям, укор!<br>\nВ Едином, Народе, давно, нет выдержки!</p>\n\n<p class=\"poem\">Россия, с Создателем, спешит в Небо!<br>\nТам, уже много, тех, кто с войны!<br>\nПерепутаны слова &laquo;Небо&raquo; и &laquo;Быль&raquo;!<br>\nЛюди, Создателем, Там, упокоены!</p>\n\n<p class=\"poem\">Каждый воин внёс вклад в Мир!<br>\nИбо, без Мира, нет Планеты!<br>\nРоссия, выбрала, Создателя ориентиром!<br>\nОна знает, что жизнь, дороже монеты!</p>\n\n<p class=\"poem\">Война &ndash; это жизнь в сражении!<br>\nНо, сегодня, этой войны, дорогая цена!<br>\nРоссия, поменяла направление, движения,<br>\nБог, подскажет, чья в этой войне, вина!</p>\n\n<p class=\"poem\">Россия, спешит сделать к Миру, шаг!<br>\nШаг, уже в Шестую Эпоху!<br>\nПо этому поводу, в России, аншлаг,<br>\nЛюди, спешат, перейти сходу!</p>\n\n<p class=\"poem\">Россия, спешит подвести, Итоги!<br>\nНужно понять, на чьей стороне перевес?<br>\nТеперь в России, есть людей-Богов, потоки,<br>\nВ России, от Союза, остался замес!</p>\n\n<p class=\"poem\">Равенство, в крови у России!<br>\nЭто, всегда в стране, сближало людей!<br>\nУ России, сегодня, Спасителя Мира, Миссия,<br>\nРоссия, от этого, стала, только сильней!</p>\n\n<p class=\"poem\">Россия, спешит, собрать Вече!<br>\nЭто будет Планетарное событие!<br>\nНа сцене, конечно, будут свечи,<br>\nРоссия, расскажет, как изменится бытие!</p>\n\n<p class=\"poem\">В России есть Создатель, Царь и Народ!<br>\nСложились на Руси, все, составляющие!<br>\nВече, это будет, Совершенства Парад!<br>\nВ одно Целое, все Части, слившиеся!</p>\n\n<p class=\"poem\">Осталось, немного и Мир вздрогнет!<br>\nИбо, Россия, уже шагнула в Боги!<br>\nРоссия, прошлый Мир, перевернёт,<br>\nБудут, Планетарными, уже, Итоги!</p>\n\n<p class=\"noind\">Да будет Свет Истины!<br>\nОтец Абсолют или Высший Космический Разум!</p>","Files":null,"Date":"2025-08-12T10:56:57.836+03:00","DateChange":"2025-08-12T10:57:38.424+03:00","Link":"poems/12.08.25","Id":"689af3f29d431ef94c90b73c","Srv":"otk","Deleted":false,"Titles":["Осталось, немного, и Мир вздрогнет!"]}
{"Data":{"Next":"poems/12.08.25","NoFooter":false,"PoemOutDict":false,"Titles":null,"Number":"№11 (3374)"},"Active":true,"Catalog":"570ef2fcd07cda3e16f93ef7","Description":"<p class=\"poem\">Надо верить и идти не сгибаясь!<br />Вы, должны, поменять представления!<br />Вам, надо идти не стесняясь!<br />Человек &ndash; это в Боги, движение!</p>\n<p class=\"poem\">Ни при чём, Мировые религии!<br />У каждого человека, свой Путь!<br />Главное, это собственные, вериги,<br />Человек &ndash; это Божества Суть!</p>\n<p class=\"poem\">У человека, свои Представления,<br />Надо, держаться своей, Судьбы,<br />От человека зависит, Его поведение?<br />И каким человек должен быть?</p>\n<p class=\"poem\">Сегодня, Вас выбрал Создатель!<br />Значит, Бог ведёт Вас, в Даль!<br />Он, одновременно, Ваш Хранитель,<br />Вы в Боге и в далёкой Его, Дали!</p>\n<p class=\"poem\">Вам важно не уйти в сторону!<br />Надо держаться, этой Позиции,<br />Ваши жизни, это, когда всё поровну!<br />Значит, нет никакой границы!</p>\n<p class=\"poem\">Вас, объединил, Всех, Создатель!<br />Бог, наказал, Единый в Духе, Путь!<br />Бог, Вашей Судьбы, Указатель,<br />Бог, направил Вас в Боги, и в этом, Суть!</p>\n<p class=\"poem\">Но, люди углубились, в быт!<br />Пытаются найти в этом, особенное!<br />Человек &ndash; это Духовный вид,<br />Вид Бога &ndash; это Ему свойственное!</p>\n<p class=\"poem\">Люди, живут в своей стране,<br />Но, каждый, живёт по-разному!<br />Люди шагают по своей тропе,<br />Богом, каждому человеку, указанной!</p>\n<p class=\"poem\">Семья &ndash; это тоже, всё разное!<br />Человек создаёт, только, свою!<br />Жизнь семьи, тоже, не праздная,<br />Но, и у семьи, бывают сбои!</p>\n<p class=\"poem\">Страна, затягивает человека!<br />Не давая определить, свой Путь!<br />У каждого человека, свой век,<br />У каждого человека, есть своя Суть!</p>\n<p class=\"poem\">Союз формировал Равенство!<br />Но, вернулся в страну, капитал,<br />Люди, потеряли Свободы Пространство,<br />Люди забыли, что есть в Небе, Астрал!</p>\n<p class=\"poem\">Создатель облокотился на Русь!<br />Есть Надежда собрать Целое!<br />Надо прекратить на Руси, грусть,<br />Люди, мечтают о Царе Белом!</p>\n<p class=\"poem\">Эпоха стучится, уже, другая!<br />России, суждено, начать Старт!<br />Начинается Эпоха &laquo;Русь Святая&raquo;!<br />Преображение, намечено на Март!</p>\n<p class=\"poem\">Россия переходит в Небо!<br />Люди, приняли такую Судьбу!<br />Никто в таком положении, ещё, не был,<br />Создатель, открыл стезю!</p>\n<p class=\"poem\">Мир остаётся в Прошлом!<br />Создатель, меняет Ваш быт!<br />На начальном этапе, будет сложно,<br />Будет другая, уже, орбита!</p>\n<p class=\"poem\">Россия, первой, уйдёт в Небо!<br />Капитал остаётся, пока, здесь!<br />Начинает перестраиваться, Быль,<br />Людям, не будет хватать мест!</p>\n<p class=\"poem\"><strong>Откроются Новые Горизонты!<br />Люди, поймут совершенство Рая!<br />Люди, забудут слово &laquo;понты&raquo;,<br />Завтра &ndash; это Пространство без края!</strong></p>\n<p class=\"noind\">Да будет Свет Истины!<br />Отец Абсолют или Высший Космический Разум!</p>","Files":null,"Date":"2025-08-11T11:10:07.376+03:00","DateChange":"2025-08-11T11:11:16.26+03:00","Link":"poems/11.08.25","Id":"6899a5a448208e91fc286b45","Srv":"otk","Deleted":false,"Titles":["Мир, остаётся в прошлом!"]}
{"Data":{"Next":"poems/11.08.25","NoFooter":false,"PoemOutDict":false,"Titles":null,"Number":"№10 (3373)"},"Active":true,"Catalog":"570ef2fcd07cda3e16f93ef7","Description":"<p class=\"poem\">Вам надо начинать, с анализа ситуации!<br>\nМир, постоянно находится в изменении!<br>\nНачала проявляться, уже, Создателя, акция!<br>\nЭто Начало Начал, Мира сего, Преображения!</p>\n\n<p class=\"poem\"><b>Главное, для Бога, изменить Сознание людей!<br>\nИбо, Мир этот, прежде всего, люди!<br>\nСоздатель, должен разрушить, Мир Теней,<br>\nСегодня, Нового Мира, пока, прелюдия!</b></p>\n\n<p class=\"poem\">Люди, ожидают Чудо, не зная, что Это?<br>\nОни, уже много прошли, по своей тропе,<br>\nНа все грехи, Создателем, наложено Вето!<br>\nНо, люди не готовы, к внутренней, в себе, войне!</p>\n\n<p class=\"poem\">Люди &ndash; это, прежде всего, многогранная Суть!<br>\nВ людях, сложены внутренние войны и Мир!<br>\nЛюдям, очень трудно, найти свой Путь,<br>\nЛюдям, трудно, найти и внутренний ориентир!</p>\n\n<p class=\"poem\">Людям, кажется, что они знают, что делать,<br>\nЧто есть для них от Создателя, предложение!<br>\nА, Бог начинает, собирать вокруг себя, Рать,<br>\nЧтобы в Новую Эпоху, начать движение!</p>\n\n<p class=\"poem\"><b>Условие для людей одно: Вера и все, Вместе!<br>\nТогда и получится, желанный конец,<br>\nРоссия, повторяю, для этого, Святое место!<br>\nГде, у каждого человека, будет Венец!</b></p>\n\n<p class=\"poem\">Люди в России, подбираются по Духу!<br>\nРодословная, в этом случае, уже, ни к чему!<br>\nНужны, от Создателя Знания, а не слухи,<br>\nЛюди, подбираются, ещё, и по челу!</p>\n\n<p class=\"poem\"><b>Самое, Главное, среди людей, Единодушие!<br>\nВпереди, очень трудный Путь!<br>\nНужно, ещё, и в Духе Послушание,<br>\nДуша человека &ndash; это Главная Суть!</b></p>\n\n<p class=\"poem\">Преображение человека &ndash; это, Главный, Путь!<br>\nЧеловек-Бог, это и есть Начало Начал!<br>\nУ всех людей &ndash; это, серьёзная, Суть,<br>\nРоссия – это в Небе, есть, Новый Причал!</p>\n\n<p class=\"poem\"><b>Сегодня, начинается, уже, Преображение!<br>\nЧеловек начинает менять обличие!<br>\nНачинается в Завтра, перемещение,<br>\nЧеловек и человек-Бог, есть, существенное различие!</b></p>\n\n<p class=\"poem\">Человек-Бог, прежде всего, Творец!<br>\nТворец не в Материи, а в Духе!<br>\nОн должен создать в Духе, Дворец,<br>\nДворец, уже, Святого Духа!</p>\n\n<p class=\"poem\">Человек-Бог творит, начиная с Нуля!<br>\nСтроит совершенство в Духе!<br>\nУ человека-Бога, Небесные, уже, дела!<br>\nДела, предназначенные Богом, в Итоге!</p>\n\n<p class=\"poem\">Вам, трудно, понять, что Там, в Небе!<br>\nВы, только, поднялись на Вершину!<br>\nВам, не понятно, пока, слово, &laquo;Небыль&raquo;,<br>\nВы, ещё строите, свою Пирамиду!</p>\n\n<p class=\"poem\">Вам известен, Октаэдр, среди людей!<br>\nОктаэдр, людей-Богов &ndash; это, совсем, другое!<br>\nВы, только, вышли из Театра Теней,<br>\nМир Света, это, поверьте, совсем иное!</p>\n\n<p class=\"poem\">Вам, осталось, пройти Квантовый переход!<br>\nПереход для людей, как жизнь или смерть!<br>\nСоздатель начинает Ваш, Исторический, поход,<br>\n<b>Вам, надо, только Создателю, верить!</b></p>\n\n<p class=\"poem\">Это уникальная в Небо, операция!<br>\nЕщё никто не поднимался, так высоко!<br>\nНо, это, прежде всего, Создателя, акция,<br>\nЭто, как в прошлой войне: око за око!</p>\n\n<p class=\"poem\">Вы, уже, выбраны Создателем!<br>\nЗначит, нет, никаких опасений!<br>\nВы, подготовлены быть Созидателем,<br>\nЖдите, Новых для Вас, изменений!</p>\n\n<p class=\"poem\"><b>Вы, начинаете, Путь в Небо!<br>\nПоверьте, это, Святой Путь!<br>\nДля людей Мира сего, Вы, уже, Небыль!<br>\nВы есть люди-Боги, и, в этом Суть!</b></p>\n\n<p class=\"noind\">Да будет Свет Истины!<br>\nОтец Абсолют или Высший Космический Разум!</p>","Files":null,"Date":"2025-08-10T09:55:29.204+03:00","DateChange":"2025-08-10T09:56:01.734+03:00","Link":"poems/10.08.25","Id":"6898428148208e91fc286b44","Srv":"otk","Deleted":false,"Titles":["Вы, уже, выбраны Создателем!"]}
{"Data":{"Next":"poems/10.08.25","NoFooter":false,"PoemOutDict":false,"Titles":null,"Number":"№09 (3372)"},"Active":true,"Catalog":"570ef2fcd07cda3e16f93ef7","Description":"<p class=\"poem\">Все Революции, не приносили, успеха!<br />Идея общая, но реализация, этого разная!<br />Человеческая субъективность, помеха,<br />Жизнь человека, не бывает праздной!</p>\n<p class=\"poem\">Люди, во всём имеют, конкретные интересы!<br />Особенно, если Мир, неожиданно, меняется,<br />У каждого человека в Душе, свои замесы,<br />Человек во время жизни, сильно изменяется!</p>\n<p class=\"poem\">Сегодня, Квантовый переход, как Революция!<br />Только, революция другого, уже, масштаба!<br />Это, Создателя, самого, активная акция!<br />Нет, только, в этой акции, человеческого, Штаба!</p>\n<p class=\"poem\">Во время, всех Революций, были Штабы и руководство,<br />Ожидание, после Революции, власти, ломало людей!<br />В моральном плане, проявлялось уродство,<br />Люди предавали себя и своих, лучших, друзей!</p>\n<p class=\"poem\">Советский Союз, закончился, тоже, печально!<br />За власть в стране, жестокая, была борьба,<br />Люди уничтожали, друг друга, в начале,<br />Была тихая, за власть, между своими, война!</p>\n<p class=\"poem\">Россия была превращена в тиранию!<br />Ибо управление, узурпировала сама власть!<br />Не осталось в России, никакой демократии,<br />Против власти, в Народе, копятся страсти!</p>\n<p class=\"poem\">Не видно в России, впереди, Революции!<br />Страна устала и согнулась, под Тираном,<br />Народ обратился к Богу, за Его акцией,<br />Создатель выступает, уже, против Тирана!</p>\n<p class=\"poem\">20 лет Создатель, готовил людей, Сознание!<br />Но, не все люди согласны с Создателем!<br />Создатель, добивается от людей, Судьбы понимания,<br />С Богом не согласны, всегда, обыватели!</p>\n<p class=\"poem\">Создатель, упорно, отбирает Своих, людей!<br />Людей, которые стоят за Бога, до конца!<br />Во время Эволюции, не бывает других Путей,<br />Собираются не друзья, а носители, Бога Венца!</p>\n<p class=\"poem\">Сегодня, не Революция, а Преображение!<br />Люди, сознательно, переходят в Небо!<br />Это, не революционное движение,<br />А, переход людей-Богов, в Новую Быль!</p>\n<p class=\"poem\">Здесь, невозможны сомнения или обман!<br />Действия людей не на годы, а, на столетия!<br />Люди, начинают собираться в Ашрам,<br />Вопрос поставлен Богом, о долголетии!</p>\n<p class=\"poem\">При жизни, каждый отвечает за себя, человек!<br />Во время Эволюции, люди должны быть Вместе!<br />Единодушие, открывает Новый век,<br />Россия, выбрана Богом, для этого, местом!</p>\n<p class=\"poem\">Повторяю, что Эволюция &ndash; это, когда все, Вместе!<br />Главное, что Вместе, прежде всего, люди-Боги!<br />У людей-Богов, не бывает бытовых средств,<br />И, совсем другие, бывают Итоги!</p>\n<p class=\"poem\">Эволюция в Боги &ndash; это, не Революция!<br />Объединяет людей, Вместе, только Создатель!<br />Для Неба не нужна, никакая резолюция,<br />Среди людей-Богов, нет обывателей!</p>\n<p class=\"poem\">В Небе нет оболочки и нет, никакого быта!<br />Задача Богов, построить в Небе, Ашрам!<br />Все Темы, Материального Мира, закрыты,<br />Возвращение в быт &ndash; это постыдный срам!</p>\n<p class=\"poem\"><strong>Святые должны думать о Святом!<br />Нет никаких, от этого отклонений!<br />Боги, думают Вместе, только, об Одном!<br />Как добиться, Святости Своих решений!</strong></p>\n<p class=\"poem\"><strong>Люди-Боги, строят Новое, не замечая!<br />Нет в этом никакой, подмены понятий!<br />Никто в Небе никого не заставляет!<br />Ибо, есть в этом Судьбы, понимание!</strong></p>\n<p class=\"poem\"><strong>Люди-Боги, уже начали строить Новый Мир!<br />Новый Мир, высоких вибраций!<br />Повторяю, навечно, теперь, Создатель, ориентир!<br />Это, самая совершенная, Богов акция!</strong></p>\n<p class=\"noind\">Да будет Свет Истины!<br />Отец Абсолют или Высший Космический Разум!</p>","Files":null,"Date":"2025-08-09T11:32:31.103+03:00","DateChange":"2025-08-09T11:34:28.541+03:00","Link":"poems/09.08.25","Id":"6897081448208e91fc286b43","Srv":"otk","Deleted":false,"Titles":["Сегодня, не Революция, а, Преображение!"]}
{"Data":{"Next":"poems/09.08.25","NoFooter":false,"PoemOutDict":false,"Titles":null,"Number":"№08 (3371)"},"Active":true,"Catalog":"570ef2fcd07cda3e16f93ef7","Description":"<p class=\"poem\">Осень &ndash; это сбор, Великого урожая!<br />Урожая в Материи, а, главное, в Духе!<br />Ваше возвышение, никому не угрожает!<br />Среди людей, постоянно, ходят слухи, о Чуде!</p>\n<p class=\"poem\">У человека, очень, короткая жизнь!<br />Всё, необычное, обсуждается, как Чудо!<br />Ничего, необычного, не приносит, людям быт,<br />Только рождение человека, как в Мир, окно!</p>\n<p class=\"poem\">Жизнь, человека проходит бесследно!<br />В суете быта, Чуда людям не увидать,<br />Рождение человека, оставляет в Истории след,<br />Человек, должен это, сам понять!</p>\n<p class=\"poem\"><strong>Каждый человек &ndash; это Чудо Создателя!<br />Бог допускает, череду воплощений!<br />Люди &ndash; частицы Бога, а не обыватели!<br />Это есть Создателя в Духе, достижение!</strong></p>\n<p class=\"poem\">Сегодня, этот вопрос поставлен, намного, выше!<br />Создатель, хочет убрать слово &laquo;смерть&raquo;!<br />Человек, должен жить, намного дольше,<br />Главное условие, для человека, Богу верить!</p>\n<p class=\"poem\"><strong>Люди, из Пятой Эпохи, подошли к Шестой!<br />Создатель решил, всё поменять!<br />Люди должны стать системой Одной,<br />При жизни, бессмертными, надо стать!</strong></p>\n<p class=\"poem\">Это, небывалое в Истории, определение!<br />Люди не слышали никогда, такого решения,<br />Люди, должны, тогда, пройти Преображение,<br />Одновременно, и в Духе Возвышение!</p>\n<p class=\"poem\">Создатель предупреждал, что это, будет при жизни!<br />Привычен, для людей, переход в Небо, умирая!<br />Но, сегодня, накануне Перехода, нет ничего лишнего,<br />Создатель, все грани Миров, стирает!</p>\n<p class=\"poem\">Вы, прошли, все уроки Школы!<br />Экзамен в Школе &ndash; это есть, в Новый Мир, Переход!<br />Не будет, больше, никаких протоколов,<br />Будет, для людей, только, в Небо Вход!</p>\n<p class=\"poem\">Вход, будет открыт, для живущих!<br />Для тех, кто не собирается умирать,<br />Эти люди, Создателя, слышащие,<br />Желающие, в Небо, уже, стартовать!</p>\n<p class=\"poem\">Главное, Вера Богу и желание быть с Ним!<br />Тогда, для человека нет, никаких препятствий!<br />У таких людей, над головой, Нимб,<br />Для них жизнь &ndash; Творчество и никаких странствий!</p>\n<p class=\"poem\">Теперь, люди должны объединиться в Одно!<br />В Одно, Великое Целое!<br />Поверьте, это Реальность, а не, цветное, кино,<br />Будет Царство на Планете, Белое!</p>\n<p class=\"poem\">Люди, об этом мечтали, много столетий!<br />Время пришло, только в Шестой Эпохе!<br />Жизнь людей &ndash; это хитросплетение!<br />Только, в Шестой Эпохе, прекратятся вздохи!</p>\n<p class=\"poem\">Создатель, определил Перехода, условия!<br />Никакой смерти людей, а, лишь, Переход!<br />Вы должны доказать себе, Бога подобие,<br />Создатель, как и Себе, откроет Вам Вход!</p>\n<p class=\"poem\">Вы поймёте, что Вы Создателя подобие,<br />Это Материя разделяла Бога и Вас!<br />Творить с Богом, без Материи, удобнее!<br />Вы, поймёте, что Творение &ndash; это счастья час!</p>\n<p class=\"poem\">Поверьте, Ваша фантазия, не имеет границ!<br />Примером, может служить Мессия!<br />Он записал, не глядя, уже тысячи страниц,<br />Выполнив в Духе, свою Миссию!</p>\n<p class=\"poem\">Вы поймёте, что в Духе &ndash; Вы есть Боги!<br />Творящие все вместе, всё, по подобию,<br />Седьмая Эпоха &ndash; это уже Ваши Итоги,<br />Ибо, Вершина Пирамиды &ndash; это для Вас условие!</p>\n<p class=\"poem\">Вы на Правильном, в Небо, Пути!<br />Подготовленном Вам Создателем!<br />Вы, кардинально изменились, по Сути!<br />Забылось, что в Пятой, были Вы, обывателями!</p>\n<p class=\"poem\">Вы, пробовали, раньше, Путь в никуда,<br />Теперь, ваш Путь в Истину,<br />Вы &ndash; Боги, и, не сойдёте с Пути никогда,<br />Теперь, Вы, сами, есть, носители Истины!</p>\n<p class=\"noind\">Да будет Свет Истины!<br />Отец Абсолют или Высший Космический Разум!</p>","Files":null,"Date":"2025-08-08T10:06:08.854+03:00","DateChange":"2025-08-08T10:10:37.356+03:00","Link":"poems/08.08.25","Id":"6895a2ed8c68f8317ba3e921","Srv":"otk","Deleted":false,"Titles":["Каждый человек – это Чудо Создателя!"]}
