{"Data":{"Next":null,"NoFooter":false,"PoemOutDict":false,"Titles":[],"Number":null},"Active":true,"Catalog":"5eeb5170ee6d7619745b6675","Description":"<h3>ИМПУЛЬС ЭНЕРГИИ ДУХОВНОЙ ВОЛНЫ, СОВМЕСТНО С СОЗДАТЕЛЕМ, НА РАЗРУШЕНИЕ ТРЁХ ЦЕНТРОВ МИРОВОЙ ТЬМЫ</h3>","Files":[{"Id":"66d748967869dac58ab9ce98","Path":"2-Timekeeping_Spiritual_Wave.jpg","Name":"2-Timekeeping_Spiritual_Wave.jpg","Store":0,"NoToGallery":true},{"Id":"66d748997869dac58ab9ce9b","Path":"3-The_Path_of_the_impulse.jpg","Name":"3-The_Path_of_the_impulse.jpg","Store":0,"NoToGallery":true}],"Date":"2024-09-04T03:57:50.052+03:00","DateChange":"2024-09-04T04:01:11.16+03:00","Link":"","Id":"62195b9e5d5a11c6eb22ae89","Srv":"otk","Deleted":false,"Titles":["ДУХОВНАЯ ВОЛНА"]}
{"Data":{"Next":null,"NoFooter":false,"PoemOutDict":false,"Titles":null,"Number":"№247 (3030)"},"Active":true,"Catalog":"570ef2fcd07cda3e16f93ef7","Description":"<p class=\"poem\">Россия, а точнее, люди-Боги переходят в атаку!<br>\r\nБольше нельзя терпеть постоянное отступление!<br>\r\nРусь должна разрушить Мировой Тьмы клоаку,<br>\r\nНужно, организовать в Духе, Света наступление!</p>\r\n\r\n<p class=\"poem\">Люди ничего не могут противопоставить Тьме!<br>\r\nРоссия отступает по всем фронтам!<br>\r\nРоссия не должна подчиняться такой Судьбе,<br>\r\nНужно предложить по-своему сражение, Там!</p>\r\n\r\n<p class=\"poem\">Создатель предложил Руси Новую дислокацию,<br>\r\nУкраина стреляет европейским  оружием,<br>\r\nСоздатель предлагает в Духе акцию:<br>\r\nПосылы в Духе уничтожат Тьмы окружение!</p>\r\n\r\n<p class=\"poem\">Война сторон идёт с переменным успехом!<br>\r\nРоссия, потеряла, Великой армии престиж,<br>\r\nНаступление НАТО или Европы &ndash; помехи,<br>\r\nРаньше считалось, что не проскочит через границу мышь!</p>\r\n\r\n<p class=\"poem\">Теперь есть разногласия в Армии и во власти!<br>\r\nВоенные растратили все средства,<br>\r\nВоенные &ndash; это часть Системы у власти,<br>\r\nОказалось, что их подготовка, посредственная!</p>\r\n\r\n<p class=\"poem\">Была в Армии, долго, сплошная показуха!<br>\r\nВ Америке, тоже красочный, только фасад,<br>\r\nЧто у России есть сильная Армия &ndash; слухи,<br>\r\nУ Америки только огромный, военный склад!</p>\r\n\r\n<p class=\"poem\">Денежный станок работает ради Победы Америки!<br>\r\nЕвропа расплачивается за Неё!<br>\r\nРоссия должна опустить Америку в истерику,<br>\r\nУ Америки вооружение, сегодня, старьё!</p>\r\n\r\n<p class=\"poem\">У России, как оказалось, тоже не лучше!<br>\r\nВоровство в Армии &ndash; миллиарды!<br>\r\nСегодня Сценарий СВО самый худший,<br>\r\nАмерика, для Мира сего, не авангард!</p>\r\n\r\n<p class=\"poem\"><b>Создатель предлагает использовать Дух!<br>\r\nДух &ndash; это Тонкая уже Энергия!<br>\r\nВоенные ничего не принимают на слух,<br>\r\nНе нужна для Победы России, Материя!</b></p>\r\n\r\n<p class=\"poem\"><b>Создатель предлагает проверить в Духе,<br>\r\nАмерику, НАТО и, конечно, Европу!<br>\r\nПусть военные считают, что это слухи,<br>\r\nРоссия сделает это, подобно, потопу!</b></p>\r\n\r\n<p class=\"poem\"><b>Посылы в Духе это не оружие, а состояние!<br>\r\nСостояние Сознания людей под давлением!<br>\r\nВ людях проявятся чувства страдания!<br>\r\nПоменяется, неожиданно, людей поведение!</b></p>\r\n\r\n<p class=\"poem\">Каждая из трёх сторон получит своё!<br>\r\nАмерика неожиданно столкнётся с кризисом,<br>\r\nНАТО окажется, словно, военное старьё,<br>\r\nЕвропа превратится в мусульманский оазис!</p>\r\n\r\n<p class=\"poem\">Чистота Духа остаётся только в России!<br>\r\nЧастота Посылов увеличится вдвое,<br>\r\nРоссия начнёт в Духе свою Миссию,<br>\r\nПо-другому будет на Планете подворье!</p>\r\n\r\n<p class=\"poem\">Через несколько месяцев не будет их!<br>\r\nТри стороны распадутся сами!<br>\r\nНаступательный порыв уже совсем утих,<br>\r\nВот когда капитал сел не в свои сани!</p>\r\n\r\n<p class=\"poem\">Запад не понимает, что случилось в Мире!<br>\r\nРоссия подписала с Создателем Договор!<br>\r\nПо-Новому пройдёт Мировое перемирие,<br>\r\nИз управления Россией скоро уйдёт вор!</p>\r\n\r\n<p class=\"poem\">Эта воровская система должна уйти сама,<br>\r\nРоссия уничтожит, прогнивший Запад,<br>\r\nСоздатель уже сказал людям последние слова,<br>\r\nТьма будет возражать невпопад!</p>\r\n\r\n<p class=\"poem\">Скоро уйдёт война Славян в небытие,<br>\r\nЗапад будет смотреть на Россию,<br>\r\nЛюдей изменят Главные в Мире события,<br>\r\nПроявится в Мире от Бога Мессия!</p>\r\n\r\n<p class=\"poem\">Следующий шаг &ndash; это Монархия Бога!<br>\r\nРоссия &ndash; это уже вся Планета!<br>\r\nБудет Равенство и Любовь в Итоге,<br>\r\nОснова Монархии &ndash; Создателя Заветы!</p>\r\n\r\n<p class=\"poem\">Вам надо начинать в Духе воздействие!<br>\r\nТонкий план &ndash; это будущее Земли!<br>\r\nВы, очень скоро, увидите следствие,<br>\r\nРоссия встанет всех людей впереди!</p>\r\n\r\n<p class=\"noind\">Да будет Свет Истины!<br>\r\nОтец Абсолют или Высший Космический Разум!</p>\r\n","Files":null,"Date":"2024-09-03T11:58:46.272+03:00","DateChange":"2024-09-03T11:59:39.674+03:00","Link":"poems/03.09.24","Id":"66d6cffb7068c47677fe7211","Srv":"otk","Deleted":false,"Titles":["Вам надо начинать в Духе воздействие!"]}
{"Data":{"Next":"poems/03.09.24","NoFooter":false,"PoemOutDict":false,"Titles":null,"Number":"№246 (3029)"},"Active":true,"Catalog":"570ef2fcd07cda3e16f93ef7","Description":"<p class=\"poem\">Обстановка в Мире, с каждым днём, хуже некуда!<br />Создатель говорит об этом людям, постоянно!<br />Наступили для всех очень тяжёлые времена!<br />Что будет с людьми Завтра, уже никому не ясно!</p>\n<p class=\"poem\">Власти заигрались в бою и ничего не замечают,<br />Что обстоятельства в Мире уже, очень плохие!<br />Америка из Европы последнее выжимает,<br />Люди, сегодня, в Духе уже совсем никакие!</p>\n<p class=\"poem\">Создатель запустил механизм уничтожения!<br />Уничтожения Пространства Тьмы!<br />Он к Богу перенаправил людей движение!<br />Людям надо вырваться, из сложившейся кутерьмы!</p>\n<p class=\"poem\">Воюющие стороны, не слышат слов Создателя,<br />Не слышат, что Вы проявили Волю на Вече!<br />Отрицательную роль в этом играют обыватели,<br />Создатель предупредил Вас, что ещё не вечер!</p>\n<p class=\"poem\">Свет и Тьма не обращают на людей внимания!<br />Люди для них, словно, не существуют!<br />К сожалению, нет у людей Судьбы понимания,<br />Люди, своих в Духе возможностей, не чувствуют!</p>\n<p class=\"poem\">Сегодня, надо вновь поднять тему Войны!<br />Есть для этого, свободная, пресса!<br />Пресса давит на Сознание, как технология тайны,<br />Сегодня, пресса для Правды завеса!</p>\n<p class=\"poem\">Нужен критический анализ, на войне, обстановки!<br />Сегодня, надо слушать Создателя и думать!<br />Меняется, из-за Создателя, войны постановка!<br />Главное, Вам надо свою Роль в этом понимать!</p>\n<p class=\"poem\">Создатель говорил, что Тьма пошла ва-Банк!<br />Тьме, сегодня, терять уже нечего!<br />Не интересна, даже, Тьме игра в танки,<br />Все спешат за Победу поставить свечи!</p>\n<p class=\"poem\">Вам не стоит ждать целых 8 дней,<br />Надо усилить на Тьму воздействие!<br />Попробуйте вдвое уменьшить количество дней,<br />Тогда усилится на Тьму Посылов действие!</p>\n<p class=\"poem\">Мир Тьмы необходимо срочно уничтожить!<br />Мир Тьмы &ndash; это Америка, Европа и НАТО!<br />Надо все силы Создателя вместе сложить!<br />Только так, разорвать Мир Тьмы надо!</p>\n<p class=\"poem\">Усиление давления Света поймут все!<br />Особенно, все организации НАТО!<br />Надо приблизить человечество к Мечте,<br />Без команды Америки, НАТО &ndash; просто стадо!</p>\n<p class=\"poem\">Но, власть в России ничего не хочет!<br />Её устраивает война или кривой Мир!<br />Ей Победу в войне Бог уже не пророчит,<br />Ибо, Великая Россия для неё уже Миф!</p>\n<p class=\"poem\">Создатель готовит против несправедливости Народ!<br />Неучи не могут управлять Миром!<br />Власть сделала из Народа, послушных, рабов!<br />Деньги не были никогда ориентиром!</p>\n<p class=\"poem\">Создатель прошёлся уже по Сознаниям!<br />Люди поняли, в чём их Главная вина,<br />Скоро придёт и беды понимание,<br />Тьма в Сердце России гнездо свила!</p>\n<p class=\"poem\">Люди-рабы приучились жить в богатстве!<br />Правды от них, уже не стоит ожидать!<br />Ради богатства они, готовы во Лжи странствовать,<br />И тело страны бесконтрольно жрать!</p>\n<p class=\"poem\">Надо убрать людей-рабов из управления!<br />Это может сделать только Посыл!<br />Надо перенаправить к Богу людей движение!<br />Надо открыть людям, Главный, Бога Замысел!</p>\n<p class=\"poem\">Придётся действовать Вам очень строго!<br />Создатель дал Вам для этого время!<br />Вам надо у Диавола посшибать рога,<br />Рабство в Духе &ndash; это не жизнь, а &ndash; бремя!</p>\n<p class=\"poem\">Повторяю, посылайте Импульсы чаще!<br />4 раза в месяц &ndash; это не дело!<br />Посылы &ndash; это очень серьёзные вещи,<br />Нет в этом для Вас никакого предела!</p>\n<p class=\"poem\">Задач для Вас, сегодня, очень много!<br />Против Вас: Америка, НАТО и Европа!<br />Не ждите от Создателя никакого подлога,<br />Открывается для Вас Небесная тропа!</p>\n<p class=\"poem\">Посыл &ndash; это тоже в Духе оружие!<br />Тонкий план &ndash; это, совсем другая, война!<br />Посыл &ndash; это Создателю служение!<br />Это реальная Света Победа!</p>\n<p class=\"noind\">Да будет Свет Истины!<br />Отец Абсолют или Высший Космический Разум!</p>","Files":null,"Date":"2024-09-02T13:33:28.792+03:00","DateChange":"2024-09-02T20:53:27.711+03:00","Link":"poems/02.09.24","Id":"66d594995e142c1ccb8feb1a","Srv":"otk","Deleted":false,"Titles":["Создатель готовит против несправедливости Народ!"]}
{"Data":{"Next":"poems/02.09.24","NoFooter":false,"PoemOutDict":false,"Titles":null,"Number":"№245 (3028)"},"Active":true,"Catalog":"570ef2fcd07cda3e16f93ef7","Description":"<p class=\"poem\">Сегодня, ящик Пандоры открылся!<br>\r\nМир перешёл грани возможного!<br>\r\nМир людей теперь определился,<br>\r\nНачались, для людей, сложности!</p>\r\n\r\n<p class=\"poem\">Никто из сторон не хочет развязки!<br>\r\nТёмные силы пропели Гимн!<br>\r\nВсе обещания остались сказками,<br>\r\nНад людьми в Небе открылся Нимб!</p>\r\n\r\n<p class=\"poem\">Теперь, не ждите никаких объяснений!<br>\r\nЛюди перешли Мира границу!<br>\r\nОстановилось людей вверх движение!<br>\r\nБеда оказалась: внутри и между!</p>\r\n\r\n<p class=\"poem\">Сколько раз звучали предупреждения!<br>\r\nЛюди не хотели этого слышать,<br>\r\nБыло, в одну сторону, движение!<br>\r\nЛюди должны были беду ожидать!</p>\r\n\r\n<p class=\"poem\">Тьма поспешила к своей Победе!<br>\r\nАмерика возжелала Мировой бенефис,<br>\r\nНикто не думал о такой беде,<br>\r\nНикто не ожидал, Мировой кризис!</p>\r\n\r\n<p class=\"poem\">Создатель от Руси ожидал Прозрения,<br>\r\nИбо война &ndash; это всегда разруха!<br>\r\nНе было к общему Миру движения,<br>\r\nНа войне желают: ни пера и ни пуха!</p>\r\n\r\n<p class=\"poem\">Оказалось, что стороны хотят войны,<br>\r\nПричём войны до своей Победы,<br>\r\nНикто не ожидал такой для всех беды,<br>\r\nВойна &ndash; это Мира подмена!</p>\r\n\r\n<p class=\"poem\">Каждая сторона твердит своё!<br>\r\nВ Америке есть силовая система,<br>\r\nВ России, сегодня, как вороньё,<br>\r\nКриминальная открылась тема!</p>\r\n\r\n<p class=\"poem\">Великая страна потеряла себя!<br>\r\nНарод проявил в Духе слабость!<br>\r\nПотерялась для страны в Духе стезя,<br>\r\nПотерялась у Руси в Духе зрелость!</p>\r\n\r\n<p class=\"poem\">Тьма пошла ва-Банк, сегодня!<br>\r\nЭто называется «кость в кость»!<br>\r\nРоссия не послушалась Меня,<br>\r\nНе получилось проявить стойкость!</p>\r\n\r\n<p class=\"poem\">Теперь, бездарная власть проиграла,<br>\r\nПравительство &ndash; пустое место!<br>\r\nРоссия ничего не выиграла,<br>\r\nРоссии надо воевать с Богом, вместе!</p>\r\n\r\n<p class=\"poem\">Стыдно, но Дух проиграл убожеству!<br>\r\nОт Вас на Вече прозвучало желание!<br>\r\nСегодня, бесславию, звучит торжество!<br>\r\nНет у людей нужного образования!</p>\r\n\r\n<p class=\"poem\">Нужно было всё решать в Духе!<br>\r\nНужно было поменять власть!<br>\r\nЧто у руля есть вор &ndash; не слухи,<br>\r\nВот, когда, надо проявлять страсть!</p>\r\n\r\n<p class=\"poem\">Теперь остановить беду сложно,<br>\r\nМеняйте управление немедленно,<br>\r\nПоверьте, всё исправить можно,<br>\r\nНельзя действовать медленно!</p>\r\n\r\n<p class=\"poem\">У людей нет представлений!<br>\r\nКаждый человек живёт Надеждой!<br>\r\nСегодня, Историческое сражение,<br>\r\nТьма должна быть поверженной!</p>\r\n\r\n<p class=\"poem\">Помните, что для Вас нет хода назад,<br>\r\nНужен уверенный шаг!<br>\r\nНет для Духа никаких преград,<br>\r\nСрочно поднимите свой Флаг!</p>\r\n\r\n<p class=\"poem\"><b>Теперь Ваша Воля &ndash; это спасение!<br>\r\nВам надо встать, сразу, против всех!<br>\r\nЭто Вам от Создателя повеление!<br>\r\nБог очистит Ваш Путь от помех!</b></p>\r\n\r\n<p class=\"noind\">Да будет Свет Истины!<br>\r\nОтец Абсолют или Высший Космический Разум!</p>\r\n","Files":null,"Date":"2024-09-01T10:51:27.24+03:00","DateChange":"2024-09-01T10:52:05.55+03:00","Link":"poems/01.09.24","Id":"66d41d25ee2d46eb68f30b28","Srv":"otk","Deleted":false,"Titles":["Только Ваша Воля – это спасение!"]}
{"Data":{"Next":"poems/01.09.24","NoFooter":false,"PoemOutDict":false,"Titles":null,"Number":"№244 (3027)"},"Active":true,"Catalog":"570ef2fcd07cda3e16f93ef7","Description":"<p class=\"poem\">Всё, что происходит в Мире есть Промысел Бога!<br>\r\nУ человека есть свой собственный Промысел!<br>\r\nЛюди должны добиться Равенства и Любви в Итоге!<br>\r\nНадо реализовать Главный, Создателя, Замысел!</p>\r\n\r\n<p class=\"poem\">Всё будет в Мире, как решил Создатель!<br>\r\nЛюди &ndash; это Сущности, стремящиеся к Богу!<br>\r\nБольшинство людей живут, словно, обыватели,<br>\r\nКоторые только и ждут своего Конца или Итога!</p>\r\n\r\n<p class=\"poem\">Проявление человека &ndash; это борьба за жизнь!<br>\r\nШекспир спрашивал: быть или не быть?<br>\r\nЧеловек при жизни должен определить,<br>\r\nКак он, сам, должен в Духе жить?</p>\r\n\r\n<p class=\"poem\">Тьма &ndash; это жизни противопоставление!<br>\r\nЧеловек, постоянно, находится перед выбором:<br>\r\nВ какую сторону должно быть движение?<br>\r\nБольшинство людей, жизнь рубит, как топором!</p>\r\n\r\n<p class=\"poem\">Но такое решение ничего не стоит,<br>\r\nЭто выбор, только, под властью Тьмы,<br>\r\nТолько войны и революции людей блокируют,<br>\r\nЖизнь в такое время, есть подобие кутерьмы!</p>\r\n\r\n<p class=\"poem\">Сегодня, в конце Пятой Эпохи, надо решить,<br>\r\nБыть или не быть, вопрос для всего Мира?<br>\r\nПридётся решить: жить или не жить:<br>\r\nНакануне, Перехода или Великого пира!</p>\r\n\r\n<p class=\"poem\">Война Славян усложнила все обстоятельства!<br>\r\nНет Глобальной Цели у этой борьбы,<br>\r\nГлавное для Тьмы, что война состоялась,<br>\r\nМир оказался, в преддверии, последней войны!</p>\r\n\r\n<p class=\"poem\">Силы Света и Тьмы спешат, но не получается!<br>\r\nСразились в схватке Тьма и Свет!<br>\r\nСоздатель получил вопрос и ответ, так случается,<br>\r\nЛюдям очень нужен от Создателя Совет!</p>\r\n\r\n<p class=\"poem\">Новая Эпоха &ndash; это Новые, для жизни соотношения!<br>\r\nЛюди спешат занять предложенные места,<br>\r\nТеперь, не будет просто движения,<br>\r\nПоменяется в Пространстве и частота!</p>\r\n\r\n<p class=\"poem\">Теперь, накануне, Создатель выстраивает порядок!<br>\r\nКаждый человек должен понимать построение!<br>\r\nНе нужно будет людям никаких указок,<br>\r\nБудет, только на Создателя, равнение!</p>\r\n\r\n<p class=\"poem\">Кто-то очень хочет подняться в Небо!<br>\r\nКто-то не спешит никуда!<br>\r\nДаже Ваше Великое Вече &ndash; это ещё Небыль,<br>\r\nВами была поднята до Неба волна!</p>\r\n\r\n<p class=\"poem\">Россия решила, что на Всё готова!<br>\r\nОстаётся сделать в Завтра один Шаг!<br>\r\nНе нужна России, на счастье, подкова,<br>\r\nВам надо поставить срочно Тьме мат!</p>\r\n\r\n<p class=\"poem\">Это очень важно, кто сегодня впереди!<br>\r\nУ России теперь Новая позиция,<br>\r\nРоссии надо твёрдо к Богу идти,<br>\r\nМосква, теперь в Духе, всего Мира, Столица!</p>\r\n\r\n<p class=\"poem\">Россия начинает свой Новый путь,<br>\r\n&laquo;Путь из Варяг в Греки&raquo;,<br>\r\nРоссия &ndash; это Главная, теперь, в Мире Суть!<br>\r\nСоздатель Ваш Путь давно отметил!</p>\r\n\r\n<p class=\"poem\">Помните, деньги ничего не значат!<br>\r\nТолько в Пятой Эпохе это было всего важнее!<br>\r\nДеньги будущее больше не определяют,<br>\r\nЛюди поймут это немного позднее!</p>\r\n\r\n<p class=\"poem\">Теперь Промысел, вместе, Бога и человека!<br>\r\nНельзя остановить это движение!<br>\r\nВы есть &ndash; Начало Начал Нового века!<br>\r\nНачинается Великое Преображение!</p>\r\n\r\n<p class=\"noind\">Да будет Свет Истины!<br>\r\nОтец Абсолют или Высший Космический Разум!</p>\r\n","Files":null,"Date":"2024-08-31T11:37:34.349+03:00","DateChange":"2024-08-31T11:38:13.117+03:00","Link":"poems/31.08.24","Id":"66d2d675a46e55d4f807974e","Srv":"otk","Deleted":false,"Titles":["Россия решила, что на всё готова!"]}
{"Data":{"Next":"poems/31.08.24","NoFooter":false,"PoemOutDict":false,"Titles":null,"Number":"№243 (3026)"},"Active":true,"Catalog":"570ef2fcd07cda3e16f93ef7","Description":"<p class=\"poem\">Теперь, весь Мир в ожидании Чуда!<br>\r\nВ воздухе повисло Начало Начал!<br>\r\nВ Ваших Душах желание быть повсюду,<br>\r\nРоссия, теперь, Нового Мира Причал!</p>\r\n\r\n<p class=\"poem\">Казалось, что так, неожиданно, всё случилось!<br>\r\nХотя всем понятно, что не бывает случая!<br>\r\nПросто, всё так, неожиданно, проявилось,<br>\r\nВся прошлая жизнь, ушла, мгновенно, в прочее!</p>\r\n\r\n<p class=\"poem\">20 лет пролетели, как одно Мгновение!<br>\r\nНачало было принято давно на Небе!<br>\r\nМессия был выбран, как Начало движения!<br>\r\nЕсть Небесные отметины на Его челе!</p>\r\n\r\n<p class=\"poem\">Небо знает все Мессии приметы!<br>\r\nКаждая отметина &ndash; это Небесный знак!<br>\r\nСоздатель каждого человека метит,<br>\r\nУ Мессии есть свой, особенный, признак!</p>\r\n\r\n<p class=\"poem\">У каждого человека, свой жизненный Путь!<br>\r\nНо, есть и от Создателя Направление!<br>\r\nЧеловек должен реализовать свою Суть,<br>\r\nСоздатель даёт человеку, подтверждение!</p>\r\n\r\n<p class=\"poem\">Путь человека не линия, а &ndash; дорога!<br>\r\nВозможны на Пути внешние испытания!<br>\r\nСоздатель с Пути человека, удаляет пороги,<br>\r\nГлавное &ndash; это движения Направление!</p>\r\n\r\n<p class=\"poem\">Мессия &ndash; это, конечно, особый случай!<br>\r\nУдачный опыт передаётся по поколениям,<br>\r\nЧеловек, при проявлении, Судьбу свою получает,<br>\r\nМессия &ndash; это Историческое явление!</p>\r\n\r\n<p class=\"poem\">Точкой отсчёта Эпохи, всегда есть Мессия!<br>\r\nОн переводит людей из Эпохи в Эпоху!<br>\r\nВести людей в Духе &ndash; это его Миссия,<br>\r\nНичего не бывает для людей сходу!</p>\r\n\r\n<p class=\"poem\">Мессия даёт людям Направление!<br>\r\nВ каждой Эпохе, отдельно, своё!<br>\r\nВ каждой Эпохе &ndash; это Историческое движение!<br>\r\nМессия &ndash; это реализация направления Моего!</p>\r\n\r\n<p class=\"poem\">26 Августа у Вас, и у Неба, всё получилось!<br>\r\nМессия готовил Вам этот День 20 лет!<br>\r\nЗначит, много в Духе хорошего, у Вас накопилось,<br>\r\nСоздатель подготовил, для Вас, в Космос билет!</p>\r\n\r\n<p class=\"poem\">Каждая Эпоха &ndash; это шаг Эволюции вперёд!<br>\r\nЛюди из Материи переходят в Энергию!<br>\r\nЛюди, сегодня, уже необычный Народ,<br>\r\nОни перейдут в Новую Эпоху, уже, без потери!</p>\r\n\r\n<p class=\"poem\">Все войны и революции &ndash; испытания и пробы!<br>\r\nПробы не пера, а ситуации,<br>\r\nЕсть у человека в Духе внутренняя утроба!<br>\r\nСегодня, начинается Тонкого Мира, акция!</p>\r\n\r\n<p class=\"poem\">Новый Путь Вам всем уже намечен!<br>\r\nНачинается людей внутренняя трансформация!<br>\r\nЭволюция человека &ndash; это процесс Вечный!<br>\r\nКаждая Эпоха это есть своя акция!</p>\r\n\r\n<p class=\"poem\">Люди прошли Материю древних времён!<br>\r\nБыли у Вас взлёты и были падения!<br>\r\nНи один человек не был напрасно погребён,<br>\r\nЧеловек в жизни, всегда искал решения!</p>\r\n\r\n<p class=\"poem\">Пятая Эпоха исчерпала, совсем, себя!<br>\r\nВойна доказала, что нужно принять решение!<br>\r\nОтстала от ритма Эволюции Планета Земля!<br>\r\nОстановилось с Союзом, людей, вверх движение!</p>\r\n\r\n<p class=\"poem\">Повторять Путь запрещено людям, опять или снова!<br>\r\nВозвращение для людей запрещено!<br>\r\nЗапрещено, даже, искать для этого повод,<br>\r\nЗа каждой Эпохой своё развитие закреплено!</p>\r\n\r\n<p class=\"poem\">Вы переходите, в соответствии с Эволюцией!<br>\r\nПятая Эпоха остаётся уже позади!<br>\r\nВы прошли все войны и революции,<br>\r\nКапитализм, Ваш опыт Союза, разорил!</p>\r\n\r\n<p class=\"poem\">Вы уступили, Создатель ждал начинать сначала!<br>\r\nВы проявили 26 Августа Волю людей-Богов!<br>\r\nВы предложили Россию, в качестве, Причала,<br>\r\nВы сами освободили себя от оков!</p>\r\n\r\n<p class=\"poem\">Каждая Эпоха имеет свои последствия!<br>\r\nПятая Эпоха несла с собой рабство,<br>\r\nВы на Вече приняли на себя ответственность:<br>\r\nОчистить от всех грехов это Пространство!</p>\r\n\r\n<p class=\"poem\">Ваша Воля открыла Эпоху!<br>\r\nЭпоху Великого Преображения!<br>\r\nТеперь, через 20 лет, у Вас получилось сходу,<br>\r\nВ Небо людей-Богов Возвращение!</p>\r\n\r\n<p class=\"noind\">Да будет Свет Истины!<br>\r\nОтец Абсолют или Высший Космический Разум!</p>\r\n","Files":null,"Date":"2024-08-30T11:11:19.785+03:00","DateChange":"2024-08-30T11:11:48.719+03:00","Link":"poems/30.08.24","Id":"66d17ec41c665ce2b3f398dc","Srv":"otk","Deleted":false,"Titles":["Ваша Воля открыла Эпоху!"]}
{"Data":{"Next":"poems/30.08.24","NoFooter":false,"PoemOutDict":false,"Titles":null,"Number":"№242 (3025)"},"Active":true,"Catalog":"570ef2fcd07cda3e16f93ef7","Description":"<p class=\"poem\">Обстановка в Мире и на Руси всё накаляется!<br>\r\nПодходит время уже, Новой, Шестой Эпохи!<br>\r\nТьма или Власть Тьмы очень старается,<br>\r\nЕй надо остановить в Духе людей потоки!</p>\r\n\r\n<p class=\"poem\">Тьма старается погубить больше людей!<br>\r\nДля Тьмы важно, чтобы погибло много!<br>\r\nВойна на границе Эпох всего важней,<br>\r\nВойна должна во Тьму убрать многих!</p>\r\n\r\n<p class=\"poem\">Тьме не важно, что есть с Создателем Договор!<br>\r\nЧто Россия согласилась на условия Бога!<br>\r\nПо-прежнему, у руля России остаётся вор,<br>\r\nНет пока, ожидаемых от Руси, Итогов!</p>\r\n\r\n<p class=\"poem\">Пошла информация о том, что решили люди,<br>\r\nВ этом отношении, прошедшее Вече &ndash; это сигнал!<br>\r\n26 августа прозвучала Прелюдия,<br>\r\nСоздатель, после этого, объявил на Планете аврал!</p>\r\n\r\n<p class=\"poem\">Теперь уже не война, а Небо всё решает!<br>\r\nГлавное, как изменится для всех Завтра?<br>\r\nСоздатель, скоро вслух это объявит,<br>\r\nДля будущего Планеты Правду!</p>\r\n\r\n<p class=\"poem\">Одно понятно: на Вече Русь приняла решение!<br>\r\nТочнее, на Вече Народ России решил!<br>\r\nНа Тонком плане, после этого, началось движение,<br>\r\nПрозвучал в Небе Первый и Общий Посыл!</p>\r\n\r\n<p class=\"poem\">Россия попросила поменять управление!<br>\r\nСоздатель, стрелки перевёл на Себя!<br>\r\nТеперь в Сознаниях людей началось брожение,<br>\r\nЛюди, теперь, оглядываются лишь на Меня!</p>\r\n\r\n<p class=\"poem\"><b>Создатель подготовил для власти смену!<br>\r\nНельзя военным управлять этой страной,<br>\r\nНачалась Духовная в стране перемена,<br>\r\nСоздатель отвечает за Русь головой!</b></p>\r\n\r\n<p class=\"poem\">Была подготовлена Матрица Новых людей!<br>\r\nНо, люди не проходили ещё испытания,<br>\r\nМессия от Бога, уже, как Прометей,<br>\r\nОстановит людей-Богов пустые скитания!</p>\r\n\r\n<p class=\"poem\">Сегодня, открывается дверь к Богу!<br>\r\nНо, на этом пути будет стоять Заслон!<br>\r\nКаждый человек должен подвести Итоги,<br>\r\nЧтобы пройти, есть ещё Тьмы, рубикон!</p>\r\n\r\n<p class=\"poem\">Нужно открыть срочно Школу Бога!<br>\r\nШколу Бога, сначала для Учителей!<br>\r\nПроверьте своё построение в Итоге,<br>\r\nВам, будет тогда понятно, кто умней!</p>\r\n\r\n<p class=\"poem\">Сейчас, у Вас эйфория, ожидаемого Полёта!<br>\r\nВы достигли момента Великого Старта,<br>\r\nНо, это только подготовка Вас к взлёту,<br>\r\nВам, всем, надо ещё постараться!</p>\r\n\r\n<p class=\"poem\"><b>Создатель может понять Вашу Радость!<br>\r\nНа Вече царило Равенство и Любовь людей!<br>\r\nПоверьте, нет для Создателя слова &laquo;старость&raquo;!<br>\r\nВы – это Первый Отряд из Богов-людей!</b></p>\r\n\r\n<p class=\"poem\"><b>Это от Вас пойдёт Старт Начала Начал!<br>\r\nВы заслужили это Мгновение!<br>\r\nБог не видел таких счастливых очей,<br>\r\nВы показали, Новые среди людей отношения!</b></p>\r\n\r\n<p class=\"poem\">Пусть это только Вече, но было Ваше решение!<br>\r\nТакого решения, люди ещё не принимали,<br>\r\nВы, на Вече, к Новому Миру открыли движение!<br>\r\nВы счастья такого, ещё сами, не понимали!</p>\r\n\r\n<p class=\"poem\">Я Вам после Вече сказал, что Создатель принял,<br>\r\nПринял Вашу Волю, как крик страдающей Души,<br>\r\nСоздатель Вашему Сознанию внял,<br>\r\nТеперь Ваше Пламя никому не потушить!</p>\r\n\r\n<p class=\"poem\">Война затихнет по Вашей Воле,<br>\r\nМир поймёт, что случилось Чудо!<br>\r\nЛюди поймут, что меняется людей Доля,<br>\r\nЗначит, время Тёмных сил прошло!</p>\r\n\r\n<p class=\"poem\">Теперь Россия начнёт применять Матрицу,<br>\r\nКоторая формировалась 20 лет,<br>\r\nРоссия уже Новой Истории Мира пишет страницу,<br>\r\nСоздатель, людям в будущее готовит Билет!</p>\r\n\r\n<p class=\"poem\">Учителя пройдут Школу Бога в Духе!<br>\r\nУчителя Света в Духе почти готовы!<br>\r\nЧто записаны 30 томов Знаний не слухи,<br>\r\nШкола Бога &ndash; это Белой религии Основы!</p>\r\n\r\n<p class=\"poem\">Теперь, постепенно, пойдёт информация:<br>\r\nПо Воле России Мир изменился,<br>\r\nНачинается Белой религии в Мире акция,<br>\r\nСоздатель с Началом Новой Эпохи определился!</p>\r\n\r\n<p class=\"noind\">Да будет Свет Истины!<br>\r\nОтец Абсолют или Высший Космический Разум!</p>\r\n","Files":null,"Date":"2024-08-29T11:39:37.801+03:00","DateChange":"2024-08-29T11:40:22.185+03:00","Link":"poems/29.08.24","Id":"66d033f68f047126a4f6fc6b","Srv":"otk","Deleted":false,"Titles":["Создатель подготовил для власти смену!"]}
{"Data":{"Next":"poems/29.08.24","NoFooter":false,"PoemOutDict":false,"Titles":null,"Number":"№241 (3024)"},"Active":true,"Catalog":"570ef2fcd07cda3e16f93ef7","Description":"<p class=\"poem\">Одного решения человека ещё недостаточно!<br />Мир должен услышать, человека намерение!<br />Человек сам, по существу, есть явление остаточное!<br />Человек, прежде всего, Вечное движение!</p>\n<p class=\"poem\">Человек если хочет, то сделать всё может!<br />Но, обстоятельства создаёт Создатель!<br />В Истории должны совпадать &laquo;может&raquo; и &laquo;можно&raquo;!<br />Не понимает этого, только пустой обыватель!</p>\n<p class=\"poem\">Человек от Бога, как натянутая струна!<br />Это Высокое внутреннее напряжение!<br />Такого человека ведёт на Небе Звезда,<br />Такой человек для Создателя &ndash; исключение!</p>\n<p class=\"poem\">В жизни сам человек ничего не может!<br />Такой человек &ndash; как Момент ожидания!<br />Только Создатель обстоятельства всё сложит,<br />Чтобы сложилось, однажды, с Мечтой свидание!</p>\n<p class=\"poem\">Жизнь человека &ndash; это Мечте служение!<br />Это сложение Момента встречи и ожидания!<br />Только в этом случае начинается движение,<br />Счастье всегда рядом с ожиданием и страданием!</p>\n<p class=\"poem\">Проявление Воли &ndash; это ещё не успех!<br />Это предтеча Великого счастья!<br />Тьма готовит для человека много помех,<br />Тьма готовит грозу и ненастья!</p>\n<p class=\"poem\">В этот Момент всё должно, вместе, быть!<br />Состояние человека, как натянутая струна!<br />Человек не может долго в таком состоянии жить,<br />Человек, как Энергетический разрыв, ядра!</p>\n<p class=\"poem\">Помните, что это только Мгновение!<br />В этот Момент человек поступает, как Бог!<br />Меняется, тогда, Истории Мира поведение,<br />Исторический наступает, тогда, Итог!</p>\n<p class=\"poem\">Первый Ваш Шаг &ndash; это проявление Воли!<br />Второе, Вам надо от Неба ожидать Момент!<br />Ожидание Счастья свершения &ndash; это Доля,<br />Счастья свершения Воли &ndash; Ваш аргумент!</p>\n<p class=\"poem\">Жизнь человека &ndash; это его один Этап!<br />Главное, это Этап проявления Воли!<br />Есть ещё и ожидания Счастья Этапы!<br />Напрасное ожидание &ndash; это тяжёлая Доля!</p>\n<p class=\"poem\">Вы на Вече проявили Волю, наконец, вместе!<br />Это есть самый Главный аргумент!<br />Вече для этого &ndash; самое лучшее место!<br />Для Неба и Создателя, Вече есть документ!</p>\n<p class=\"poem\">Важно, что Вы проявили Вместе свою Волю!<br />Такого Единения ещё не было никогда!<br />Ваша Воля, теперь, изменит всех людей Долю!<br />Мир изменится, после этого, Навсегда!</p>\n<p class=\"poem\">Теперь, Вам надо включить Этап ожидания!<br />Необходима внутренняя подготовка!<br />Ваша жизнь &ndash; это будущее с Мечтой свидание!<br />Это в Духе для Вас Новая установка!</p>\n<p class=\"poem\">Теперь, уже Создатель готовит Момент встречи!<br />Великую встречу человека с Мечтой!<br />Создатель её 20 лет назад наметил,<br />Встреча была омрачена войной!</p>\n<p class=\"poem\">Главное для Неба, что Вы сделали всё сами!<br />20 лет Создатель вёл Вас к этому!<br />Вы, наконец, сели в свои сани,<br />Вы на Вече решились поэтому!</p>\n<p class=\"poem\">Теперь у Вас Этап ожидания!<br />Но, ожидания не в пустоту!<br />Создатель, конечно, проявит старание,<br />Чтобы случиться для Вас тому!</p>\n<p class=\"poem\">Просто встреча, не нужна никому!<br />Нужна Историческая для всех встреча!<br />Встреча должна к Победному привести концу,<br />За которым люди увидят Солнечный ветер!</p>\n<p class=\"poem\">Такие события бывают в Вечности раз!<br />Это есть Переход в Новую Эру!<br />Не нужен тогда никакой приказ,<br />Энергия Любви есть и будет мерой!</p>\n<p class=\"poem\">Вы решились, ждите Бога ответ потом!<br />Главное, открылось в Духе движение!<br />Человек изменил этот Мир одним днём,<br />Началось Историческое Мира Преображение!</p>\n<p class=\"noind\">Да будет Свет Истины!<br />Отец Абсолют или Высший Космический Разум!</p>","Files":null,"Date":"2024-08-28T11:12:03.251+03:00","DateChange":"2024-08-28T11:12:36.494+03:00","Link":"poems/28.08.24","Id":"66cedbf48f047126a4f6fc6a","Srv":"otk","Deleted":false,"Titles":["Первый Ваш шаг – это проявление Воли!"]}
